{
"type": "FeatureCollection",
"name": "yucatan",
"crs": { "type": "name", "properties": { "name": "urn:ogc:def:crs:OGC:1.3:CRS84" } },
"features": [
{ "type": "Feature", "properties": { "estado": "Yucatán","capital": "Mérida","color": "#2E7D32" }, "geometry": { "type": "MultiPolygon", "coordinates": [ [ [ [ -92.224100001042814, 20.907999980947523 ], [ -92.224700000849282, 20.90729998071243 ], [ -92.225300001109289, 20.907399981176521 ], [ -92.226400001665567, 20.907799981008196 ], [ -92.226600001213853, 20.907899981416026 ], [ -92.227400001123414, 20.907699980703981 ], [ -92.227500000831398, 20.907299980870636 ], [ -92.227700001356212, 20.906499981516948 ], [ -92.227900000804993, 20.905799981131761 ], [ -92.228200001066952, 20.904999981244401 ], [ -92.229500000807178, 20.904299981040246 ], [ -92.230200001373234, 20.903899980942672 ], [ -92.231200000824742, 20.903499980978662 ], [ -92.232200001080798, 20.902999981221488 ], [ -92.233500001063248, 20.902699980676115 ], [ -92.234400001151144, 20.902599981214777 ], [ -92.235000001304428, 20.901799980840298 ], [ -92.235400000889939, 20.901299980912103 ], [ -92.236000001115642, 20.900599980590979 ], [ -92.237000001252326, 20.900499980905455 ], [ -92.237900001202007, 20.900199980859998 ], [ -92.238300001194247, 20.899699981257879 ], [ -92.238700001630107, 20.898899980476045 ], [ -92.238900001413541, 20.898499981304763 ], [ -92.239800001122717, 20.898399980502809 ], [ -92.24090000135287, 20.898899981163368 ], [ -92.242100000974361, 20.899399980841299 ], [ -92.242600001555147, 20.899899980960679 ], [ -92.243700001413117, 20.900299981063178 ], [ -92.244900001288002, 20.900899980789283 ], [ -92.245300001190998, 20.901799981078952 ], [ -92.245100001303967, 20.902599981123927 ], [ -92.24450000161292, 20.902999980664852 ], [ -92.244100001198973, 20.903599980916546 ], [ -92.243000001640794, 20.904199980486858 ], [ -92.24200000094342, 20.904799980982993 ], [ -92.241100000935546, 20.905199981013517 ], [ -92.239700000858491, 20.905699980427748 ], [ -92.239300001149218, 20.906499981194965 ], [ -92.237000001202048, 20.907299981081088 ], [ -92.236000001271478, 20.90789998130975 ], [ -92.234800001181142, 20.908499980798833 ], [ -92.232800000814322, 20.909199980918679 ], [ -92.231200001574848, 20.909699980663468 ], [ -92.230000001114988, 20.910199981151585 ], [ -92.228600001432085, 20.910599981078704 ], [ -92.227900001574227, 20.91099998095649 ], [ -92.227500001200411, 20.911799980938262 ], [ -92.22710000147633, 20.912399981322956 ], [ -92.226100001073391, 20.913199980763636 ], [ -92.225300001597603, 20.913599980918637 ], [ -92.224700001376348, 20.913699981512583 ], [ -92.222800001252807, 20.913099981353625 ], [ -92.222400001501484, 20.912899981102022 ], [ -92.221800000975392, 20.912099981355869 ], [ -92.222000001494351, 20.911199981249116 ], [ -92.222400000824862, 20.910199980840304 ], [ -92.222900001527663, 20.909599981317275 ], [ -92.223600001091853, 20.908799981316548 ], [ -92.224100001042814, 20.907999980947523 ] ] ], [ [ [ -92.200500000994225, 20.924099981332045 ], [ -92.20070000134487, 20.923999981277206 ], [ -92.201100001456652, 20.924099981342529 ], [ -92.201300001066201, 20.924499981162047 ], [ -92.201500000757889, 20.924799981316603 ], [ -92.201200001436902, 20.925199981768792 ], [ -92.201000001000494, 20.925199981335822 ], [ -92.200600000959184, 20.92519998155592 ], [ -92.200200001169378, 20.924599981898638 ], [ -92.200300001310111, 20.924199981193507 ], [ -92.200500000994225, 20.924099981332045 ] ] ], [ [ [ -92.198200001597826, 20.925799981496429 ], [ -92.198900000960208, 20.925399981362588 ], [ -92.199600000686644, 20.925599981232015 ], [ -92.199600001550721, 20.926199981615913 ], [ -92.199300001138951, 20.926399981711509 ], [ -92.198800001041832, 20.926799981188996 ], [ -92.198400000873789, 20.927099981489761 ], [ -92.198200000720021, 20.927699981647319 ], [ -92.197900001193815, 20.928099981968945 ], [ -92.197600001125394, 20.928699981640069 ], [ -92.197300000736234, 20.928799981510821 ], [ -92.197000001131869, 20.928499981231852 ], [ -92.197000001090998, 20.928199981565069 ], [ -92.197000001382719, 20.927499981692094 ], [ -92.197200000709614, 20.926999981684816 ], [ -92.197500000832989, 20.926399981795875 ], [ -92.198200001597826, 20.925799981496429 ] ] ], [ [ [ -92.204100001076668, 20.924999981330508 ], [ -92.20510000104656, 20.924399981344362 ], [ -92.205000001196098, 20.923199981458229 ], [ -92.20470000107801, 20.923099981479677 ], [ -92.203600001206979, 20.923299981317001 ], [ -92.203100001118216, 20.923399981931308 ], [ -92.202700000943338, 20.922599981417815 ], [ -92.202700000940112, 20.922499981280481 ], [ -92.203000000933628, 20.921999981958862 ], [ -92.203300001590591, 20.921699981581142 ], [ -92.204000001588824, 20.921099981579246 ], [ -92.20470000093573, 20.920499981695642 ], [ -92.205700001025846, 20.919399981099136 ], [ -92.206600001018586, 20.918699981265362 ], [ -92.207500000964458, 20.917999981598676 ], [ -92.208300001363426, 20.91739998127586 ], [ -92.209500000881917, 20.916399981589219 ], [ -92.210600001238959, 20.915899981866378 ], [ -92.211500001193897, 20.915399981844907 ], [ -92.212300001448227, 20.91499998115977 ], [ -92.212800001401504, 20.914399981424626 ], [ -92.212800000712079, 20.914299981366383 ], [ -92.213000001362616, 20.913499981238107 ], [ -92.213700001038475, 20.9134999812856 ], [ -92.214400001364496, 20.913599981685824 ], [ -92.215300001435992, 20.913599981074707 ], [ -92.215700000803906, 20.91389998129144 ], [ -92.215900000891139, 20.914299981103422 ], [ -92.216100001415299, 20.915199981107875 ], [ -92.216100001161664, 20.915899981563506 ], [ -92.215600001370504, 20.916599981254699 ], [ -92.21510000109356, 20.917099981566274 ], [ -92.214600000795102, 20.917499981410803 ], [ -92.214000001261823, 20.917899981532553 ], [ -92.213600000982481, 20.918399981013206 ], [ -92.213700001341167, 20.919099981575076 ], [ -92.214100001072481, 20.919499981136646 ], [ -92.214600001606399, 20.919099981835917 ], [ -92.215300001511991, 20.918599981708315 ], [ -92.215800000792555, 20.9181999808999 ], [ -92.216500001353836, 20.917799981721927 ], [ -92.217100001086777, 20.917599981453126 ], [ -92.217500001565583, 20.918199981474984 ], [ -92.217300000776177, 20.918899981367741 ], [ -92.21710000074448, 20.919399981199049 ], [ -92.216300000914458, 20.920199981732182 ], [ -92.215700001679096, 20.920999980962893 ], [ -92.214800001057142, 20.921799981115917 ], [ -92.214000001284703, 20.922699981376589 ], [ -92.213100000816681, 20.923299981683691 ], [ -92.212100000729023, 20.924199981079298 ], [ -92.211000001470509, 20.924799981073154 ], [ -92.209600001301524, 20.925299981284077 ], [ -92.208700000882246, 20.925599981608563 ], [ -92.208200000752015, 20.925499981039572 ], [ -92.207600001129165, 20.925399981103773 ], [ -92.207100001470721, 20.925099981212529 ], [ -92.206700000919994, 20.925099981906424 ], [ -92.206600001128095, 20.925399981197501 ], [ -92.206700001216959, 20.926399981286 ], [ -92.206600001438716, 20.926899981372486 ], [ -92.206800001619015, 20.927799981203108 ], [ -92.206800001071798, 20.928599981907826 ], [ -92.206600001264334, 20.92949998174031 ], [ -92.206500000806187, 20.930099981564922 ], [ -92.206100001435431, 20.930799981603972 ], [ -92.205400001161578, 20.931499981986832 ], [ -92.204600001236145, 20.931899981297086 ], [ -92.204300000869708, 20.931999981623605 ], [ -92.203800000827044, 20.932499981920429 ], [ -92.203600000985418, 20.93309998121368 ], [ -92.203200001332604, 20.933799982034518 ], [ -92.20310000077879, 20.934099981643879 ], [ -92.202400001229975, 20.934499981811634 ], [ -92.201800001293179, 20.934499981737694 ], [ -92.200700000817008, 20.93459998193012 ], [ -92.20020000082522, 20.934199981383902 ], [ -92.19930000154956, 20.933699982027616 ], [ -92.198800001081565, 20.933399981306401 ], [ -92.198200001307256, 20.931799981311531 ], [ -92.198300001231203, 20.93099998191321 ], [ -92.198400001228961, 20.930099982106942 ], [ -92.198900000780782, 20.92929998175163 ], [ -92.199400001583442, 20.928599981344878 ], [ -92.200400001562443, 20.927499981931607 ], [ -92.201800000879146, 20.926699982035739 ], [ -92.202800001055294, 20.925599981389599 ], [ -92.204100001076668, 20.924999981330508 ] ] ], [ [ [ -92.302500001358567, 20.989399978888002 ], [ -92.302000001390283, 20.989299978064842 ], [ -92.301500001112188, 20.989299978124667 ], [ -92.300800001670567, 20.989299978428335 ], [ -92.300100001037421, 20.98919997825713 ], [ -92.299200001024516, 20.988999978259976 ], [ -92.298600001172801, 20.988699978647695 ], [ -92.298000001134682, 20.988199978461665 ], [ -92.29800000122313, 20.987499978980946 ], [ -92.298200000948171, 20.986999978854197 ], [ -92.298900001775749, 20.986899978760643 ], [ -92.299500001785987, 20.986999978615994 ], [ -92.300300001575167, 20.987299978535248 ], [ -92.300900001461414, 20.987299978427636 ], [ -92.301500000894805, 20.98699997860539 ], [ -92.3017000018544, 20.986399978077191 ], [ -92.301400001086165, 20.985799978267266 ], [ -92.301100001582498, 20.985399978150568 ], [ -92.300900001305834, 20.985199978657455 ], [ -92.301100001811193, 20.984399978646852 ], [ -92.301500001603216, 20.984299978960077 ], [ -92.302100001281502, 20.984099978712003 ], [ -92.30310000089122, 20.984199978503771 ], [ -92.304100001218913, 20.98389997867428 ], [ -92.304800001100759, 20.98349997862821 ], [ -92.305700001485633, 20.983099978379151 ], [ -92.306600001032919, 20.982399978419068 ], [ -92.307400001433081, 20.9813999781136 ], [ -92.307900001368878, 20.980299977912306 ], [ -92.308000001408942, 20.979799978079551 ], [ -92.308000001230056, 20.979299978045542 ], [ -92.307400000892443, 20.978199978689066 ], [ -92.307300001246702, 20.977999978347174 ], [ -92.306700000922447, 20.977599978217349 ], [ -92.306400001176669, 20.977099978005597 ], [ -92.307100001799455, 20.976399978369734 ], [ -92.308200001333375, 20.97609997849489 ], [ -92.309500001001922, 20.975399978692405 ], [ -92.310500001386131, 20.974799978263821 ], [ -92.31140000089691, 20.974399978689544 ], [ -92.312900001583202, 20.973199978148305 ], [ -92.313700001106383, 20.972699978149681 ], [ -92.314800001535104, 20.972299978075906 ], [ -92.316200000938338, 20.971899977773706 ], [ -92.317100001509687, 20.971499977745076 ], [ -92.318600001439023, 20.971199978364989 ], [ -92.319800001389041, 20.971599977898169 ], [ -92.319700001255953, 20.971999978092544 ], [ -92.319400000996197, 20.972899978021182 ], [ -92.319800001435411, 20.97369997847035 ], [ -92.320000001105228, 20.973899978250508 ], [ -92.320900000942842, 20.973699978232926 ], [ -92.321700001717673, 20.973399978208082 ], [ -92.322700001339157, 20.972999977697008 ], [ -92.323700001724262, 20.973599977776232 ], [ -92.324200000998815, 20.974199978095275 ], [ -92.324400001280736, 20.974999977787999 ], [ -92.324100001252305, 20.975599977988654 ], [ -92.323800001590698, 20.976299977799592 ], [ -92.323000001717361, 20.976799978105028 ], [ -92.322500000929168, 20.977099978105993 ], [ -92.321700001689692, 20.977599977966396 ], [ -92.321000001002517, 20.977899977811187 ], [ -92.320300001396205, 20.977899978248274 ], [ -92.319300001638481, 20.977699978312792 ], [ -92.318500000999762, 20.977899978447844 ], [ -92.317800001702139, 20.97809997778387 ], [ -92.317200001500922, 20.978599978203558 ], [ -92.316900001301207, 20.9790999779222 ], [ -92.315700001220549, 20.978999978297466 ], [ -92.315400001113076, 20.97949997834397 ], [ -92.315000001035628, 20.979999977846035 ], [ -92.314700001134611, 20.980099978032008 ], [ -92.3142000011877, 20.980099978422903 ], [ -92.313900001250161, 20.979999977932785 ], [ -92.312900001483229, 20.979599977914887 ], [ -92.312500001508567, 20.979799978062537 ], [ -92.312300001215789, 20.980399978330244 ], [ -92.312300000906674, 20.980899978587274 ], [ -92.312500001411649, 20.981599977850124 ], [ -92.312600001160916, 20.981899977996129 ], [ -92.313600001732368, 20.981999978598814 ], [ -92.31440000103278, 20.981599978540295 ], [ -92.31520000122508, 20.981399978494778 ], [ -92.316200001765694, 20.981199978039186 ], [ -92.317200001372782, 20.980599977855793 ], [ -92.318300001501811, 20.980399978553169 ], [ -92.31920000176568, 20.980399978045234 ], [ -92.319900001131401, 20.980399978173203 ], [ -92.320700000971968, 20.980399978063517 ], [ -92.321700001762437, 20.980399978460888 ], [ -92.322600001114907, 20.980199977676683 ], [ -92.323100001642956, 20.979599977727499 ], [ -92.324000001594328, 20.979399978399044 ], [ -92.324500001481468, 20.97939997790775 ], [ -92.325200000927026, 20.979499977632351 ], [ -92.325700001454507, 20.979599977673043 ], [ -92.326300001749885, 20.979999977722404 ], [ -92.326300000938957, 20.980199977481213 ], [ -92.326100000954682, 20.980699977627932 ], [ -92.325700001637117, 20.981099977839573 ], [ -92.325200001702228, 20.981599978303482 ], [ -92.32500000141394, 20.982199977938294 ], [ -92.324900001670144, 20.983299977679867 ], [ -92.325000001556944, 20.983499978024586 ], [ -92.324900001740559, 20.983899977971717 ], [ -92.323900001411687, 20.984599977678801 ], [ -92.322600000936674, 20.984999978397123 ], [ -92.321500001752639, 20.985399977700013 ], [ -92.320600001487762, 20.985599977658701 ], [ -92.320200001179515, 20.985499978383118 ], [ -92.320200001077694, 20.98499997846228 ], [ -92.320100001788219, 20.984399977927737 ], [ -92.31960000181077, 20.984099978259195 ], [ -92.319000001641882, 20.984399977909359 ], [ -92.318600001563937, 20.984599977707905 ], [ -92.31820000095351, 20.984999977726279 ], [ -92.318000001196253, 20.984999978046883 ], [ -92.317600001528078, 20.984499978437682 ], [ -92.317200001638099, 20.984599977751543 ], [ -92.317000001348362, 20.98479997797785 ], [ -92.316500001378657, 20.984699978151827 ], [ -92.316000001057219, 20.984599978444436 ], [ -92.315600001624432, 20.984399977963342 ], [ -92.315500001647962, 20.98489997815539 ], [ -92.315500001716799, 20.985399978240054 ], [ -92.315300001146014, 20.985999977924642 ], [ -92.315200001249508, 20.986399977750288 ], [ -92.315100001156821, 20.986699978591997 ], [ -92.314300001152958, 20.987099978119961 ], [ -92.314100001804803, 20.987499978264534 ], [ -92.313600001375335, 20.987499978405147 ], [ -92.312800001467366, 20.987399978436915 ], [ -92.312700001296392, 20.986999978426848 ], [ -92.312700001600831, 20.986599978151297 ], [ -92.313100001076819, 20.986199977980487 ], [ -92.313500001280246, 20.985899977946776 ], [ -92.313800001062205, 20.985699977992436 ], [ -92.314000001568743, 20.98499997827232 ], [ -92.313700001581253, 20.984699977957813 ], [ -92.313100001398567, 20.984599978582352 ], [ -92.312700001855049, 20.984999978030103 ], [ -92.312300001033336, 20.985199978433055 ], [ -92.312100001061594, 20.985499978329258 ], [ -92.311700001462896, 20.985899978475121 ], [ -92.311400001074901, 20.986299978347272 ], [ -92.311200001255443, 20.986599978429844 ], [ -92.310800001169866, 20.986899978497007 ], [ -92.310500001576926, 20.98739997834598 ], [ -92.310000001481896, 20.987699978359156 ], [ -92.309900001241559, 20.987999978656052 ], [ -92.308500000925946, 20.989499978070832 ], [ -92.307500001368993, 20.989999978181004 ], [ -92.30700000103154, 20.990099978777014 ], [ -92.306600001687457, 20.989899978752565 ], [ -92.306400001387118, 20.989899977949015 ], [ -92.306300001524562, 20.989499978392619 ], [ -92.305800000943734, 20.989099978489666 ], [ -92.305000001728061, 20.989199978111266 ], [ -92.304700000935043, 20.989899978409316 ], [ -92.304600001168893, 20.989899978184557 ], [ -92.304000001454753, 20.990199978386336 ], [ -92.303500001184091, 20.990199978841861 ], [ -92.302900001208798, 20.989899978644321 ], [ -92.302600001728848, 20.989699978191023 ], [ -92.302500001358567, 20.989399978888002 ] ] ], [ [ [ -92.079200000995456, 21.837799984468806 ], [ -92.079700001722713, 21.837499984942923 ], [ -92.080100001682595, 21.837599984474725 ], [ -92.08080000140319, 21.837799984489656 ], [ -92.081300001243363, 21.838299984234204 ], [ -92.081600001378646, 21.838399984153451 ], [ -92.081500000941276, 21.83899998488274 ], [ -92.081400001490493, 21.839299984482921 ], [ -92.081200001070073, 21.839699984167385 ], [ -92.08080000106267, 21.839999984961267 ], [ -92.080500001882982, 21.840299984504323 ], [ -92.07990000164304, 21.840099984604752 ], [ -92.079600000982381, 21.839799984580786 ], [ -92.079000001485255, 21.839299984805315 ], [ -92.078800001866554, 21.838799985027901 ], [ -92.078900001712185, 21.838199984382463 ], [ -92.079200000995456, 21.837799984468806 ] ] ], [ [ [ -88.283876809408369, 21.564494334750105 ], [ -88.283819488990332, 21.564465241163838 ], [ -88.283802450540847, 21.564463858095664 ], [ -88.283772403769831, 21.564434880620055 ], [ -88.28375888352754, 21.564432626194598 ], [ -88.283749582110573, 21.564408631117917 ], [ -88.283752473629193, 21.564384094553422 ], [ -88.283758014878387, 21.564382475698057 ], [ -88.283725084316728, 21.564346444388391 ], [ -88.283659430401201, 21.564273996447021 ], [ -88.283602672811242, 21.564229208791211 ], [ -88.283544439374126, 21.564154239309254 ], [ -88.283519891047163, 21.56409611062935 ], [ -88.283508103523218, 21.563992405085756 ], [ -88.283510306846139, 21.563988664177508 ], [ -88.283511147183589, 21.563984756284473 ], [ -88.283512095232751, 21.56398034931782 ], [ -88.283513246478648, 21.563974996897937 ], [ -88.283527024187521, 21.563910931363004 ], [ -88.283540112323365, 21.563826456195802 ], [ -88.283548745954576, 21.563761391136822 ], [ -88.283559892805243, 21.563709283769491 ], [ -88.283564545216862, 21.563704936617658 ], [ -88.283585286953652, 21.563667993319559 ], [ -88.28358756488511, 21.563661471980641 ], [ -88.283594376360753, 21.563639730598901 ], [ -88.283614289330117, 21.563526549726113 ], [ -88.283616499352519, 21.563513477061345 ], [ -88.283648450443351, 21.563419710217303 ], [ -88.283669168650505, 21.563373871898939 ], [ -88.283680357321259, 21.563317060174938 ], [ -88.283691828333815, 21.563286453802025 ], [ -88.283710468082575, 21.5632645986428 ], [ -88.283712692619744, 21.563251469843721 ], [ -88.283731231071002, 21.563218655847464 ], [ -88.283731034697283, 21.563198939624506 ], [ -88.283742571363874, 21.563172663426187 ], [ -88.283749004914952, 21.563106877635203 ], [ -88.283751279880221, 21.563098104085196 ], [ -88.283772295001938, 21.563074004086239 ], [ -88.28379822100959, 21.563069675944124 ], [ -88.283828842607591, 21.563063164378839 ], [ -88.283838224224183, 21.563056600351381 ], [ -88.28387807108696, 21.563025955572144 ], [ -88.283878013913224, 21.563019366008064 ], [ -88.283877957983165, 21.563012773820542 ], [ -88.283894383875534, 21.563001832927561 ], [ -88.283922537445292, 21.562982131587994 ], [ -88.284039943783043, 21.562909923976889 ], [ -88.284117402917715, 21.562855168672709 ], [ -88.284129138669087, 21.56284640529233 ], [ -88.284150266866263, 21.562831066987581 ], [ -88.284246773806544, 21.562807196761757 ], [ -88.284333781351378, 21.562774491979077 ], [ -88.284343201346317, 21.562774529476023 ], [ -88.284458487375304, 21.562761763179395 ], [ -88.284498413808976, 21.562739901604552 ], [ -88.284500754245343, 21.562735507437711 ], [ -88.284526604608743, 21.562726802527482 ], [ -88.284538353353668, 21.562722445708484 ], [ -88.284618243082349, 21.562698550223018 ], [ -88.284622939614408, 21.562696366866945 ], [ -88.284761523363485, 21.562694740583588 ], [ -88.28478968831169, 21.562703544993877 ], [ -88.284806114787841, 21.562707947371972 ], [ -88.284899986140033, 21.562710147890275 ], [ -88.284921106708438, 21.56271014755055 ], [ -88.285029029053263, 21.562723349561033 ], [ -88.285038414807772, 21.562723350209666 ], [ -88.285108762716078, 21.562738747632839 ], [ -88.285125179208933, 21.56274094728073 ], [ -88.28513454863311, 21.562745346408978 ], [ -88.285176737366143, 21.562756340835843 ], [ -88.285179066142291, 21.56276073822211 ], [ -88.28519540964767, 21.562780521087511 ], [ -88.285202428545972, 21.562784917177616 ], [ -88.285218799886636, 21.562795902636179 ], [ -88.2852633330385, 21.562800296861539 ], [ -88.285272713003877, 21.562800296975883 ], [ -88.285286699448605, 21.562817868942471 ], [ -88.285307659265072, 21.56284641186398 ], [ -88.285333465396747, 21.562872536856784 ], [ -88.285375889637393, 21.562913685543425 ], [ -88.285420707565109, 21.562967942505278 ], [ -88.285411270255281, 21.562989812103286 ], [ -88.285432509309729, 21.56300933034813 ], [ -88.285477375266808, 21.563048376852247 ], [ -88.285482099637875, 21.563059267266752 ], [ -88.28553646706186, 21.563128886447512 ], [ -88.285597993406881, 21.563257551669256 ], [ -88.285605096794256, 21.563334020238635 ], [ -88.285583834864553, 21.563423645373177 ], [ -88.285503919573856, 21.563524162620819 ], [ -88.285499223099734, 21.563530717699553 ], [ -88.285461642597966, 21.563583157544702 ], [ -88.285459331278759, 21.563594083152619 ], [ -88.285407604914369, 21.56365526533472 ], [ -88.28540526119815, 21.563659634605472 ], [ -88.28538180944642, 21.563701159761322 ], [ -88.285367652097079, 21.563705518440543 ], [ -88.285334734141713, 21.563742655856913 ], [ -88.28530422807566, 21.563792923254741 ], [ -88.285257784625912, 21.563912899306871 ], [ -88.285233376801258, 21.563947218147902 ], [ -88.285179182142002, 21.563995143063952 ], [ -88.285165160537645, 21.564005657979333 ], [ -88.285140186810992, 21.56402524007245 ], [ -88.285118308355706, 21.564049500755797 ], [ -88.28509743400835, 21.564050700262772 ], [ -88.285092732273753, 21.564055063090688 ], [ -88.28504811707451, 21.564125013963476 ], [ -88.285048121144953, 21.564127207923743 ], [ -88.285017131552976, 21.564170801887744 ], [ -88.284930621745701, 21.564253792979546 ], [ -88.284925927262137, 21.56426254273336 ], [ -88.284888362202366, 21.564336945362829 ], [ -88.284881311579625, 21.564343484305454 ], [ -88.284871915430003, 21.564356595976481 ], [ -88.284815524062594, 21.564389128075181 ], [ -88.284799081619724, 21.564393395638721 ], [ -88.284787340950288, 21.564402092088294 ], [ -88.284756814933246, 21.564437019787036 ], [ -88.284745072963204, 21.56444141371578 ], [ -88.284683999594577, 21.564467783656994 ], [ -88.284531309876968, 21.564483171260068 ], [ -88.284517212214709, 21.564485368983437 ], [ -88.28441852757696, 21.564496362082412 ], [ -88.284395012553034, 21.564505158041758 ], [ -88.284322170818271, 21.564509556109858 ], [ -88.284310424256802, 21.564509556020287 ], [ -88.284296327822233, 21.564509555679045 ], [ -88.284207043813481, 21.564511756217669 ], [ -88.284115428410729, 21.564509556328154 ], [ -88.284050523920499, 21.564511011416535 ], [ -88.283909395508601, 21.564501278613104 ], [ -88.283876809408369, 21.564494334750105 ] ] ], [ [ [ -88.006594697522303, 21.610456611994429 ], [ -88.006518243428957, 21.609848583391525 ], [ -88.003284697186089, 21.60982074524793 ], [ -88.000449074079782, 21.609907342983764 ], [ -87.999041427781123, 21.609896662391403 ], [ -87.997151133310098, 21.610010657373998 ], [ -87.994033140222285, 21.610206389007217 ], [ -87.991282880450541, 21.610807710038582 ], [ -87.98942455017621, 21.61092415570063 ], [ -87.988411162375172, 21.610856616209471 ], [ -87.987174156769086, 21.610768574607132 ], [ -87.986219699909398, 21.610655752761996 ], [ -87.984678909217493, 21.610530580753153 ], [ -87.983359911760019, 21.610422022805682 ], [ -87.981887818581441, 21.610300850923196 ], [ -87.980994952476394, 21.610306363746624 ], [ -87.978412109296315, 21.610322280600887 ], [ -87.974647829098956, 21.610225430752486 ], [ -87.974045718704872, 21.610184981027398 ], [ -87.973914078714927, 21.610238320065577 ], [ -87.973288460408156, 21.610194019877046 ], [ -87.97281979914132, 21.610255679983606 ], [ -87.972221918913576, 21.610213909526657 ], [ -87.971894688595569, 21.610262380749763 ], [ -87.971261998702147, 21.610151979480342 ], [ -87.970986179739654, 21.610244430596961 ], [ -87.970543629367654, 21.610190740341018 ], [ -87.970326029803019, 21.610262349584339 ], [ -87.969367478765051, 21.610187459806383 ], [ -87.969208348468911, 21.610369110737558 ], [ -87.967673949315298, 21.61017595038868 ], [ -87.967287149585218, 21.610258181107028 ], [ -87.966589459407047, 21.610233399527669 ], [ -87.96641999867856, 21.610113181179489 ], [ -87.965218818943413, 21.610081420533302 ], [ -87.963588719277411, 21.609918821212691 ], [ -87.963322304946487, 21.609911750135577 ], [ -87.963011002824629, 21.609866277392932 ], [ -87.958184019863253, 21.608925170906836 ], [ -87.957534569046786, 21.608798830796886 ], [ -87.956182748640714, 21.608334490891227 ], [ -87.955776380156905, 21.608336420678828 ], [ -87.954488489789483, 21.607930250593757 ], [ -87.953584939388023, 21.60759864961496 ], [ -87.953284089426376, 21.607662600451185 ], [ -87.951581169402132, 21.607074350611665 ], [ -87.949614689969479, 21.606461881320119 ], [ -87.948544688630776, 21.606114939568595 ], [ -87.947289800077073, 21.605708751330734 ], [ -87.942224688819877, 21.604196371042327 ], [ -87.9355827685755, 21.601880751089588 ], [ -87.934702969170701, 21.601590460011018 ], [ -87.933296653242238, 21.600981388760886 ], [ -87.931631596748105, 21.600229768359146 ], [ -87.928235019191533, 21.59867209278173 ], [ -87.924231378979968, 21.596770549919469 ], [ -87.922936429660794, 21.59616722060467 ], [ -87.921905220243943, 21.595666733650258 ], [ -87.920608709028201, 21.59523847268251 ], [ -87.919501214925077, 21.594779353240718 ], [ -87.919065591413528, 21.594604103522059 ], [ -87.918654437082225, 21.594392499739072 ], [ -87.918291520652716, 21.594310810326316 ], [ -87.917551136175646, 21.593991660784251 ], [ -87.917150359302013, 21.593877525843006 ], [ -87.91669012092558, 21.593642090814534 ], [ -87.916133868863753, 21.593436415690469 ], [ -87.914129310149903, 21.592835920940779 ], [ -87.912749467687576, 21.592255904285565 ], [ -87.911457028724485, 21.591856230714487 ], [ -87.911039349840337, 21.591699980663194 ], [ -87.910712148594257, 21.591748319653437 ], [ -87.909982509260303, 21.591628721262779 ], [ -87.909206738730177, 21.591282460920727 ], [ -87.90903073890216, 21.591357821223461 ], [ -87.908503248795114, 21.591047520345665 ], [ -87.908239863525722, 21.590981235744685 ], [ -87.907910501316451, 21.590777142282466 ], [ -87.907202982075503, 21.590538183311413 ], [ -87.906427090739058, 21.590360477806549 ], [ -87.904914036959283, 21.589931412487008 ], [ -87.897556061760625, 21.587582988730315 ], [ -87.891167598748396, 21.585278970476949 ], [ -87.887802140443924, 21.583800940217586 ], [ -87.87845788883125, 21.579663890227227 ], [ -87.875444088858146, 21.578068509794829 ], [ -87.873486368868413, 21.577092460129851 ], [ -87.871566739540711, 21.576173140363739 ], [ -87.871096678898979, 21.576158421134512 ], [ -87.870248509011716, 21.575734179604275 ], [ -87.869734430221641, 21.575456750627563 ], [ -87.869230769496212, 21.575371861000832 ], [ -87.86716547881035, 21.574347460392296 ], [ -87.86479062043621, 21.573342290404586 ], [ -87.8642183094111, 21.573266090861701 ], [ -87.863364819341669, 21.572708150047912 ], [ -87.86157836973203, 21.571908649826756 ], [ -87.860412780090385, 21.571386979605396 ], [ -87.860184019943048, 21.571126320446918 ], [ -87.859849110022282, 21.571191120049878 ], [ -87.854129507413774, 21.568638085423899 ], [ -87.850654860194496, 21.567424660458769 ], [ -87.846491400042567, 21.565614435257974 ], [ -87.842126869291917, 21.563834754533964 ], [ -87.834762814552647, 21.561028905741679 ], [ -87.82858200346088, 21.558621972413757 ], [ -87.825476780362735, 21.557441689874306 ], [ -87.818488509188427, 21.554681397026474 ], [ -87.811313405119904, 21.55216937589207 ], [ -87.804776018216955, 21.549969608875223 ], [ -87.796754681226858, 21.547293789805657 ], [ -87.790045486822564, 21.545258364962734 ], [ -87.785313521655013, 21.54379267418582 ], [ -87.779941829242233, 21.542158705334842 ], [ -87.77468652742661, 21.54064396218191 ], [ -87.768196408487483, 21.538736510235069 ], [ -87.763510954240616, 21.537443356186728 ], [ -87.758151325365347, 21.535942424521693 ], [ -87.752412526131266, 21.534249085715885 ], [ -87.74657939897979, 21.532594981314993 ], [ -87.738360829969807, 21.530390859705051 ], [ -87.727830911588597, 21.527623168796257 ], [ -87.721571950693189, 21.526097200682461 ], [ -87.715609349063612, 21.524695201929735 ], [ -87.706079658006516, 21.52240421439986 ], [ -87.700920430137657, 21.52120950854496 ], [ -87.697293517617439, 21.520301073407321 ], [ -87.692307659565088, 21.51948789397019 ], [ -87.688035860093891, 21.51906229014627 ], [ -87.687893549709926, 21.519392310126371 ], [ -87.686974531601663, 21.519324826815943 ], [ -87.686839088517885, 21.51998070705157 ], [ -87.686799548506187, 21.519979295294611 ], [ -87.686973141307021, 21.519015049165827 ], [ -87.68700740500951, 21.518830402871743 ], [ -87.687046429042823, 21.518766158232282 ], [ -87.687117811779444, 21.51868287693134 ], [ -87.687548144487522, 21.518361080947187 ], [ -87.687543908165225, 21.518297218503314 ], [ -87.687549283138679, 21.518198781564564 ], [ -87.687550056255816, 21.518143350844952 ], [ -87.687553131309102, 21.51806641665895 ], [ -87.687558260886803, 21.517897973560192 ], [ -87.68757228997093, 21.517512182429133 ], [ -87.687529459157943, 21.517150503858893 ], [ -87.687479491267368, 21.517121949715765 ], [ -87.6874104856103, 21.517100534632821 ], [ -87.687324826431819, 21.517086257603786 ], [ -87.687284507509887, 21.517086257766245 ], [ -87.687108149269008, 21.517728341125881 ], [ -87.68687485933296, 21.51771113995272 ], [ -87.684381648918631, 21.517527350501254 ], [ -87.684323749119258, 21.518355420360948 ], [ -87.685071681638107, 21.518458132226343 ], [ -87.686235031595757, 21.518566283317799 ], [ -87.686375420771554, 21.518737603708789 ], [ -87.68637779979197, 21.518780434052996 ], [ -87.686376463247541, 21.518787412947411 ], [ -87.686445659591186, 21.518832110528987 ], [ -87.68621048024886, 21.519963780041934 ], [ -87.686271489365822, 21.520063109818167 ], [ -87.686512739458465, 21.520394879600978 ], [ -87.686425910072188, 21.520827029635161 ], [ -87.686416780283423, 21.521008200198228 ], [ -87.68634400162054, 21.521211460592131 ], [ -87.686258826572484, 21.521790452714704 ], [ -87.686237411905353, 21.521785693572649 ], [ -87.686299974893672, 21.521334419989035 ], [ -87.686299799661654, 21.52133490977068 ], [ -87.686281687774695, 21.521081553567122 ], [ -87.685578381700623, 21.520821391110658 ], [ -87.684929595824244, 21.520557888348428 ], [ -87.684563210671513, 21.520354630724366 ], [ -87.684204855093213, 21.520245033007534 ], [ -87.683809858391541, 21.520140447308385 ], [ -87.683409505368274, 21.520001572592406 ], [ -87.682968943749941, 21.519816698437559 ], [ -87.682623989022218, 21.519750583611089 ], [ -87.682310580042724, 21.519714579810088 ], [ -87.68202523928413, 21.519610004061221 ], [ -87.681399695513804, 21.519382447903634 ], [ -87.680770571934346, 21.519188338565939 ], [ -87.679903740397819, 21.518938158499051 ], [ -87.678910902948928, 21.518684607237894 ], [ -87.67789083836773, 21.518507578188988 ], [ -87.677709324048607, 21.519394808320452 ], [ -87.677632422534131, 21.519770691972639 ], [ -87.677387432170676, 21.519722384070054 ], [ -87.677522167586574, 21.519291325292354 ], [ -87.677773504566034, 21.518487215050751 ], [ -87.677005632570584, 21.518353947340835 ], [ -87.676250531485465, 21.518071990445101 ], [ -87.675621421497468, 21.517877860096878 ], [ -87.674730465387782, 21.517684511653403 ], [ -87.673919045639195, 21.517507062741259 ], [ -87.673114793686395, 21.517262711092471 ], [ -87.672092484856577, 21.517031687955964 ], [ -87.6712265572029, 21.51685755747673 ], [ -87.667598453637893, 21.516094883586135 ], [ -87.665589621231774, 21.51563611143137 ], [ -87.66371661435285, 21.515257629993378 ], [ -87.662488799837277, 21.515007253090378 ], [ -87.661085849754301, 21.514706640915051 ], [ -87.65624519150964, 21.5138889874165 ], [ -87.653351714724522, 21.513431440233781 ], [ -87.650876497763932, 21.512945556636815 ], [ -87.649083959060718, 21.512658911811581 ], [ -87.647045740669014, 21.512222464701292 ], [ -87.64538101646626, 21.511922445814502 ], [ -87.644424899039635, 21.511748129425296 ], [ -87.642862931654065, 21.511499970192585 ], [ -87.640281494414623, 21.510911014434125 ], [ -87.636737742061683, 21.510121725241927 ], [ -87.634282313258765, 21.509620530747153 ], [ -87.630990628495724, 21.508837916054627 ], [ -87.628317290774021, 21.508180979325857 ], [ -87.623221737959383, 21.506966614426325 ], [ -87.620726288227218, 21.506334728236649 ], [ -87.618229062834644, 21.505719526300119 ], [ -87.616572576040795, 21.505343938491546 ], [ -87.6149134583479, 21.5049089575047 ], [ -87.613504540837837, 21.504497524716335 ], [ -87.60469889329876, 21.502367100553027 ], [ -87.597631971044137, 21.500771762368284 ], [ -87.594305737772871, 21.500145550870158 ], [ -87.590635650880913, 21.499360124406113 ], [ -87.584008657117749, 21.49778874014812 ], [ -87.57993835998235, 21.497032845316003 ], [ -87.575950486030152, 21.496098794726972 ], [ -87.572187664447753, 21.495337936629028 ], [ -87.564183306390007, 21.49373689694885 ], [ -87.560905593357944, 21.493165198933905 ], [ -87.559807674115504, 21.492968479565221 ], [ -87.558904506128059, 21.492807060846797 ], [ -87.55820321540898, 21.492698513970545 ], [ -87.557438484712378, 21.492592410983679 ], [ -87.556874820772947, 21.492463084968435 ], [ -87.556409434102022, 21.492343051168763 ], [ -87.555775107483626, 21.492283059820362 ], [ -87.555117684881736, 21.492102625557418 ], [ -87.554203883415923, 21.491872598007497 ], [ -87.552907724050357, 21.491589501741135 ], [ -87.551323873400833, 21.491296069649202 ], [ -87.549160220201458, 21.490939313453083 ], [ -87.546866985539197, 21.490612497766502 ], [ -87.544710380103481, 21.490357706305137 ], [ -87.541999673747171, 21.490219367080194 ], [ -87.53851071260334, 21.490100203197866 ], [ -87.537252823227121, 21.490203440544828 ], [ -87.535592224696401, 21.490178909721688 ], [ -87.534912909530121, 21.490222449965476 ], [ -87.53491209560849, 21.489997336735655 ], [ -87.534821249542603, 21.464868000295475 ], [ -87.534515290036921, 21.380163949787253 ], [ -87.534447629555331, 21.361416310082678 ], [ -87.534254969725993, 21.308008089845522 ], [ -87.534016909861464, 21.24196037967565 ], [ -87.534016909365448, 21.241960240087202 ], [ -87.533351749592711, 21.057090279697654 ], [ -87.533203999855019, 21.015956199762527 ], [ -87.533145279908481, 20.999602139939157 ], [ -87.578340680259927, 20.925736659790928 ], [ -87.675727310151316, 20.766263349972473 ], [ -87.743651382907728, 20.654785110733094 ], [ -87.744259480348219, 20.653787090595678 ], [ -87.755237480182444, 20.643403780312106 ], [ -87.879272340146429, 20.525927860411556 ], [ -87.886309709275636, 20.519253779604416 ], [ -87.938006490219081, 20.470196690299556 ], [ -87.9627420500439, 20.446706030192459 ], [ -87.977965751015674, 20.446994370154243 ], [ -87.995065450625248, 20.447316431246666 ], [ -87.993854819730586, 20.433961280002851 ], [ -87.992958111183967, 20.424067709925424 ], [ -87.992960030941049, 20.417992920304368 ], [ -87.994722780556643, 20.416317420797661 ], [ -88.034030061031373, 20.378940090269577 ], [ -88.035686029842864, 20.378924980037038 ], [ -88.047533280140854, 20.37881817089044 ], [ -88.047306600599796, 20.366308721412715 ], [ -88.059433620681801, 20.354768060012848 ], [ -88.064929431217791, 20.349537050487715 ], [ -88.10423567976747, 20.312107720033733 ], [ -88.136489600397752, 20.281371780308138 ], [ -88.16716244855003, 20.285418050679954 ], [ -88.168100049720607, 20.285440750380218 ], [ -88.168182599643274, 20.285442770383597 ], [ -88.232705169082692, 20.286998449809325 ], [ -88.23266947956202, 20.29017891022681 ], [ -88.264634200082511, 20.290342029584231 ], [ -88.266814949591804, 20.269120319855912 ], [ -88.272961379733715, 20.269931280183485 ], [ -88.308788430139657, 20.253510030103122 ], [ -88.31314574040556, 20.254023739610151 ], [ -88.329957829857179, 20.256113380175329 ], [ -88.334685769750337, 20.256729369790722 ], [ -88.34156945970777, 20.257582430177035 ], [ -88.351903370431174, 20.25902306026666 ], [ -88.356601490260431, 20.258313510123681 ], [ -88.370807020136454, 20.257789679593003 ], [ -88.376370780026221, 20.257024310450479 ], [ -88.377561630245765, 20.256717629815366 ], [ -88.389402000447006, 20.25451901977717 ], [ -88.395404199665734, 20.253543449666207 ], [ -88.400973369562152, 20.251767510306976 ], [ -88.407325650070902, 20.252118660208186 ], [ -88.409127742967101, 20.252097322780301 ], [ -88.405194143770274, 20.246145054181763 ], [ -88.402892003529374, 20.239488883991893 ], [ -88.409122403222284, 20.239728144299505 ], [ -88.415113803847206, 20.232970454384585 ], [ -88.443426183123108, 20.238149784308305 ], [ -88.504934253424452, 20.201315003935182 ], [ -88.519929952468658, 20.19232803335327 ], [ -88.509997950300402, 20.191055309608995 ], [ -88.509619630325986, 20.191006819694614 ], [ -88.502345249822667, 20.19007794957307 ], [ -88.504078920261762, 20.174738890004267 ], [ -88.504123353704998, 20.174345758843664 ], [ -88.50762119992244, 20.143391090063083 ], [ -88.576681550005404, 20.148078309740423 ], [ -88.578150460099579, 20.13917428001529 ], [ -88.578242080336651, 20.139197050146763 ], [ -88.587675659697567, 20.140469680396144 ], [ -88.587973520249207, 20.131451199633339 ], [ -88.612681940351479, 20.133123427371061 ], [ -88.612705949873828, 20.133125050305029 ], [ -88.612748611482488, 20.133876064026428 ], [ -88.612772550443964, 20.134297479683653 ], [ -88.616383630106824, 20.134460819644989 ], [ -88.620808459606209, 20.131803549571448 ], [ -88.62093868981178, 20.130431739778526 ], [ -88.620859306227359, 20.130340443471024 ], [ -88.618623570282779, 20.127769150335688 ], [ -88.618641607528829, 20.127422529007848 ], [ -88.619167150129087, 20.117322570236073 ], [ -88.61917314965244, 20.117171540033098 ], [ -88.639866400158894, 20.120356059713068 ], [ -88.690544872819288, 20.089894629490146 ], [ -88.690608909623649, 20.089856119857675 ], [ -88.690741579722797, 20.086006829787639 ], [ -88.690802109908148, 20.077029569767024 ], [ -88.68489210456093, 20.077414302583374 ], [ -88.684891830082108, 20.077414320321843 ], [ -88.686264089570599, 20.067889860009704 ], [ -88.686877630356818, 20.063631819614375 ], [ -88.687684600244509, 20.058031079986367 ], [ -88.689092980086173, 20.048255689958449 ], [ -88.691796290081129, 20.029213419743051 ], [ -88.694752540229217, 20.030035659866417 ], [ -88.697464689666987, 20.020022109810803 ], [ -88.70017617005405, 20.010356720341505 ], [ -88.705654710308181, 20.011208780288822 ], [ -88.712523580355651, 20.012295580234966 ], [ -88.713041430346266, 20.009163450287179 ], [ -88.718434769586864, 20.010321249622876 ], [ -88.722148199777351, 20.00512405961431 ], [ -88.723777549611015, 20.005499169651113 ], [ -88.723776783265308, 20.005505099501804 ], [ -88.72278249028048, 20.013199750066502 ], [ -88.722782666144852, 20.013199822857839 ], [ -88.726569999677736, 20.014768949678313 ], [ -88.735977652261752, 20.01757617499489 ], [ -88.735978910058975, 20.017576550198779 ], [ -88.735810719824769, 20.015987549666459 ], [ -88.73419169012854, 20.015275280163646 ], [ -88.733169719766082, 20.014435490254613 ], [ -88.732351479985638, 20.014067701055566 ], [ -88.732348140411631, 20.014066200044923 ], [ -88.733485999855205, 20.012770690106894 ], [ -88.734581799808552, 20.011541320332118 ], [ -88.735114020126375, 20.010942679841872 ], [ -88.736245569820184, 20.009661309889026 ], [ -88.737292230331576, 20.009469779978616 ], [ -88.739820459558615, 20.009055770032049 ], [ -88.74147766040177, 20.008779249616758 ], [ -88.742615350403867, 20.008582779737075 ], [ -88.742595770468412, 20.009586980031862 ], [ -88.742589080456156, 20.010515110184748 ], [ -88.742578139900459, 20.012684510279247 ], [ -88.742539320061454, 20.013604170398551 ], [ -88.742472080000667, 20.015087349940924 ], [ -88.749745910079469, 20.014408379675928 ], [ -88.750363169946354, 20.014354569576653 ], [ -88.751377459525756, 20.01427640002828 ], [ -88.75270188953067, 20.014211740066447 ], [ -88.754596629873333, 20.014092710271406 ], [ -88.757772437611891, 20.013936261868089 ], [ -88.757773279716787, 20.013936219945244 ], [ -88.757697862533234, 20.012197979156841 ], [ -88.757697599818911, 20.012191920009343 ], [ -88.759091970349218, 20.012335890216193 ], [ -88.759625110447828, 20.012384339659221 ], [ -88.761499230162968, 20.012561630234718 ], [ -88.765861200256268, 20.012956420469809 ], [ -88.77146474645626, 20.013463148694182 ], [ -88.771465649652257, 20.013463230392215 ], [ -88.771361749962409, 20.011492420378538 ], [ -88.771281720500539, 20.009611349654438 ], [ -88.771180853036682, 20.007676388663178 ], [ -88.771180539543607, 20.007670379802178 ], [ -88.777341050203447, 20.007925379847268 ], [ -88.783502417704796, 20.008180173514354 ], [ -88.783502579806324, 20.008180180391111 ], [ -88.783960739912985, 20.001687460236184 ], [ -88.78441528821331, 19.99524561235517 ], [ -88.784415710286396, 19.995239629659377 ], [ -88.78921226040481, 19.995568219923445 ], [ -88.789651709549233, 19.994521249718805 ], [ -88.790182340010489, 19.993039119552854 ], [ -88.790479880201801, 19.992133509600524 ], [ -88.790516540294661, 19.990368049825314 ], [ -88.790559949631586, 19.987650740181078 ], [ -88.790580350377795, 19.98663484988014 ], [ -88.790597429983691, 19.984940830350666 ], [ -88.790596820289736, 19.984417680358142 ], [ -88.790624890001567, 19.982229449984146 ], [ -88.790659690416163, 19.979518550187787 ], [ -88.790664079896501, 19.9791763500982 ], [ -88.790692919677923, 19.976804850176695 ], [ -88.790719060403291, 19.975060600342811 ], [ -88.790743479755434, 19.974089090197154 ], [ -88.790755770179189, 19.972830450382933 ], [ -88.790770800047497, 19.972020180309919 ], [ -88.791843600279378, 19.972445939648701 ], [ -88.792969919848389, 19.972898029814175 ], [ -88.795588020401354, 19.973933600102516 ], [ -88.797044169749569, 19.974512800119381 ], [ -88.798022380417081, 19.974930079820904 ], [ -88.798195049593076, 19.973869080159353 ], [ -88.798544200178043, 19.971938819782469 ], [ -88.798643120091882, 19.971044779753957 ], [ -88.798755979521474, 19.970493880268272 ], [ -88.798754079909273, 19.97040274027626 ], [ -88.798377650448998, 19.952523020233606 ], [ -88.805639509974981, 19.953830739689685 ], [ -88.806040750418674, 19.944568649990469 ], [ -88.810176220466246, 19.94494667971237 ], [ -88.811418170015898, 19.935242219942644 ], [ -88.808888340213997, 19.93412131001821 ], [ -88.809850980165294, 19.926989859971602 ], [ -88.809744860028218, 19.925990940054966 ], [ -88.812584380236075, 19.925555030271976 ], [ -88.813333179895466, 19.918282819690436 ], [ -88.816142800467247, 19.915499029958976 ], [ -88.816503290336385, 19.904473520415355 ], [ -88.817160740008035, 19.904943149852773 ], [ -88.817881480418492, 19.904065179661139 ], [ -88.820165909745796, 19.905558510113408 ], [ -88.822733999878565, 19.904143679650932 ], [ -88.824425419685483, 19.904762910137453 ], [ -88.82315248989724, 19.908149139697535 ], [ -88.827282739684989, 19.910920370133379 ], [ -88.827369249741764, 19.910803550351108 ], [ -88.827388429871363, 19.910777650053522 ], [ -88.827407619624893, 19.910751749682905 ], [ -88.827510910356125, 19.910612259649316 ], [ -88.827277550341464, 19.910481419705317 ], [ -88.829380909811221, 19.906097370257513 ], [ -88.829436720268674, 19.906014600216405 ], [ -88.827365449906338, 19.904487689631285 ], [ -88.828437689595759, 19.902207180239387 ], [ -88.82902472043223, 19.90067233999094 ], [ -88.829824719751798, 19.898554450219972 ], [ -88.824580819567885, 19.894083289825751 ], [ -88.820414050206637, 19.890473150092316 ], [ -88.823839880358861, 19.883900480262238 ], [ -88.825926339722187, 19.879925579709106 ], [ -88.832139429744913, 19.881606059841786 ], [ -88.832870909631936, 19.878730539820548 ], [ -88.83304299957301, 19.878227110177377 ], [ -88.839738029552933, 19.878208350011725 ], [ -88.845779259880345, 19.878355220239559 ], [ -88.84815542017715, 19.87840498005081 ], [ -88.854227709842945, 19.878482509565266 ], [ -88.858314280099577, 19.878471080260017 ], [ -88.862648319788249, 19.87845113972255 ], [ -88.866418170266783, 19.878054850088503 ], [ -88.869951460469608, 19.878256489804677 ], [ -88.880191540115121, 19.878124880218241 ], [ -88.879989539958203, 19.876177649629682 ], [ -88.879819919710116, 19.874552630114131 ], [ -88.879606340343656, 19.871633520460573 ], [ -88.879462399626576, 19.869666519783578 ], [ -88.87923230986074, 19.866177399824508 ], [ -88.879124830390197, 19.862393230298402 ], [ -88.890568570116926, 19.860968619715027 ], [ -88.89042158015161, 19.858544540275204 ], [ -88.900488020167657, 19.861114020317192 ], [ -88.900004880265442, 19.858313179973795 ], [ -88.898811649864001, 19.851662599662909 ], [ -88.898193800007647, 19.844205719730127 ], [ -88.897585430208792, 19.836862539809271 ], [ -88.899724860389625, 19.833346879876377 ], [ -88.902048749695723, 19.83241908003335 ], [ -88.902533230125613, 19.832144720335467 ], [ -88.903481109710171, 19.831046229654365 ], [ -88.904024890091151, 19.829512510087749 ], [ -88.904912400405607, 19.827080540240658 ], [ -88.905065890479491, 19.826703519695389 ], [ -88.908209749886794, 19.820661089833521 ], [ -88.909730939671874, 19.813587709955883 ], [ -88.910685910130638, 19.805788170160842 ], [ -88.911103970423923, 19.800937579952873 ], [ -88.920294139941888, 19.803973909774442 ], [ -88.922417399950845, 19.800973999595502 ], [ -88.926849709692036, 19.794711230334787 ], [ -88.929512460381972, 19.790948549743685 ], [ -88.931849479849106, 19.791095249913944 ], [ -88.945433749586812, 19.791946320019779 ], [ -88.944935019585131, 19.798725289863089 ], [ -88.94385214006121, 19.813442779761939 ], [ -88.958076800333131, 19.810466540444949 ], [ -88.956386719719035, 19.816823549853797 ], [ -88.959079110031382, 19.816934650395947 ], [ -88.964650120160712, 19.817528319751297 ], [ -88.973181600183125, 19.818026679759551 ], [ -88.974451769601671, 19.818100830317157 ], [ -88.976108510007634, 19.810765830163849 ], [ -88.981666150367971, 19.807094769840141 ], [ -88.984047800415226, 19.805471819857072 ], [ -88.984439149534523, 19.805205140102654 ], [ -88.98457405958824, 19.803080369548042 ], [ -88.984614850052353, 19.802515890008934 ], [ -88.984706340149117, 19.800994570303587 ], [ -88.984746569788001, 19.799861690243752 ], [ -88.98440498042325, 19.798160260377589 ], [ -88.986184220072289, 19.798135999608434 ], [ -88.986673599763492, 19.798131139930831 ], [ -88.989618450251243, 19.7980832597088 ], [ -88.990989769796343, 19.79808107980821 ], [ -88.992364650086941, 19.798042579645038 ], [ -88.993108199736881, 19.79803837004771 ], [ -88.993736220336174, 19.798037280317786 ], [ -88.994523140430118, 19.798044090302053 ], [ -88.995981050346643, 19.798021120101055 ], [ -88.99665480018416, 19.798017540105768 ], [ -88.997097179946067, 19.798004419552271 ], [ -88.997567820229648, 19.798003370121453 ], [ -88.99946796983096, 19.797994380381045 ], [ -88.999645289851742, 19.796953979612066 ], [ -88.999847340276162, 19.795569460300889 ], [ -89.000016649589142, 19.794736770354202 ], [ -89.000270909553478, 19.793268310200723 ], [ -89.000532370486283, 19.791829229797187 ], [ -89.000992739594452, 19.789116170299096 ], [ -89.002079800389595, 19.783231350247288 ], [ -89.002322419872144, 19.781842649592274 ], [ -89.002338310027213, 19.781745570150481 ], [ -89.003218449978803, 19.776754219809728 ], [ -89.003543320200549, 19.77498921959705 ], [ -89.003785940025836, 19.773590199638839 ], [ -89.004087429919494, 19.772007400012686 ], [ -89.004784650267766, 19.772146049706535 ], [ -89.005518520342775, 19.772267580027187 ], [ -89.005856229826378, 19.77240727988584 ], [ -89.006610379852305, 19.772649030238437 ], [ -89.007143649740328, 19.772751920082381 ], [ -89.009852479708499, 19.773392199654094 ], [ -89.014341319719136, 19.774391819954925 ], [ -89.016054969578306, 19.774725539721981 ], [ -89.018543250467573, 19.775274109889839 ], [ -89.022231029958917, 19.776075169956496 ], [ -89.025162979667343, 19.776709679597793 ], [ -89.02782410965041, 19.770544229881924 ], [ -89.03026542969836, 19.764887620399517 ], [ -89.031334349838019, 19.762410769739073 ], [ -89.032760969889978, 19.759104999577325 ], [ -89.046921110374441, 19.72605915041478 ], [ -89.047295770063755, 19.725160110277187 ], [ -89.048827059716785, 19.721493320330552 ], [ -89.043771319790011, 19.722269860233375 ], [ -89.043300579620123, 19.722342139662853 ], [ -89.016951850192541, 19.726386710279527 ], [ -89.01538533956402, 19.72297338008288 ], [ -88.997499880122405, 19.726759710437083 ], [ -88.996622379629457, 19.726779520225161 ], [ -88.994741279800238, 19.727439600081219 ], [ -88.996737770036745, 19.711529309592354 ], [ -88.997529380192887, 19.704883890224092 ], [ -89.030523629818674, 19.708831749732028 ], [ -89.031133250367191, 19.705525519701172 ], [ -89.036200459608239, 19.678039520365541 ], [ -89.066379419994917, 19.683641779816796 ], [ -89.07603060002333, 19.685432549997795 ], [ -89.074212689862676, 19.694194110277952 ], [ -89.104193770346413, 19.699822019952933 ], [ -89.11311528963158, 19.701495650306807 ], [ -89.123398519909827, 19.703424149705725 ], [ -89.132645800137581, 19.623258820056996 ], [ -89.133640600383472, 19.614632029677875 ], [ -89.108391679904116, 19.612338490239409 ], [ -89.109024460257132, 19.582349380296378 ], [ -89.149520650465021, 19.581249339716987 ], [ -89.14486168990787, 19.637398719799904 ], [ -89.18920314032934, 19.644005940450189 ], [ -89.190249629706315, 19.633317739978221 ], [ -89.192689579509647, 19.633557370166599 ], [ -89.222868740324557, 19.636656970169497 ], [ -89.219556570378174, 19.60802224981191 ], [ -89.234860940015452, 19.596911679928738 ], [ -89.250689779652717, 19.585020510128167 ], [ -89.270944970272268, 19.569955430025111 ], [ -89.287340050415523, 19.557944630415065 ], [ -89.2965618203677, 19.551174089774811 ], [ -89.4124785196164, 19.649376289625518 ], [ -89.415666599973406, 19.653742569897762 ], [ -89.427255686131616, 19.669607511574547 ], [ -89.448112989982434, 19.698353510791698 ], [ -89.455296920232598, 19.699007419852091 ], [ -89.457671879626503, 19.699223510417365 ], [ -89.464206889661241, 19.69982011008133 ], [ -89.464264630291765, 19.699822090160307 ], [ -89.464295679884401, 19.699824909968381 ], [ -89.464327019716251, 19.699827229845106 ], [ -89.464374169644643, 19.699832059970635 ], [ -89.465465750239332, 19.699911750372738 ], [ -89.465985620222369, 19.699957620268449 ], [ -89.468295480260991, 19.700161290127951 ], [ -89.477220080169232, 19.711054950231645 ], [ -89.479929749590625, 19.716553219554573 ], [ -89.481285000034134, 19.719519660004824 ], [ -89.491661820350217, 19.742228450176267 ], [ -89.479149430373909, 19.740645550245286 ], [ -89.477985260219967, 19.751230510171219 ], [ -89.477645967119599, 19.754498254500913 ], [ -89.475909460316601, 19.771220201300324 ], [ -89.497191539732782, 19.772840690211797 ], [ -89.50020231005513, 19.773103520360397 ], [ -89.503297949714067, 19.773359969627109 ], [ -89.504557579630998, 19.773446879862995 ], [ -89.506255819649851, 19.77376322994569 ], [ -89.508846819908598, 19.773904620311594 ], [ -89.513690110319004, 19.77417331002205 ], [ -89.515108519946295, 19.77426627980887 ], [ -89.516227910353038, 19.774417109764169 ], [ -89.519612769840165, 19.774824279550632 ], [ -89.525672369875565, 19.775554649880032 ], [ -89.526592709671363, 19.777419949590609 ], [ -89.528449089886365, 19.781272850018347 ], [ -89.529452319599713, 19.783358520310806 ], [ -89.529753520263384, 19.784006600328535 ], [ -89.530012309764032, 19.784532080296554 ], [ -89.530415509926371, 19.785398970146456 ], [ -89.531335349949757, 19.78733542036953 ], [ -89.533677779660465, 19.792305119573864 ], [ -89.534835750255382, 19.794708139975882 ], [ -89.536130089638704, 19.797458030419286 ], [ -89.536774540097568, 19.798438539668151 ], [ -89.537453219614363, 19.799380769559047 ], [ -89.538804910316372, 19.801250050016531 ], [ -89.540159419857176, 19.803125769712736 ], [ -89.541523259580799, 19.804994980225203 ], [ -89.542881479833184, 19.806871850287592 ], [ -89.544241490293601, 19.808741290237691 ], [ -89.545593030369986, 19.810614769668604 ], [ -89.546956859805718, 19.81248084973506 ], [ -89.548317030124295, 19.814347509948067 ], [ -89.549165400297667, 19.815509829948233 ], [ -89.549678680049396, 19.816219229577914 ], [ -89.577429859991824, 19.853508860073234 ], [ -89.571757510390839, 19.85295528985338 ], [ -89.587499749731137, 19.874420050004328 ], [ -89.587499746003047, 19.874420289895276 ], [ -89.586810339795477, 19.920460029781278 ], [ -89.597445880236293, 19.921122340897103 ], [ -89.595841749412173, 19.937422049666235 ], [ -89.604670078716367, 19.938284969463982 ], [ -89.598703889618832, 19.998197379589378 ], [ -89.684845500244435, 20.102416113271591 ], [ -89.68484602016747, 20.102416739757736 ], [ -89.684846042641837, 20.102416767974663 ], [ -89.684846181477141, 20.102416935781015 ], [ -89.737343219688952, 20.165833061265104 ], [ -89.748474106419849, 20.179269642871567 ], [ -89.748474169710377, 20.179269720789605 ], [ -89.752786660232374, 20.17654874050919 ], [ -89.773453179977281, 20.153084140674963 ], [ -89.778099770083301, 20.150967481953046 ], [ -89.778234480288603, 20.150965322098898 ], [ -89.78784381949319, 20.144447971585404 ], [ -89.793974780132586, 20.136171941562818 ], [ -89.802870859953103, 20.164906602146015 ], [ -89.802735349884813, 20.170714062148445 ], [ -89.802724859858586, 20.170794341867513 ], [ -89.802505279482062, 20.201605080952135 ], [ -89.843453154551398, 20.209275059169197 ], [ -89.846164908516798, 20.209686980862259 ], [ -89.846095658792109, 20.21377120081878 ], [ -89.840678168757861, 20.251027510123649 ], [ -89.875660689983661, 20.2531019507983 ], [ -89.87479185457488, 20.262253710557101 ], [ -89.874642998984982, 20.263821539855016 ], [ -89.874640664010869, 20.263846133592747 ], [ -89.872382309929421, 20.287628090379481 ], [ -89.872354360593022, 20.287627726132548 ], [ -89.837963880093781, 20.287175880222652 ], [ -89.83797838621706, 20.287193354456214 ], [ -89.838523709620816, 20.287850249723384 ], [ -89.854145020218013, 20.306664109978005 ], [ -89.868948480288893, 20.324486950152195 ], [ -89.882080799725571, 20.340292890085429 ], [ -89.902479460118016, 20.364835370140796 ], [ -89.909006969724189, 20.372686549547083 ], [ -89.928902098739385, 20.396609010842127 ], [ -89.928926379591132, 20.396638200144501 ], [ -89.947842229764703, 20.419373319614294 ], [ -89.951247350329453, 20.423464949914013 ], [ -89.967982690179866, 20.443569800283363 ], [ -90.003739630400105, 20.486500950449472 ], [ -90.00415074556345, 20.486994354920579 ], [ -90.004173680051437, 20.487021880063196 ], [ -90.005622020262805, 20.477385166477028 ], [ -90.005624720381988, 20.477367200479083 ], [ -90.007442429728371, 20.477437539766868 ], [ -90.007575030487246, 20.477467319715259 ], [ -90.020341489741639, 20.47708305981369 ], [ -90.020343400171299, 20.477082210347703 ], [ -90.020357940104972, 20.47707575002919 ], [ -90.021360842309505, 20.476379266535904 ], [ -90.02136366037108, 20.476377310092072 ], [ -90.022844099707029, 20.475550097325719 ], [ -90.02286038013608, 20.475541000131695 ], [ -90.026041961712991, 20.473671899502765 ], [ -90.026067849819086, 20.473656690338039 ], [ -90.029876110373294, 20.471897120386163 ], [ -90.029890199837141, 20.471890620109999 ], [ -90.029904090037959, 20.471886059896683 ], [ -90.032680116972443, 20.4709752455373 ], [ -90.032681750216952, 20.47097470990682 ], [ -90.03487625098434, 20.469688658803133 ], [ -90.034904369606068, 20.469672179799549 ], [ -90.039673994954128, 20.468225666092959 ], [ -90.039689939687406, 20.468220830061956 ], [ -90.04168845008877, 20.46645149002326 ], [ -90.046119220439465, 20.461561550021557 ], [ -90.046366380137997, 20.461024570130803 ], [ -90.046703195745721, 20.460599344125548 ], [ -90.046703769759333, 20.460598620310787 ], [ -90.048061397809647, 20.459840630615741 ], [ -90.048090719675614, 20.459824259788629 ], [ -90.049389980273688, 20.457241459794808 ], [ -90.049402520372283, 20.457216510062263 ], [ -90.049416179873788, 20.457192320070806 ], [ -90.049459534134598, 20.457115539672063 ], [ -90.049459933675337, 20.457114801207567 ], [ -90.049460060700255, 20.457114566399124 ], [ -90.050047679970973, 20.456028568827005 ], [ -90.050202240519496, 20.454565369593158 ], [ -90.049189650105546, 20.454164259057691 ], [ -90.049190235095907, 20.454163182090575 ], [ -90.049502003933611, 20.453588818432927 ], [ -90.049512670046965, 20.453569168907791 ], [ -90.049643286153668, 20.453587924967277 ], [ -90.049661559981203, 20.453590549209352 ], [ -90.050213052721759, 20.452637672892177 ], [ -90.050227020451445, 20.452613539079049 ], [ -90.050953927062224, 20.452948484009585 ], [ -90.050972450491145, 20.452957019472844 ], [ -90.051522500451071, 20.45169137911406 ], [ -90.053833510044086, 20.447422169349174 ], [ -90.055272170059808, 20.444514378945957 ], [ -90.056059870041082, 20.438939149341664 ], [ -90.057095300460645, 20.43298577213055 ], [ -90.057098760051574, 20.432965879606709 ], [ -90.065991714597132, 20.433972440916992 ], [ -90.066018560023565, 20.433975478762626 ], [ -90.06681197007471, 20.428194228954951 ], [ -90.067208373348862, 20.42524284966067 ], [ -90.067210651853642, 20.425225889258879 ], [ -90.100946374443211, 20.425251751871805 ], [ -90.100973450052052, 20.425251769482625 ], [ -90.100973511808832, 20.425251769773705 ], [ -90.100891710188691, 20.425819442899314 ], [ -90.10089154079364, 20.425820619008146 ], [ -90.101185340814041, 20.426258919171953 ], [ -90.101418420885921, 20.426475419005097 ], [ -90.102476930215758, 20.426987569079085 ], [ -90.102633280846888, 20.427037539211447 ], [ -90.103081530131888, 20.42729448927728 ], [ -90.105066880631185, 20.428488349150669 ], [ -90.105532140103961, 20.429085709189017 ], [ -90.105773250250266, 20.429224049445853 ], [ -90.10617325044413, 20.429448979659895 ], [ -90.106546210867506, 20.4301856794633 ], [ -90.107765620462914, 20.431489119667365 ], [ -90.108730050656163, 20.431959779348791 ], [ -90.109702990617961, 20.432375338941721 ], [ -90.11178013000773, 20.433548139570757 ], [ -90.113641740739851, 20.434101909160709 ], [ -90.114621970120183, 20.434632518798331 ], [ -90.115082870597149, 20.434913508900774 ], [ -90.115717880676542, 20.43515122971769 ], [ -90.11594437018573, 20.435296998783507 ], [ -90.117082270227684, 20.435850769614888 ], [ -90.117693930693235, 20.436043739613275 ], [ -90.118933449952095, 20.436674909392622 ], [ -90.120203620205544, 20.437052259662881 ], [ -90.121432240181264, 20.43754517967125 ], [ -90.123662340612398, 20.438399109663425 ], [ -90.125823469953232, 20.439250149471683 ], [ -90.127983219921035, 20.439911309374342 ], [ -90.129273370364132, 20.440352419599627 ], [ -90.13032973002359, 20.441601048920862 ], [ -90.131038210808256, 20.442750289197992 ], [ -90.131537574583717, 20.443056901984978 ], [ -90.13157125026342, 20.443077579306834 ], [ -90.131571095544615, 20.443076155785107 ], [ -90.131503960386738, 20.442458919047404 ], [ -90.131504149048979, 20.442458365950763 ], [ -90.132453916156692, 20.439674557401787 ], [ -90.132460530394638, 20.439655168967473 ], [ -90.133507640298859, 20.439766419624075 ], [ -90.134306680662974, 20.439808659000182 ], [ -90.134932970757944, 20.439864999250108 ], [ -90.135429370665292, 20.439896179391891 ], [ -90.138405940212664, 20.440225119135835 ], [ -90.139804670478512, 20.44037954954279 ], [ -90.145053760165254, 20.441203689173385 ], [ -90.147776910786902, 20.441599349702845 ], [ -90.149754880833441, 20.441679739226437 ], [ -90.152250210830701, 20.441755479524726 ], [ -90.154232540411471, 20.441724089059054 ], [ -90.158539540881677, 20.441912379087213 ], [ -90.160514820805162, 20.441862769368239 ], [ -90.166140590465091, 20.4412262193765 ], [ -90.169400610823729, 20.440560229601648 ], [ -90.17847950997016, 20.437656019220015 ], [ -90.186297570053696, 20.436932319025779 ], [ -90.186110975369928, 20.441045208303958 ], [ -90.186110970418156, 20.441045308926427 ], [ -90.185587426304849, 20.446780276661297 ], [ -90.185587310907124, 20.446781538929713 ], [ -90.18525831024192, 20.453130168875358 ], [ -90.184841040249637, 20.459315969457876 ], [ -90.18478790015412, 20.46104613910806 ], [ -90.18549687075479, 20.461181399120935 ], [ -90.234207845727795, 20.470466591803497 ], [ -90.234207990094006, 20.47046661936945 ], [ -90.23160222246463, 20.482623079365688 ], [ -90.231597705392332, 20.482644142212322 ], [ -90.223766854042196, 20.519164022743492 ], [ -90.223766654488443, 20.519164969160784 ], [ -90.22376678009833, 20.519164979809251 ], [ -90.23250803027463, 20.519894049891594 ], [ -90.22924097030365, 20.543562889921418 ], [ -90.23475072016123, 20.544060349666918 ], [ -90.234936110181962, 20.544109029653004 ], [ -90.234583379986645, 20.545343180344176 ], [ -90.33523610988351, 20.541312309971708 ], [ -90.3352361104876, 20.576251164174153 ], [ -90.335236110451746, 20.576347709758746 ], [ -90.341133412867919, 20.553719145361164 ], [ -90.341138110092572, 20.553701119633885 ], [ -90.386648780203132, 20.555585800186332 ], [ -90.381876740206081, 20.747304660376887 ], [ -90.381876738354279, 20.747304726672215 ], [ -90.381821509844883, 20.749520230254895 ], [ -90.381820939917731, 20.749543379578036 ], [ -90.379356999588566, 20.848327289654645 ], [ -90.380437662861112, 20.848167009655814 ], [ -90.386343399617047, 20.847290949906736 ], [ -90.38650414595412, 20.847267104205482 ], [ -90.386659678490659, 20.847244031060949 ], [ -90.386660010007404, 20.847243981718226 ], [ -90.399847199198632, 20.845286800751072 ], [ -90.40110118928952, 20.845682763848203 ], [ -90.4011018500006, 20.845682972553988 ], [ -90.401112458815248, 20.845686315609175 ], [ -90.401127814612877, 20.845691164395088 ], [ -90.401388556317755, 20.845773493676415 ], [ -90.401398788607068, 20.845776723380105 ], [ -90.401450141763135, 20.845792939282205 ], [ -90.401523216786273, 20.845816012516416 ], [ -90.402382123956201, 20.846087207266397 ], [ -90.402384825206227, 20.846088061078323 ], [ -90.402414492735787, 20.846097427641428 ], [ -90.402903753836284, 20.846251908452235 ], [ -90.403102615818554, 20.846314696273126 ], [ -90.403129859213934, 20.846323297353116 ], [ -90.403131632115318, 20.84632385744635 ], [ -90.403166292423293, 20.846334800125351 ], [ -90.404192478482784, 20.846658800696311 ], [ -90.404260610749034, 20.846680311971419 ], [ -90.404263056651416, 20.846681084408974 ], [ -90.404524348856853, 20.846763581088414 ], [ -90.40461869276146, 20.846793175734831 ], [ -90.404772075866049, 20.846848425280193 ], [ -90.405095682953586, 20.847048300429492 ], [ -90.405324111212906, 20.847191068062195 ], [ -90.405543020566242, 20.847295764371289 ], [ -90.405866627728358, 20.847381424578337 ], [ -90.406689921288645, 20.847567023891173 ], [ -90.406751786957827, 20.847614612985208 ], [ -90.406766064098449, 20.847647924817164 ], [ -90.406765894600071, 20.847729310714449 ], [ -90.406783097703382, 20.848233205593097 ], [ -90.40683290983857, 20.848398341248544 ], [ -90.406877489490384, 20.84850528420715 ], [ -90.40692777185825, 20.84851633801399 ], [ -90.406974232712898, 20.84855984963967 ], [ -90.406985957582222, 20.848619982036677 ], [ -90.406978697641549, 20.848668554281364 ], [ -90.40688551487689, 20.848751039371948 ], [ -90.406373478219308, 20.849276191013914 ], [ -90.406255417410534, 20.849430663265576 ], [ -90.406143564249348, 20.84953953933374 ], [ -90.405858041677106, 20.849842888271944 ], [ -90.405432345440076, 20.850294894324406 ], [ -90.404949888111176, 20.850904315173484 ], [ -90.404671794261517, 20.851323829957867 ], [ -90.404479554599973, 20.851622241698205 ], [ -90.404289383582636, 20.852008105078877 ], [ -90.404078406190038, 20.852449575585268 ], [ -90.403844904894669, 20.853003716200913 ], [ -90.403731089499203, 20.853506770521655 ], [ -90.403394586130389, 20.854484036383724 ], [ -90.403285544256661, 20.854901966941906 ], [ -90.403099224128397, 20.855458496750366 ], [ -90.403060171643858, 20.855724267966391 ], [ -90.403060834976003, 20.855787892600471 ], [ -90.403104063120324, 20.855932060541928 ], [ -90.403132800302657, 20.85618067955021 ], [ -90.403092093607412, 20.856533979859243 ], [ -90.403035704029406, 20.856890902181572 ], [ -90.402994716693996, 20.857128591894352 ], [ -90.403034618986226, 20.857230363817646 ], [ -90.403077413481611, 20.857387743389435 ], [ -90.403128948535496, 20.857651745109266 ], [ -90.403132669485501, 20.857786883185049 ], [ -90.40311651126936, 20.857944588789675 ], [ -90.40309883898918, 20.858090137755902 ], [ -90.403107888460994, 20.858197230362151 ], [ -90.403116415438816, 20.858298141460278 ], [ -90.403061943907133, 20.858502053368678 ], [ -90.403006260720588, 20.85869624084803 ], [ -90.403324399815602, 20.858714694296715 ], [ -90.403329900379447, 20.858674656948228 ], [ -90.403903221845141, 20.858704840795021 ], [ -90.403947140257998, 20.858765980609384 ], [ -90.403948850564092, 20.858841244030668 ], [ -90.403875603810818, 20.858858783024786 ], [ -90.403324515245103, 20.858832219391299 ], [ -90.403326273760982, 20.85878804432819 ], [ -90.402973684877622, 20.858765039992107 ], [ -90.40292386989799, 20.858848323530317 ], [ -90.402792127740739, 20.859040425367848 ], [ -90.402503364376329, 20.859418177950467 ], [ -90.402204830457123, 20.859790368471273 ], [ -90.401791150954864, 20.860428313492889 ], [ -90.401539596648973, 20.860775586979916 ], [ -90.401250415615493, 20.861224947499 ], [ -90.400956866790196, 20.86173237156186 ], [ -90.400386096051946, 20.862594945746508 ], [ -90.399994689014605, 20.863308635775127 ], [ -90.399852210242685, 20.86358675559973 ], [ -90.399696832988596, 20.863903025822658 ], [ -90.3995388759826, 20.864249200232948 ], [ -90.399309547375722, 20.864680242615211 ], [ -90.399041608357138, 20.865150484294265 ], [ -90.398855615779169, 20.865524625008533 ], [ -90.398704274686281, 20.865756917126578 ], [ -90.398620864677682, 20.865907090021903 ], [ -90.398475885488992, 20.866139867706195 ], [ -90.398424722668025, 20.866250355469457 ], [ -90.398162022395368, 20.866696914720883 ], [ -90.397972067896333, 20.866968407365224 ], [ -90.397908778618927, 20.867108072802164 ], [ -90.39771418080467, 20.867433394307191 ], [ -90.397576336222272, 20.867657683759276 ], [ -90.397501093361697, 20.867787407619268 ], [ -90.397235979414873, 20.868224752555665 ], [ -90.396915741483696, 20.868781312771869 ], [ -90.396812807517691, 20.868972140717496 ], [ -90.396692760695544, 20.869212837536718 ], [ -90.39647544765873, 20.869599188564994 ], [ -90.395992944604899, 20.870464971053455 ], [ -90.395305663824402, 20.871749113677737 ], [ -90.395007940308716, 20.872304378512549 ], [ -90.394801887882238, 20.872836529212822 ], [ -90.394713308466876, 20.873046511264306 ], [ -90.394691462305232, 20.873225457889486 ], [ -90.394533049704691, 20.873725117091976 ], [ -90.394296375812047, 20.874315137029363 ], [ -90.393989353488479, 20.874978060229498 ], [ -90.393740293830589, 20.875488871559341 ], [ -90.393581533748929, 20.87584401424191 ], [ -90.393414685192695, 20.876367111966196 ], [ -90.3932705392305, 20.876849797646265 ], [ -90.393166294977448, 20.877389708388105 ], [ -90.393117312513198, 20.877542857037596 ], [ -90.393019678985581, 20.877828006321423 ], [ -90.392973235378633, 20.877965344081566 ], [ -90.392881073705027, 20.878142542810959 ], [ -90.392824515994434, 20.878308007525323 ], [ -90.39276444926486, 20.878469592287917 ], [ -90.392695196700188, 20.878648537355396 ], [ -90.392586207644769, 20.87897616891863 ], [ -90.392446666499225, 20.879435123901668 ], [ -90.392373900381997, 20.879743842947537 ], [ -90.392317646439992, 20.880039371807889 ], [ -90.392214845032242, 20.880428883715719 ], [ -90.392107915654677, 20.880821692585165 ], [ -90.392073221098727, 20.881357274177393 ], [ -90.392031306459742, 20.881798386558433 ], [ -90.391967103746083, 20.882096922354247 ], [ -90.391880096278314, 20.882325687847203 ], [ -90.391798089508484, 20.88258745522036 ], [ -90.391708859597614, 20.883093090281644 ], [ -90.391655321890056, 20.883342934018458 ], [ -90.391459017036993, 20.884318512587207 ], [ -90.391292453895119, 20.885210810764878 ], [ -90.391082199122536, 20.886089036672718 ], [ -90.391072829560457, 20.886187081122877 ], [ -90.391024120187041, 20.886331627336716 ], [ -90.39101638062894, 20.886363955674263 ], [ -90.390879653503092, 20.886870988744832 ], [ -90.390816562375477, 20.887393966314516 ], [ -90.39078087040086, 20.887899602443735 ], [ -90.390483437776211, 20.889196408224258 ], [ -90.390271953933762, 20.889681313082381 ], [ -90.39003728853973, 20.890279063135122 ], [ -90.389799343273566, 20.890885825160691 ], [ -90.389549498543687, 20.891724585313483 ], [ -90.389299656206845, 20.89259308887857 ], [ -90.389049812027665, 20.893235543370782 ], [ -90.388895147155409, 20.893550822060259 ], [ -90.388657200902216, 20.894050507734448 ], [ -90.388514433998779, 20.89462157860104 ], [ -90.388454946594749, 20.894913062675521 ], [ -90.388080182174818, 20.895918385004268 ], [ -90.387692564988157, 20.896960106043721 ], [ -90.387155897323552, 20.899128698922603 ], [ -90.386741870775893, 20.900513545035423 ], [ -90.386456334838954, 20.901412982254602 ], [ -90.386019512539775, 20.902370592120143 ], [ -90.385998831211182, 20.902439627441755 ], [ -90.385998799040607, 20.902441570063619 ], [ -90.385480379591911, 20.904197060323124 ], [ -90.3848951402979, 20.906613170660044 ], [ -90.38179870860678, 20.914934371128535 ], [ -90.380038284705208, 20.91991076321473 ], [ -90.379723659159893, 20.920550305346922 ], [ -90.379279639152955, 20.921506220658511 ], [ -90.378951476253519, 20.922189210425824 ], [ -90.378788270299722, 20.922920909480148 ], [ -90.378711904733038, 20.923518593243358 ], [ -90.378590096443645, 20.92381249824772 ], [ -90.378468026952547, 20.924157199261114 ], [ -90.378470119678184, 20.92425315001892 ], [ -90.378471952636517, 20.924337154520504 ], [ -90.378608630281732, 20.924375037532801 ], [ -90.378626599017153, 20.924327280112543 ], [ -90.378661243819124, 20.924335703285102 ], [ -90.378646578950793, 20.924380822883162 ], [ -90.378659832854467, 20.924387613953531 ], [ -90.378656196258532, 20.924411900239615 ], [ -90.378638024526282, 20.924426408701787 ], [ -90.37862001634285, 20.924456823674728 ], [ -90.378588551334843, 20.924447197701305 ], [ -90.378596733513561, 20.924405918797046 ], [ -90.378455897884891, 20.924364919634485 ], [ -90.3784050940573, 20.92451163704736 ], [ -90.378311460362269, 20.924764585360432 ], [ -90.378164012935798, 20.925165629798506 ], [ -90.378066474403582, 20.92566701726216 ], [ -90.378030395231292, 20.925899069811297 ], [ -90.377957929141729, 20.926107273757964 ], [ -90.377871857960244, 20.926398729467042 ], [ -90.377768417686426, 20.926631662375303 ], [ -90.377577804856074, 20.927020502414077 ], [ -90.377466704287386, 20.92726790381651 ], [ -90.37737796555939, 20.927553135028212 ], [ -90.377257637857127, 20.92794432723387 ], [ -90.37708490846498, 20.928385707518846 ], [ -90.376857014122933, 20.928946302842405 ], [ -90.376701135704735, 20.929452185933499 ], [ -90.37640789290819, 20.930323880105608 ], [ -90.376241184730873, 20.930732605640173 ], [ -90.376068190783371, 20.931176976918028 ], [ -90.375938224120844, 20.931441553411794 ], [ -90.375731968507537, 20.932036020900309 ], [ -90.375507058841634, 20.932869780898752 ], [ -90.375473974261368, 20.933106703246946 ], [ -90.375397043203932, 20.933292154633943 ], [ -90.375303044553462, 20.933601067458778 ], [ -90.375107581577552, 20.934082858037545 ], [ -90.374976915696848, 20.934482294183663 ], [ -90.374809405076917, 20.935011373886073 ], [ -90.374693877655702, 20.935420995765718 ], [ -90.374538180724443, 20.935776376009063 ], [ -90.374399790117749, 20.936042767241535 ], [ -90.374312492548114, 20.93638530635836 ], [ -90.374237490200358, 20.936770927871084 ], [ -90.374208383888657, 20.936922235423317 ], [ -90.37409098267743, 20.937205279098102 ], [ -90.373907209735606, 20.937700004410146 ], [ -90.373750101562663, 20.938239670779044 ], [ -90.373720312080223, 20.938341998454799 ], [ -90.373547261937944, 20.93900913215063 ], [ -90.373383142360566, 20.939758228438787 ], [ -90.373307717850793, 20.940074580840701 ], [ -90.373168007821633, 20.940467306479654 ], [ -90.373068666403796, 20.940763771085592 ], [ -90.372992981969745, 20.941083113900998 ], [ -90.372946484196376, 20.941287280690648 ], [ -90.372950182326747, 20.941433200914926 ], [ -90.372953746955929, 20.941573819852476 ], [ -90.372926091141778, 20.941782434975259 ], [ -90.372861188835799, 20.941940041045601 ], [ -90.372752223436905, 20.942171160182305 ], [ -90.372341374433304, 20.943702715821431 ], [ -90.372322294679009, 20.943773837818885 ], [ -90.372271557957788, 20.943962970346426 ], [ -90.372157997925441, 20.944216396113191 ], [ -90.3721192590138, 20.944330843231899 ], [ -90.372054274402203, 20.944452319109185 ], [ -90.372036526335791, 20.944583420856528 ], [ -90.372045724149174, 20.944804810061633 ], [ -90.371902909060083, 20.945337177035363 ], [ -90.371886378912677, 20.945541301642795 ], [ -90.371855298265714, 20.945641281962931 ], [ -90.371785883311603, 20.945773405204857 ], [ -90.371508180278738, 20.946808570985635 ], [ -90.371458605631958, 20.946946437648823 ], [ -90.371365058675835, 20.947307736494789 ], [ -90.371301266507231, 20.947489511199979 ], [ -90.371261569072729, 20.947652051673998 ], [ -90.371151971034166, 20.947992890493929 ], [ -90.371091879063613, 20.948168925648986 ], [ -90.371001582028441, 20.94836071847838 ], [ -90.370893455270263, 20.948647482127566 ], [ -90.370713435452771, 20.949172599850442 ], [ -90.3706508339598, 20.949414672447972 ], [ -90.370508247578826, 20.949785618396266 ], [ -90.370468629668778, 20.949978750541991 ], [ -90.370175648437367, 20.950833849438581 ], [ -90.370164625779921, 20.950997146525424 ], [ -90.370100132698155, 20.951224023400702 ], [ -90.369989077060126, 20.951507553557427 ], [ -90.369933537542536, 20.951705010041852 ], [ -90.369851393291555, 20.951987736362376 ], [ -90.369771239053662, 20.952210407586801 ], [ -90.36964596353593, 20.952494458760508 ], [ -90.369410939286169, 20.953288218072505 ], [ -90.369358698659411, 20.953644976392528 ], [ -90.36924334164901, 20.953904095488973 ], [ -90.369203382072158, 20.954069626568234 ], [ -90.36904687177767, 20.954433978476423 ], [ -90.368884511377232, 20.954791861651707 ], [ -90.368783439868409, 20.95503400878647 ], [ -90.368660782242415, 20.955223635963922 ], [ -90.368372399706743, 20.95594624987287 ], [ -90.368346683629383, 20.95601763652332 ], [ -90.368242125108424, 20.956178779867859 ], [ -90.368152234634223, 20.956439842383688 ], [ -90.367961967684948, 20.956897949399039 ], [ -90.36780105135621, 20.957313140803745 ], [ -90.367698682953844, 20.957570241411588 ], [ -90.367543795307114, 20.957952778889734 ], [ -90.367463375890082, 20.958178440235528 ], [ -90.367372031778032, 20.958382194620715 ], [ -90.367222499419512, 20.958665797223741 ], [ -90.367172725497895, 20.958833590254216 ], [ -90.367071647879925, 20.959075736901706 ], [ -90.366985894257837, 20.959288948573718 ], [ -90.366921494154212, 20.959440573178156 ], [ -90.366826964807558, 20.959644084316768 ], [ -90.366629388948382, 20.960038413793509 ], [ -90.366438594048375, 20.960502501672284 ], [ -90.366307125493393, 20.960799524968309 ], [ -90.366133050060171, 20.961144472691483 ], [ -90.366007611028451, 20.961408842003191 ], [ -90.365792635509834, 20.961856030727429 ], [ -90.365559124314657, 20.962443293814065 ], [ -90.365352842667903, 20.962864052257611 ], [ -90.365250051016517, 20.963051879687342 ], [ -90.365161806559911, 20.963219746034877 ], [ -90.365113815285866, 20.963383587482216 ], [ -90.364493199697037, 20.964456110692627 ], [ -90.363858708540263, 20.965772570466171 ], [ -90.363616281711529, 20.966300148751724 ], [ -90.363557348785619, 20.966428399799746 ], [ -90.363284458542623, 20.966894497478368 ], [ -90.362950410719193, 20.967495154205697 ], [ -90.362821885338278, 20.967735805704798 ], [ -90.362686872772684, 20.967996757043831 ], [ -90.362464678430484, 20.968426210646246 ], [ -90.362164381309157, 20.968933111110733 ], [ -90.361946054771607, 20.969263236581558 ], [ -90.36141060649463, 20.970176044983305 ], [ -90.361025595411107, 20.970772807036383 ], [ -90.360614104074472, 20.971394037454434 ], [ -90.360220987729434, 20.972025100858666 ], [ -90.359845017338941, 20.972635798027479 ], [ -90.359356020930306, 20.973396811311666 ], [ -90.359065385240399, 20.973865912821232 ], [ -90.358684029035871, 20.97449426012281 ], [ -90.358404138583055, 20.974928057047677 ], [ -90.358138196068069, 20.975334018160716 ], [ -90.357914905844211, 20.975736013422747 ], [ -90.35736493181129, 20.976579066496409 ], [ -90.357106936444396, 20.976982021216333 ], [ -90.356862579645565, 20.977360731170663 ], [ -90.356413535659073, 20.97805976735032 ], [ -90.356137140994264, 20.978497441272207 ], [ -90.35580836161661, 20.979006975667076 ], [ -90.355485666894864, 20.979535037763799 ], [ -90.355216818846472, 20.97992993686433 ], [ -90.354789973352382, 20.980594542039182 ], [ -90.35458839038813, 20.98087897838343 ], [ -90.354370365818895, 20.981219959971188 ], [ -90.354234273679168, 20.981458826897775 ], [ -90.353987322248344, 20.981822885092832 ], [ -90.353659549199264, 20.982365007511561 ], [ -90.353535450507621, 20.982554214387505 ], [ -90.353350620950224, 20.982779065302473 ], [ -90.352100968952897, 20.984803400112714 ], [ -90.35160042991474, 20.985537571181379 ], [ -90.351151420195635, 20.986279953458972 ], [ -90.350745285669433, 20.986971423450751 ], [ -90.35045867773772, 20.987467318289632 ], [ -90.350147629219506, 20.987949301599222 ], [ -90.349672237109942, 20.988773958656527 ], [ -90.349168252115135, 20.989632555377714 ], [ -90.348738322782609, 20.990376393474808 ], [ -90.348633420985124, 20.990565861998423 ], [ -90.348329820812651, 20.991168833603126 ], [ -90.34806360841516, 20.991577174162177 ], [ -90.347952808647292, 20.991790275262051 ], [ -90.347732335735458, 20.992144311369266 ], [ -90.34760210004417, 20.992404094577669 ], [ -90.347356147862456, 20.992756182074945 ], [ -90.347113332176178, 20.993190395686693 ], [ -90.346842017366214, 20.993598345053424 ], [ -90.346661770797326, 20.993902471972675 ], [ -90.346353241689798, 20.994384644412932 ], [ -90.346080146047115, 20.994753922624014 ], [ -90.345627743081636, 20.995475566383003 ], [ -90.345461001645774, 20.995742191197497 ], [ -90.345389713671906, 20.995972763960964 ], [ -90.34530302214867, 20.996144356692302 ], [ -90.345112047263186, 20.996394676537435 ], [ -90.345025470944194, 20.996624080007891 ], [ -90.344913417132119, 20.996851535783549 ], [ -90.34475633266058, 20.997065912203816 ], [ -90.344543013599463, 20.997396409501519 ], [ -90.344385098766764, 20.997620356480258 ], [ -90.344174982679831, 20.997854762028339 ], [ -90.344041298925461, 20.998095012710614 ], [ -90.34397113605516, 20.998253418891462 ], [ -90.34385967962848, 20.998355680672951 ], [ -90.343775889904748, 20.998493777740102 ], [ -90.343671303444324, 20.998635100260117 ], [ -90.343565519624065, 20.998814865594131 ], [ -90.343391308454187, 20.999012277263454 ], [ -90.343200207272943, 20.999256565578769 ], [ -90.343094028740651, 20.999371875265538 ], [ -90.342941474690065, 20.9996522276649 ], [ -90.342827629511319, 20.999782003919162 ], [ -90.342752331364352, 20.9999478444796 ], [ -90.342596448066004, 21.000155688401463 ], [ -90.342517258794601, 21.000366389811685 ], [ -90.342383265084479, 21.000506666533212 ], [ -90.342266305374878, 21.000672330220791 ], [ -90.342111458182103, 21.000868212055085 ], [ -90.342085863171064, 21.000941517109595 ], [ -90.342038565725417, 21.001043267335451 ], [ -90.341749910972467, 21.001340302498686 ], [ -90.341662248573826, 21.001426922659292 ], [ -90.341548731120795, 21.001589839096479 ], [ -90.34151209532908, 21.001716489800582 ], [ -90.341317400142202, 21.001891259169085 ], [ -90.341106074351927, 21.002109913730205 ], [ -90.34095466787015, 21.002303046881153 ], [ -90.340877997817273, 21.002447708377723 ], [ -90.340757188546945, 21.002546845382788 ], [ -90.340397376824669, 21.002961866842792 ], [ -90.340226600619104, 21.003156528731513 ], [ -90.340142710188644, 21.003273542377972 ], [ -90.339930530340268, 21.003465035250592 ], [ -90.339739747544897, 21.003742461050038 ], [ -90.339531033593516, 21.004078725747252 ], [ -90.339345627584834, 21.004257214371478 ], [ -90.339196033750326, 21.004429411341025 ], [ -90.339171474458738, 21.004490754378665 ], [ -90.339130283211389, 21.004595981713059 ], [ -90.338942398679819, 21.004729122493234 ], [ -90.338836802453514, 21.004874580340903 ], [ -90.338764540652946, 21.004968399276542 ], [ -90.338615393183531, 21.005098482434693 ], [ -90.338526309443139, 21.00527530926059 ], [ -90.338404787384562, 21.005419549169993 ], [ -90.338320045254491, 21.005509401757262 ], [ -90.337818926279496, 21.006000912331057 ], [ -90.337382330448463, 21.006376936246372 ], [ -90.33703587670945, 21.006711689589 ], [ -90.336524226046137, 21.007250559285488 ], [ -90.336343364809863, 21.007450466953433 ], [ -90.336264210443446, 21.007549779072583 ], [ -90.335928933884887, 21.007903448711541 ], [ -90.335754060774093, 21.008182089119412 ], [ -90.335679268381327, 21.008341946240346 ], [ -90.335614190716569, 21.008489579980257 ], [ -90.335402918987995, 21.008699282440098 ], [ -90.335177780998265, 21.008999966295502 ], [ -90.335073005627635, 21.00909599158982 ], [ -90.334934247922448, 21.009217293960486 ], [ -90.334817656714606, 21.009319219043764 ], [ -90.33460440349819, 21.009530253702806 ], [ -90.334354171118534, 21.009765432778401 ], [ -90.334147995536966, 21.010036737742563 ], [ -90.334003746412094, 21.010185617553887 ], [ -90.333820158517455, 21.010456725151172 ], [ -90.333629518434535, 21.010708603785147 ], [ -90.333498171502626, 21.010855099271776 ], [ -90.33331489425025, 21.011045787762889 ], [ -90.333268558710429, 21.01114584167324 ], [ -90.332550860022835, 21.011868261187452 ], [ -90.33232710319902, 21.012086851327197 ], [ -90.331255639099481, 21.013178435856027 ], [ -90.330479284963261, 21.013877660013726 ], [ -90.329870767668794, 21.014416321849239 ], [ -90.329348662977765, 21.014845993591493 ], [ -90.329186590469689, 21.015028668713708 ], [ -90.328536101313333, 21.015607465649389 ], [ -90.327814643224457, 21.016157652016766 ], [ -90.327382355115205, 21.016487312070947 ], [ -90.326687071573346, 21.016961515270278 ], [ -90.326544022974787, 21.017102292889849 ], [ -90.326365408151247, 21.017298149579446 ], [ -90.325822842088826, 21.017697342828619 ], [ -90.325719261233104, 21.017826692189974 ], [ -90.325249855552713, 21.01818090847754 ], [ -90.324954077723973, 21.018396690647581 ], [ -90.32485751567755, 21.018533803145843 ], [ -90.323984679083523, 21.019102776746138 ], [ -90.323344751824251, 21.019559532429845 ], [ -90.323226501050229, 21.019680531633693 ], [ -90.322967532339973, 21.019826875393917 ], [ -90.322874709955059, 21.019920920826095 ], [ -90.32285006431205, 21.020027413824504 ], [ -90.322503262088006, 21.020210380956627 ], [ -90.322325884897452, 21.020391877999714 ], [ -90.322144447150237, 21.020443005593481 ], [ -90.321407782401451, 21.020950146003351 ], [ -90.321301699306929, 21.021108203259921 ], [ -90.320777353333284, 21.021385944685427 ], [ -90.319938336542364, 21.022008069289363 ], [ -90.319199157989573, 21.02254391010565 ], [ -90.318932223189009, 21.022870275842845 ], [ -90.318514969322578, 21.023199571252462 ], [ -90.318295459433557, 21.023334481643271 ], [ -90.318144048820272, 21.023438485285947 ], [ -90.317954726472195, 21.023535969084577 ], [ -90.317861273999796, 21.023637188894295 ], [ -90.317735605555058, 21.023710649459943 ], [ -90.317563834064799, 21.02382754295472 ], [ -90.317415230854877, 21.0238992453408 ], [ -90.317336053891623, 21.023969044200456 ], [ -90.317213894383457, 21.024046386336142 ], [ -90.317019110716757, 21.024118161513751 ], [ -90.316942194706655, 21.024206197473596 ], [ -90.316759813599589, 21.024268085047581 ], [ -90.316568694346529, 21.024430459515447 ], [ -90.316201199874527, 21.024629892159954 ], [ -90.315620273757233, 21.024982761070678 ], [ -90.315101438666332, 21.025329550303965 ], [ -90.314799008342192, 21.025570458490506 ], [ -90.313692945293553, 21.026355005709391 ], [ -90.313274680233036, 21.026666147790806 ], [ -90.312820916797406, 21.027016715744235 ], [ -90.312697399143488, 21.027109606064169 ], [ -90.312618476953119, 21.02720591592729 ], [ -90.312154697502109, 21.027597864005223 ], [ -90.311425679088515, 21.028089895429414 ], [ -90.310456380267198, 21.028689943599034 ], [ -90.309668846401109, 21.029117267080121 ], [ -90.308966334412943, 21.029599279155427 ], [ -90.308363514126725, 21.02993029023871 ], [ -90.307619302193658, 21.030338934649091 ], [ -90.30705135791402, 21.030674707598607 ], [ -90.306723049213275, 21.03083618206135 ], [ -90.30640644005922, 21.031010595943524 ], [ -90.306207629422829, 21.031157918619659 ], [ -90.305981648658232, 21.031248964067316 ], [ -90.305595081291955, 21.031490264811765 ], [ -90.305076409014248, 21.031775620202321 ], [ -90.303865725854564, 21.032495601961038 ], [ -90.30342349791411, 21.032786818486819 ], [ -90.303001421599205, 21.033067537893878 ], [ -90.302297702640743, 21.03348921785269 ], [ -90.301693710334405, 21.033870378948784 ], [ -90.300966182303981, 21.034344418107306 ], [ -90.30036582860815, 21.034683703799285 ], [ -90.299774446780489, 21.034993570244005 ], [ -90.299374073844916, 21.035245840307148 ], [ -90.298498552898678, 21.035798829266547 ], [ -90.297942783757563, 21.036141529442233 ], [ -90.297784787130766, 21.036261869476 ], [ -90.29758960635381, 21.036367312002394 ], [ -90.297440064642217, 21.036464215739635 ], [ -90.297071301180026, 21.0365743948824 ], [ -90.29676897117217, 21.036731823439759 ], [ -90.296468203654712, 21.036871307124294 ], [ -90.295958704247681, 21.037271745797725 ], [ -90.295464952243009, 21.037565008137427 ], [ -90.294561075684129, 21.038001394328493 ], [ -90.294177595423378, 21.038206779548727 ], [ -90.29386379238062, 21.038495792431711 ], [ -90.293718765112686, 21.038761638059235 ], [ -90.293406524385404, 21.039032705892001 ], [ -90.293170502566056, 21.03916511387137 ], [ -90.292973854184993, 21.039363457756185 ], [ -90.291998368472221, 21.039971070560924 ], [ -90.291186604060783, 21.040395245886877 ], [ -90.290502584272119, 21.04076660880175 ], [ -90.289730242653036, 21.041150451664169 ], [ -90.289331790865745, 21.041365514508207 ], [ -90.288428914440459, 21.041803186564504 ], [ -90.287078030026436, 21.042550890251849 ], [ -90.286084579227918, 21.043022510134072 ], [ -90.28572792216039, 21.043234892171046 ], [ -90.284802172286774, 21.043705418902462 ], [ -90.283927021220478, 21.04409096909146 ], [ -90.28350357218072, 21.044357084621563 ], [ -90.283020297206889, 21.04466195671348 ], [ -90.282366727111082, 21.044977821407254 ], [ -90.281789194563501, 21.045304346437074 ], [ -90.281279921023852, 21.045554225787651 ], [ -90.280331474998718, 21.046073820178364 ], [ -90.279281583450228, 21.046638598706014 ], [ -90.279063500987775, 21.046785614120548 ], [ -90.278583547412168, 21.047052191505738 ], [ -90.278072346955199, 21.047441610946272 ], [ -90.277868070345036, 21.047592095309511 ], [ -90.277764107323165, 21.047725002728161 ], [ -90.277701125958217, 21.047785191777351 ], [ -90.277677627800415, 21.047833965557928 ], [ -90.277709593268355, 21.047908681340921 ], [ -90.277436545880022, 21.048082779827844 ], [ -90.277091932052642, 21.048327244049588 ], [ -90.276793817496241, 21.048568059293096 ], [ -90.276253484166602, 21.048938373086731 ], [ -90.275706818848491, 21.049337102297638 ], [ -90.275398171637519, 21.04956626588832 ], [ -90.275232032155614, 21.049661873532578 ], [ -90.275106147595963, 21.049816993463811 ], [ -90.274763636539987, 21.050001587606829 ], [ -90.274110794779105, 21.050337951002483 ], [ -90.273373095121755, 21.050808687739767 ], [ -90.272700944640249, 21.051233883201583 ], [ -90.272232976469624, 21.051656720155037 ], [ -90.271944685698514, 21.051872992461529 ], [ -90.271551041464562, 21.052149804483005 ], [ -90.270787815411921, 21.052604114232956 ], [ -90.269869216889106, 21.053118724112807 ], [ -90.269705577076053, 21.053185616576517 ], [ -90.269393024015756, 21.05337111456631 ], [ -90.268595940414954, 21.0537722290664 ], [ -90.268273797057475, 21.053935309072397 ], [ -90.267675635353783, 21.054218049962437 ], [ -90.266283882818257, 21.05490577449876 ], [ -90.265388007668122, 21.055292044499804 ], [ -90.264916501564869, 21.055490588795976 ], [ -90.264692435850606, 21.055632308697316 ], [ -90.264539257944179, 21.055667484976102 ], [ -90.264172228273807, 21.055859618354379 ], [ -90.263794982641215, 21.056036512737933 ], [ -90.263625086713716, 21.056160242973981 ], [ -90.263660431390349, 21.056225588521908 ], [ -90.263159316450498, 21.056439913308129 ], [ -90.263011399116763, 21.056517643986325 ], [ -90.262911281979399, 21.056606280237954 ], [ -90.262490350037396, 21.056754517921409 ], [ -90.262219918326466, 21.056865929649923 ], [ -90.261690487933095, 21.057110586495067 ], [ -90.261270612822898, 21.057334774371302 ], [ -90.260369060570113, 21.057785613192845 ], [ -90.259868012933666, 21.058057740492927 ], [ -90.259419033409372, 21.058316724531132 ], [ -90.258890030318028, 21.058568631070099 ], [ -90.25617367907563, 21.060158290936361 ], [ -90.255494889666281, 21.060555509799446 ], [ -90.255399111918081, 21.060609294835789 ], [ -90.253973319144919, 21.061409950444013 ], [ -90.252472279183309, 21.062435981263924 ], [ -90.250662429447431, 21.063539650057361 ], [ -90.248615718587331, 21.064638980240488 ], [ -90.248558843028817, 21.064665223234638 ], [ -90.24509357890193, 21.066264090004417 ], [ -90.242052828875046, 21.067994910417703 ], [ -90.239652779980332, 21.06919575052305 ], [ -90.238545524428133, 21.069885080230701 ], [ -90.2380754927363, 21.070281923710997 ], [ -90.237928140397884, 21.070499380514878 ], [ -90.237830631769441, 21.070660465656324 ], [ -90.236563107252863, 21.071508077613267 ], [ -90.235699313465915, 21.072067684281329 ], [ -90.235025470849095, 21.072509467392305 ], [ -90.234581305135492, 21.072746168857982 ], [ -90.23438340121352, 21.07288143943677 ], [ -90.233887282002911, 21.073111407732487 ], [ -90.233494949336361, 21.07338952105707 ], [ -90.232969919280038, 21.07368417038256 ], [ -90.232279340116904, 21.074084060684527 ], [ -90.231438829470392, 21.074512689887417 ], [ -90.230662199353958, 21.074963321269042 ], [ -90.230157952791302, 21.07519748096804 ], [ -90.229117509833983, 21.075680629916217 ], [ -90.226231508975005, 21.077046819527819 ], [ -90.224135049981825, 21.078121660904444 ], [ -90.221375049513497, 21.079434090846107 ], [ -90.22101919920587, 21.079769981130372 ], [ -90.22043268981065, 21.079944619645097 ], [ -90.220284878537939, 21.080213351021559 ], [ -90.216949779370751, 21.081954281250937 ], [ -90.216800476795171, 21.082067553549681 ], [ -90.21552631921837, 21.083034220358282 ], [ -90.214997380009294, 21.083366290851938 ], [ -90.214490508558839, 21.083795690681264 ], [ -90.213677999310988, 21.084220600942626 ], [ -90.212309218978803, 21.085018370791161 ], [ -90.211620779599315, 21.085424169881932 ], [ -90.210878349456891, 21.085864029862485 ], [ -90.210275948607531, 21.086219110821865 ], [ -90.209860819973287, 21.086416510847254 ], [ -90.209266709958797, 21.08677512085157 ], [ -90.208550769834616, 21.087193030747802 ], [ -90.205238078629407, 21.089032030918307 ], [ -90.202316428525165, 21.090879230237011 ], [ -90.199695859886191, 21.092552181319302 ], [ -90.199603710069042, 21.092611029980983 ], [ -90.198102808109056, 21.09347536255196 ], [ -90.197379249258418, 21.094023192668153 ], [ -90.195261528255244, 21.095700712829785 ], [ -90.193191396515104, 21.097104595147833 ], [ -90.191906487771377, 21.098044482089271 ], [ -90.189289081346359, 21.099733898781487 ], [ -90.185803170993964, 21.102101463145889 ], [ -90.183809063422672, 21.103391358057053 ], [ -90.181507110953547, 21.104796397819804 ], [ -90.178940920173787, 21.106489369954616 ], [ -90.177359800373537, 21.107570080322006 ], [ -90.175059153258303, 21.10910865810747 ], [ -90.174084324621504, 21.109894196557537 ], [ -90.171074307330485, 21.112214171896653 ], [ -90.168326029575127, 21.114296199608674 ], [ -90.165898978896792, 21.115949925922472 ], [ -90.164518892361727, 21.11685412134063 ], [ -90.162903709707621, 21.117866520048658 ], [ -90.159320620089915, 21.11994402986365 ], [ -90.157900140364646, 21.120869800180625 ], [ -90.156607829933733, 21.121639720421573 ], [ -90.155252370089215, 21.122381709795455 ], [ -90.154116220241164, 21.123115919644643 ], [ -90.152923813836892, 21.124051905103141 ], [ -90.152350654741227, 21.124437364714115 ], [ -90.15088684737789, 21.12534380298279 ], [ -90.147592660295459, 21.127246479799588 ], [ -90.144589850052284, 21.129004019897739 ], [ -90.142786205961727, 21.129977101818863 ], [ -90.140081828052971, 21.13122606533679 ], [ -90.137500112226178, 21.132558563643066 ], [ -90.136825552973619, 21.132895847107612 ], [ -90.135466200106521, 21.133525109636732 ], [ -90.124160842778323, 21.139023806443515 ], [ -90.121742462186816, 21.140511879934724 ], [ -90.118224793742584, 21.142207807601142 ], [ -90.114821539935164, 21.143742579782089 ], [ -90.110623800341244, 21.145739429808135 ], [ -90.107297490101644, 21.147309460258413 ], [ -90.104954150825435, 21.148660526053245 ], [ -90.10353808685575, 21.149455865430824 ], [ -90.102919348730765, 21.150062850505336 ], [ -90.102378059979358, 21.150360089712819 ], [ -90.10184862028747, 21.150806549965843 ], [ -90.10079522971148, 21.15150208000464 ], [ -90.099721020129138, 21.152106879696632 ], [ -90.099430509537484, 21.152275489923891 ], [ -90.099164509886776, 21.152456110231562 ], [ -90.098849161702901, 21.152659160069792 ], [ -90.098573679825364, 21.152836540397253 ], [ -90.098104423531439, 21.153075448944286 ], [ -90.098058910402514, 21.153098620400147 ], [ -90.097870860937931, 21.153226832398499 ], [ -90.097530211426829, 21.153459087075895 ], [ -90.097113925575002, 21.154254476636634 ], [ -90.096333057938551, 21.154670895429113 ], [ -90.095409579393703, 21.155124942888573 ], [ -90.095176509733577, 21.155290749844273 ], [ -90.094612320417667, 21.155552769609553 ], [ -90.09282997273273, 21.156143678522241 ], [ -90.091093483748594, 21.156755302941537 ], [ -90.08925178155296, 21.157212159018716 ], [ -90.08718165035755, 21.157583354581256 ], [ -90.083198432579152, 21.158282915795557 ], [ -90.080514400569925, 21.158711218976759 ], [ -90.077701878196279, 21.159110968937814 ], [ -90.07596011234898, 21.159410781100288 ], [ -90.074088266169397, 21.159682827813871 ], [ -90.071834126940701, 21.1600104046769 ], [ -90.068721792072736, 21.160224556654239 ], [ -90.064124672826011, 21.16049581482693 ], [ -90.061183660381545, 21.16062430574555 ], [ -90.056772139215767, 21.161095439008712 ], [ -90.055445948193864, 21.161276001231567 ], [ -90.053442480451594, 21.161433323200349 ], [ -90.051524237096743, 21.16192193176105 ], [ -90.051276330961699, 21.162002242745071 ], [ -90.050182617615661, 21.162356554307745 ], [ -90.049654378267832, 21.162504080386302 ], [ -90.049646524065821, 21.162525399411777 ], [ -90.049554439653093, 21.163018044315834 ], [ -90.049478708673348, 21.163788894272063 ], [ -90.049532688648739, 21.164022802949901 ], [ -90.049621064801187, 21.164393371590695 ], [ -90.049620068805837, 21.164394429889089 ], [ -90.049620740162183, 21.164397170331029 ], [ -90.049616355035056, 21.164398375585577 ], [ -90.049457024679711, 21.164442167921038 ], [ -90.049417288819015, 21.164453089641601 ], [ -90.049237709600817, 21.16384554015011 ], [ -90.049371246580336, 21.162681409618916 ], [ -90.049143969189601, 21.162391665185186 ], [ -90.04899204914463, 21.162377920006779 ], [ -90.048797200171208, 21.161631139773316 ], [ -90.0486617792088, 21.161505311199075 ], [ -90.04867471988959, 21.16116875120472 ], [ -90.048606250005236, 21.160917450785973 ], [ -90.048539629300947, 21.160781060308885 ], [ -90.048642029696353, 21.160712889564735 ], [ -90.048636417847248, 21.160686197885479 ], [ -90.048599170142566, 21.160509050514275 ], [ -90.04846990985034, 21.160021619663979 ], [ -90.048460718482104, 21.159917648866344 ], [ -90.048397966398042, 21.159694531668862 ], [ -90.048317513677617, 21.159586015401047 ], [ -90.048289173338461, 21.159547788536958 ], [ -90.048275578609449, 21.159529450878736 ], [ -90.047670749303109, 21.159633400234558 ], [ -90.047932949692751, 21.160543091209558 ], [ -90.047953897592294, 21.160597625359358 ], [ -90.047999060353632, 21.160715199817801 ], [ -90.04797758796326, 21.160719760784808 ], [ -90.047310396248307, 21.160861483317859 ], [ -90.047302078574191, 21.160863249892312 ], [ -90.047193078829608, 21.16080945068374 ], [ -90.046859308349156, 21.159383878099028 ], [ -90.046856279870184, 21.159370940903099 ], [ -90.046466140221355, 21.159444420278042 ], [ -90.046483324432302, 21.159509665125281 ], [ -90.04684128025707, 21.16086873973023 ], [ -90.046827060346232, 21.160893685344838 ], [ -90.04678818923162, 21.160961871822465 ], [ -90.046782689237915, 21.160971520257593 ], [ -90.046149289680443, 21.161098109911659 ], [ -90.046019879599655, 21.160828290804432 ], [ -90.04575101204216, 21.159733283513731 ], [ -90.045730970367543, 21.159651660222742 ], [ -90.045431888767098, 21.159722800181605 ], [ -90.045632697846656, 21.160807789943462 ], [ -90.045667748635267, 21.160997170180053 ], [ -90.045608058614476, 21.161095429991143 ], [ -90.045532814941012, 21.161113332294928 ], [ -90.045457009043076, 21.161228688750356 ], [ -90.045257133590042, 21.161262002016031 ], [ -90.045123679536616, 21.161210673454477 ], [ -90.045031929448427, 21.161423833602598 ], [ -90.044877964853043, 21.161335880645471 ], [ -90.044738987226523, 21.161349453074969 ], [ -90.044799129961561, 21.161621891910627 ], [ -90.044835988244429, 21.161611080988223 ], [ -90.044939157032232, 21.161600376342541 ], [ -90.044988892296928, 21.161595601568532 ], [ -90.045049937747152, 21.161582076263059 ], [ -90.045082032321858, 21.161574955582434 ], [ -90.045159983340426, 21.161564803830565 ], [ -90.045357919184852, 21.161526714119031 ], [ -90.045406327354058, 21.161516655270212 ], [ -90.045611254033872, 21.16147409434237 ], [ -90.045838734497778, 21.161428683401894 ], [ -90.047748897358787, 21.161056951431444 ], [ -90.047955443119591, 21.161152545911172 ], [ -90.048093450591082, 21.161314350196097 ], [ -90.04819338868019, 21.161980598836013 ], [ -90.048283807602502, 21.16266112529711 ], [ -90.048445611947798, 21.163208401043825 ], [ -90.048754942266527, 21.163969827881896 ], [ -90.04889295030523, 21.164283917358201 ], [ -90.049045236221176, 21.164621800850568 ], [ -90.049059513255131, 21.164797880845114 ], [ -90.048983370498334, 21.164912094721586 ], [ -90.049121378885431, 21.165530755135876 ], [ -90.049292700233195, 21.166301700050418 ], [ -90.049116620290889, 21.166344529704862 ], [ -90.04904999541958, 21.166120861169315 ], [ -90.047974477942375, 21.166120861110581 ], [ -90.046644462144585, 21.166113878902731 ], [ -90.044859842748565, 21.166040911081485 ], [ -90.04230192339476, 21.16598737324292 ], [ -90.041028911277678, 21.166005218939286 ], [ -90.039785643416778, 21.16613014098122 ], [ -90.038768423384155, 21.166219371234494 ], [ -90.038543089347144, 21.166248923883433 ], [ -90.037399487552079, 21.166273048229399 ], [ -90.035194433229748, 21.166577113333119 ], [ -90.033907163485225, 21.166842325769942 ], [ -90.032250423828415, 21.167276088217861 ], [ -90.031955204258523, 21.167418512751439 ], [ -90.032032645272963, 21.167846183134635 ], [ -90.032087485753053, 21.167836030996039 ], [ -90.03215644151966, 21.168214853217041 ], [ -90.032021502994183, 21.168237410844586 ], [ -90.031950469553777, 21.168249284549194 ], [ -90.031894906762474, 21.167864286076302 ], [ -90.031957994093887, 21.167850578907231 ], [ -90.031872383936715, 21.167483900305992 ], [ -90.031869397398964, 21.167471105253178 ], [ -90.030950614089789, 21.167592951666343 ], [ -90.030494575443882, 21.167634260916412 ], [ -90.030015241958196, 21.167738786422863 ], [ -90.029496338538564, 21.167818523836576 ], [ -90.029092360410814, 21.167898846765713 ], [ -90.028605799655821, 21.167997982346915 ], [ -90.027780176311751, 21.16814372654764 ], [ -90.027387461463078, 21.168209789715878 ], [ -90.026856593469603, 21.168330442012856 ], [ -90.022844943769783, 21.169039634471883 ], [ -90.022378602105505, 21.16912206861484 ], [ -90.019934592994076, 21.169598684756544 ], [ -90.017567052017085, 21.170153542854269 ], [ -90.016101361558455, 21.17046000639828 ], [ -90.015704960428835, 21.170580553638374 ], [ -90.014669083742547, 21.170895561024125 ], [ -90.01367847188601, 21.171130916057226 ], [ -90.013393526950139, 21.1712801296365 ], [ -90.013151146353977, 21.171341160728232 ], [ -90.012884645928523, 21.171488686877993 ], [ -90.012675254205334, 21.171555312468996 ], [ -90.011932861724688, 21.171740909792007 ], [ -90.011238058675389, 21.171888437125691 ], [ -90.010552773521582, 21.172059758043595 ], [ -90.009658097416434, 21.17228818627148 ], [ -90.00875390226453, 21.172616551914516 ], [ -90.007573285846078, 21.172969891563319 ], [ -90.005024187394298, 21.173665903719215 ], [ -89.999790775295324, 21.175094692773836 ], [ -89.99662634084217, 21.176243054751705 ], [ -89.994641355287484, 21.177069799659556 ], [ -89.993804724217057, 21.177576875398383 ], [ -89.992958286532883, 21.177737186387706 ], [ -89.992220110057232, 21.178131652667407 ], [ -89.990962051936776, 21.178803921025239 ], [ -89.98798180996576, 21.18018826424818 ], [ -89.985692186165394, 21.181202926140944 ], [ -89.982636132139774, 21.182629388541901 ], [ -89.98232273789263, 21.18279748216694 ], [ -89.979408884332614, 21.184360323304926 ], [ -89.975951767502082, 21.186362187784059 ], [ -89.974271570937162, 21.18745363855356 ], [ -89.972985253514594, 21.188277380990311 ], [ -89.971438689515182, 21.189138417281743 ], [ -89.970015405364421, 21.189999524186835 ], [ -89.969332266946537, 21.190398592024309 ], [ -89.9685130479767, 21.190825473197375 ], [ -89.967717570858028, 21.191331318619611 ], [ -89.967418940166127, 21.19168411021467 ], [ -89.96600203819365, 21.192493467874684 ], [ -89.965684596133286, 21.192687954387072 ], [ -89.964649235218971, 21.193390977259227 ], [ -89.963370307299641, 21.194085077357631 ], [ -89.962953509699901, 21.194360199691918 ], [ -89.961929030220077, 21.194968050218581 ], [ -89.960888539832908, 21.195481863221246 ], [ -89.960314113089169, 21.195817161681692 ], [ -89.958829328546145, 21.196630937378419 ], [ -89.958301088522674, 21.196895058139201 ], [ -89.95611674387979, 21.198165689801272 ], [ -89.953525511347067, 21.199707579643299 ], [ -89.952361954284882, 21.200521355981092 ], [ -89.95228750575248, 21.200576680745673 ], [ -89.951781579945674, 21.201080419759212 ], [ -89.95121706556192, 21.201402824558038 ], [ -89.950864920127685, 21.201603939643611 ], [ -89.950731985870618, 21.201917138168348 ], [ -89.950695420014, 21.202003289820016 ], [ -89.950279665479002, 21.202186696834218 ], [ -89.950014980219095, 21.202303459861437 ], [ -89.948493280216852, 21.203216309893289 ], [ -89.948371624810576, 21.203308058773555 ], [ -89.947638880412015, 21.203718268167997 ], [ -89.946494202523411, 21.204426052180477 ], [ -89.94488092857209, 21.205482531717387 ], [ -89.943970703978152, 21.205986497819545 ], [ -89.943668803620099, 21.206141607065586 ], [ -89.942565168919018, 21.206790823174838 ], [ -89.941433090355972, 21.207566940087119 ], [ -89.940583622300707, 21.208130871746388 ], [ -89.940141043452371, 21.208494929903743 ], [ -89.939320129366195, 21.208987477820138 ], [ -89.938610044852879, 21.209504758403085 ], [ -89.93833947619369, 21.209719620255989 ], [ -89.93791703726005, 21.209977823393107 ], [ -89.937777155181166, 21.210039630773384 ], [ -89.937307104948658, 21.210358048420687 ], [ -89.937172339870727, 21.21050029994176 ], [ -89.937136519827277, 21.210521650070802 ], [ -89.934358660230274, 21.212209340029705 ], [ -89.933255779622442, 21.212946986362752 ], [ -89.933117632276847, 21.21300954821983 ], [ -89.930796899308305, 21.214227051121579 ], [ -89.929162208640236, 21.215190733417494 ], [ -89.927506105198461, 21.216133000000379 ], [ -89.925807168532742, 21.216989606156069 ], [ -89.924665027591544, 21.217524983749119 ], [ -89.924315246648732, 21.21781052041915 ], [ -89.924122511301448, 21.218024671158172 ], [ -89.923587131983226, 21.218288790747007 ], [ -89.921859643563735, 21.218952660843694 ], [ -89.920496213138563, 21.219659360918399 ], [ -89.918984891235624, 21.220481736013927 ], [ -89.917233971268814, 21.2214867873491 ], [ -89.916085117288063, 21.222024062437818 ], [ -89.914929463330921, 21.222413586749365 ], [ -89.913798029902679, 21.222877582334206 ], [ -89.912331092062402, 21.223380837684001 ], [ -89.911324579612753, 21.223719910580371 ], [ -89.911202787998207, 21.223750057363684 ], [ -89.910860153385329, 21.224308577926188 ], [ -89.90996714868524, 21.224997298835579 ], [ -89.90954564076003, 21.225322378590516 ], [ -89.909067122243854, 21.225727787763102 ], [ -89.908868067650431, 21.225798191037267 ], [ -89.908666071978473, 21.226043601806154 ], [ -89.90842996764043, 21.226130504384642 ], [ -89.908167096134875, 21.226253031976199 ], [ -89.907979437795476, 21.226339356199322 ], [ -89.907760582199131, 21.2265528302805 ], [ -89.907653506257247, 21.226642060129393 ], [ -89.907519662287726, 21.226683700245118 ], [ -89.907141922022646, 21.226787801573618 ], [ -89.906591671588487, 21.227004927292125 ], [ -89.906193111957819, 21.227272617151073 ], [ -89.905910550916914, 21.227468921644903 ], [ -89.905458454331082, 21.227680098656268 ], [ -89.905277020282014, 21.227721739707484 ], [ -89.905030150658391, 21.227793124093829 ], [ -89.904688103362176, 21.227894250839462 ], [ -89.904354977812886, 21.228001327435685 ], [ -89.904230057484966, 21.228051889727006 ], [ -89.904164621970352, 21.228120300064329 ], [ -89.90409918584831, 21.228227375647215 ], [ -89.903965341703753, 21.22834039985004 ], [ -89.903760112752352, 21.228453424170208 ], [ -89.903346681760894, 21.228575371802204 ], [ -89.903046274800161, 21.22864972971831 ], [ -89.902751816948069, 21.228747882650776 ], [ -89.902549561880406, 21.22882818918475 ], [ -89.902451410084481, 21.228950136598357 ], [ -89.902448435384898, 21.229036392458195 ], [ -89.902496025000445, 21.229110749921109 ], [ -89.902543614303212, 21.229116698960386 ], [ -89.90260310017014, 21.229143468317456 ], [ -89.902635817795655, 21.229226749300327 ], [ -89.902614997915322, 21.229327876226062 ], [ -89.902549561842591, 21.22941710574074 ], [ -89.902326488174594, 21.229547976375638 ], [ -89.901817878206373, 21.229821614246887 ], [ -89.901187321298906, 21.230172585024647 ], [ -89.900485380014217, 21.23059493862662 ], [ -89.900271228796882, 21.230725810185508 ], [ -89.900018411293601, 21.230835860113288 ], [ -89.899810207787965, 21.230907242995094 ], [ -89.899254008686327, 21.23108272919773 ], [ -89.898956575855095, 21.231145189652402 ], [ -89.898418223375188, 21.231377187002497 ], [ -89.898430120896634, 21.231427750922187 ], [ -89.898406326205901, 21.231496160375482 ], [ -89.898358737096416, 21.231594312875103 ], [ -89.897942330947373, 21.232028563829275 ], [ -89.89771033372935, 21.232180254739355 ], [ -89.897603258410129, 21.2322070238022 ], [ -89.8970381359469, 21.232302201911278 ], [ -89.896041737024149, 21.232483635983066 ], [ -89.895512307300748, 21.232563943246394 ], [ -89.8951702594225, 21.232608558239448 ], [ -89.894825236905874, 21.23269183891826 ], [ -89.893944836616853, 21.232920861861409 ], [ -89.893718787526552, 21.232983323186513 ], [ -89.893626583710059, 21.233024964431266 ], [ -89.893504635923463, 21.233105271105728 ], [ -89.893382688753391, 21.233179628552197 ], [ -89.893251819296623, 21.233230191593851 ], [ -89.892966282944656, 21.233322395624782 ], [ -89.892588543631405, 21.233402702581813 ], [ -89.8923297774449, 21.233465164329775 ], [ -89.892014499369765, 21.233542496639348 ], [ -89.891880653983634, 21.233578187600514 ], [ -89.891725988782937, 21.233667417613702 ], [ -89.891612965370896, 21.233774494428054 ], [ -89.891375018743332, 21.233869672110995 ], [ -89.8907742048915, 21.234074900826986 ], [ -89.890532008526804, 21.23427355482568 ], [ -89.890187693760623, 21.234600415195693 ], [ -89.889499621944253, 21.234849398711216 ], [ -89.888816083291786, 21.235048141185679 ], [ -89.888093796098232, 21.235277537440481 ], [ -89.88761201761595, 21.235433257220624 ], [ -89.887311874265251, 21.235569660327148 ], [ -89.887141295791267, 21.235665749741202 ], [ -89.886989333540882, 21.235754883166035 ], [ -89.886830708140124, 21.235818189019369 ], [ -89.886656490452737, 21.235854958516168 ], [ -89.886428688753412, 21.235887473580515 ], [ -89.886226923268978, 21.235930488492489 ], [ -89.885856844205335, 21.236044472478621 ], [ -89.88554533892659, 21.236081380614785 ], [ -89.88524314791006, 21.236207492910935 ], [ -89.884691113484109, 21.236393090958053 ], [ -89.883696497641935, 21.236685764543946 ], [ -89.883375270609989, 21.236752388613851 ], [ -89.88299217792833, 21.236792840049613 ], [ -89.882751851717771, 21.236845188245152 ], [ -89.882447280554331, 21.236935607654434 ], [ -89.882161746204019, 21.237028406860979 ], [ -89.881977016386514, 21.237076554702099 ], [ -89.881943950446001, 21.237087820063373 ], [ -89.879303088016528, 21.237770876259937 ], [ -89.87773190334309, 21.238094233711671 ], [ -89.876560062492445, 21.238434843784994 ], [ -89.874802291490738, 21.238945742755654 ], [ -89.873506659534144, 21.239290950986831 ], [ -89.87113723789021, 21.240085709945816 ], [ -89.869103310937334, 21.240921558832557 ], [ -89.868517100883707, 21.241265291224682 ], [ -89.864438998773466, 21.242177582897167 ], [ -89.864270983298738, 21.242212298842695 ], [ -89.864116394163872, 21.242253495232358 ], [ -89.86388478841036, 21.24232784184407 ], [ -89.863420061066961, 21.24249327893499 ], [ -89.862936503633975, 21.242616859533523 ], [ -89.862649038780063, 21.242712061035597 ], [ -89.862427119620349, 21.242778742345699 ], [ -89.861973208829895, 21.242812282394997 ], [ -89.861233195604314, 21.242936014185847 ], [ -89.860612156597881, 21.243040709758507 ], [ -89.860000636168692, 21.243181097566818 ], [ -89.859529502069165, 21.243292933285197 ], [ -89.859198756587332, 21.243361937345629 ], [ -89.857625934197415, 21.243595123969261 ], [ -89.856888300857221, 21.243685544295509 ], [ -89.856550416721134, 21.243742650734138 ], [ -89.855727123507364, 21.243935387198047 ], [ -89.854308964798378, 21.244268512244478 ], [ -89.853802139972828, 21.244377966939183 ], [ -89.853486161334217, 21.244451713302393 ], [ -89.853232464419406, 21.244512690930566 ], [ -89.852994950151469, 21.244552818815205 ], [ -89.852694161511167, 21.244596342830995 ], [ -89.85223986060268, 21.244745712248381 ], [ -89.851716037302594, 21.244777655590433 ], [ -89.851417920130686, 21.244816263686424 ], [ -89.850919184751788, 21.244934285062516 ], [ -89.850751671099431, 21.244964742028234 ], [ -89.850586059771814, 21.244993295793257 ], [ -89.850289454291513, 21.245148397141449 ], [ -89.850101395899557, 21.245181615475992 ], [ -89.84977458098038, 21.245271251751063 ], [ -89.849462307195807, 21.245313855271096 ], [ -89.849219298160151, 21.245314998770453 ], [ -89.849074627121027, 21.245383527224586 ], [ -89.848853813446667, 21.245478706169958 ], [ -89.848545434439231, 21.245600533752491 ], [ -89.848296066959051, 21.245667159317748 ], [ -89.848181853060382, 21.245695713187509 ], [ -89.847909683441785, 21.245884165865931 ], [ -89.847760584580186, 21.24596605166435 ], [ -89.847577078446363, 21.246127529337567 ], [ -89.847356646564975, 21.246688252647651 ], [ -89.846724897376006, 21.247249955428334 ], [ -89.845950973251121, 21.247622031845623 ], [ -89.845050915813772, 21.247907143905188 ], [ -89.845022362056255, 21.247976148038198 ], [ -89.844955737274731, 21.247985665728795 ], [ -89.844929563238082, 21.247940456293236 ], [ -89.844863492107223, 21.247706205831321 ], [ -89.844853890126544, 21.247710339588917 ], [ -89.844113600024002, 21.247897079812766 ], [ -89.844161586265955, 21.248058860614801 ], [ -89.844233927814841, 21.248207789221588 ], [ -89.844390020721818, 21.248556142086006 ], [ -89.844593701689618, 21.249012997686709 ], [ -89.844685073983399, 21.249233812155556 ], [ -89.844812613399611, 21.249271883849215 ], [ -89.844938248256057, 21.249420362067074 ], [ -89.845023909261798, 21.249825821955909 ], [ -89.84498774131113, 21.249957168185059 ], [ -89.845271257365482, 21.25067923704605 ], [ -89.845306850306656, 21.250749420451843 ], [ -89.845127539524071, 21.250811680308921 ], [ -89.845099243564619, 21.250719698211132 ], [ -89.844880189922165, 21.250703843330768 ], [ -89.843935543589794, 21.250661012665837 ], [ -89.843293088595985, 21.25064435690258 ], [ -89.84278155054561, 21.250743667586722 ], [ -89.841407674906364, 21.250786204132488 ], [ -89.838776655333021, 21.251116308745281 ], [ -89.836060287610678, 21.251593774796188 ], [ -89.834107175007802, 21.252001285622985 ], [ -89.833755500765449, 21.252009238705988 ], [ -89.833240080224826, 21.252165479878798 ], [ -89.83317294114174, 21.252190835771763 ], [ -89.83227065482798, 21.252214537181551 ], [ -89.830458198829419, 21.252431455434802 ], [ -89.829164376234957, 21.252527070493585 ], [ -89.82849438711628, 21.252545926158394 ], [ -89.828283185412545, 21.25260739240986 ], [ -89.828318074200098, 21.252718603432896 ], [ -89.828223199399062, 21.252843560574433 ], [ -89.82806194761973, 21.252921057551472 ], [ -89.827769439424287, 21.252957967194046 ], [ -89.827413773160501, 21.252941804146285 ], [ -89.827403654461904, 21.252902221128632 ], [ -89.827291159367704, 21.252889076133926 ], [ -89.827259450301611, 21.252885371414219 ], [ -89.824222965046289, 21.253241250414863 ], [ -89.823777666756541, 21.253600350700058 ], [ -89.823669476021394, 21.253687597126877 ], [ -89.823627392893556, 21.253721534112465 ], [ -89.823617910887435, 21.253729180528481 ], [ -89.823596654828819, 21.253728982778714 ], [ -89.82355186367856, 21.253728565727016 ], [ -89.823538242689253, 21.253728438889322 ], [ -89.822495548998162, 21.253718730127318 ], [ -89.822453760746129, 21.253728315819128 ], [ -89.821296519083688, 21.253993771194526 ], [ -89.82014595285402, 21.254229604439303 ], [ -89.820145884016725, 21.25422919642175 ], [ -89.819883965382928, 21.254282199261521 ], [ -89.819637925631824, 21.254331987416144 ], [ -89.819648256747286, 21.254389511362739 ], [ -89.818679511354318, 21.254502954307977 ], [ -89.817565777763676, 21.254577293656151 ], [ -89.816686836502242, 21.254741763076751 ], [ -89.815834851320076, 21.254904015550302 ], [ -89.816047517523941, 21.256249270131015 ], [ -89.816094103271681, 21.256245759965012 ], [ -89.816150440312029, 21.256644217782451 ], [ -89.816010682816128, 21.256654746483498 ], [ -89.815946038089393, 21.256262854444916 ], [ -89.815984968616206, 21.256258734105995 ], [ -89.815777484267088, 21.25491494035353 ], [ -89.815735166283758, 21.254922999390828 ], [ -89.814950962251729, 21.255034884772563 ], [ -89.813828365382989, 21.255188980423014 ], [ -89.813193182513729, 21.255250567061491 ], [ -89.812990046396834, 21.255270262666283 ], [ -89.812988111717374, 21.255270567171088 ], [ -89.811959115870764, 21.255432566979312 ], [ -89.811957112444219, 21.255432836839361 ], [ -89.810817548395534, 21.255586101534298 ], [ -89.810815555145311, 21.255586344871706 ], [ -89.809717577129263, 21.255720613538958 ], [ -89.809715665570565, 21.25572084517329 ], [ -89.80890226436027, 21.255818658640109 ], [ -89.808706627687343, 21.255842184322468 ], [ -89.808641433370184, 21.255857050265671 ], [ -89.807029712772973, 21.256224549349369 ], [ -89.806866300663657, 21.256253135154029 ], [ -89.806014062772547, 21.256402244279816 ], [ -89.805950872787506, 21.256413275858016 ], [ -89.805351758473705, 21.256517828661739 ], [ -89.804990794002165, 21.256604032077473 ], [ -89.803993344974188, 21.256842217117772 ], [ -89.802821771174422, 21.257066518065077 ], [ -89.802779246212395, 21.257077410323337 ], [ -89.801812627919873, 21.257324854063604 ], [ -89.801288324739602, 21.257459070711477 ], [ -89.801264184592029, 21.257465226482015 ], [ -89.799737877799004, 21.257854063858833 ], [ -89.799731494392361, 21.257855629993998 ], [ -89.799714898308949, 21.257859708381059 ], [ -89.799348429197011, 21.257949632851862 ], [ -89.798146630364428, 21.258244542633591 ], [ -89.798115109163533, 21.258251191581717 ], [ -89.797667803956173, 21.258345581724345 ], [ -89.797683352797293, 21.258425167093982 ], [ -89.797489693199537, 21.258457263722697 ], [ -89.797306759960065, 21.258394370815775 ], [ -89.796525694393424, 21.25853145461101 ], [ -89.796505980547366, 21.258535639465183 ], [ -89.794987934214575, 21.258858044391499 ], [ -89.794962528764287, 21.258864592546185 ], [ -89.793409169157172, 21.259265171252249 ], [ -89.79337750248888, 21.259279112397564 ], [ -89.79185030375767, 21.259951553260425 ], [ -89.791822838976245, 21.25996364360395 ], [ -89.791610882105616, 21.260056971705382 ], [ -89.79085418881418, 21.26061931592421 ], [ -89.790875331801459, 21.26075671350543 ], [ -89.790440815276568, 21.260871697864758 ], [ -89.79040839105204, 21.260879054464134 ], [ -89.788804513298601, 21.261242661088261 ], [ -89.787164918241501, 21.261563252349024 ], [ -89.785567634297934, 21.26180709936196 ], [ -89.785529659957447, 21.26181288881639 ], [ -89.783980746823886, 21.262049021060033 ], [ -89.783974642095288, 21.262050018735636 ], [ -89.782387925794879, 21.262311599480164 ], [ -89.782247404164863, 21.262334764098199 ], [ -89.780833580784218, 21.262632989672202 ], [ -89.780663570346093, 21.262668849821814 ], [ -89.779260081556487, 21.262987196908938 ], [ -89.779081948728617, 21.26302760066346 ], [ -89.777276079603354, 21.263235490163233 ], [ -89.775286379834043, 21.263707119793473 ], [ -89.775249624496951, 21.26371939036456 ], [ -89.773543980077719, 21.264288819885898 ], [ -89.772068910415328, 21.264781119635636 ], [ -89.772068443767694, 21.264781357287838 ], [ -89.771935520028237, 21.264849194878273 ], [ -89.771252110111078, 21.265197970153043 ], [ -89.771174018529038, 21.265278536999777 ], [ -89.771051109606134, 21.26540534036608 ], [ -89.76965684453053, 21.26600133796261 ], [ -89.769655109662665, 21.266002079616271 ], [ -89.769654446448882, 21.266002245957278 ], [ -89.76959376712864, 21.266017483371133 ], [ -89.768863400454507, 21.266200889846139 ], [ -89.768751911092252, 21.26621889664138 ], [ -89.768067859882905, 21.266329380087683 ], [ -89.768000625834134, 21.266343808370294 ], [ -89.767587230278352, 21.266432520201437 ], [ -89.767136489658711, 21.266527479940663 ], [ -89.76701327892512, 21.266543010615742 ], [ -89.766985693196474, 21.26654648809113 ], [ -89.766214600448393, 21.26664367973969 ], [ -89.766121798069022, 21.266648038959264 ], [ -89.765328090396352, 21.266685320331966 ], [ -89.765210623183549, 21.266706357204765 ], [ -89.764387532679777, 21.266853761163667 ], [ -89.76412039960978, 21.266901599922168 ], [ -89.763354882760822, 21.267089189597147 ], [ -89.762983400349626, 21.26718021960609 ], [ -89.762833408716176, 21.267208074984342 ], [ -89.760983849629284, 21.267551550226806 ], [ -89.76092466228468, 21.267568452221639 ], [ -89.75930645956683, 21.268030550221372 ], [ -89.759199219082987, 21.268041972241665 ], [ -89.757536800249071, 21.268219020213603 ], [ -89.75745354494326, 21.268227274769977 ], [ -89.757290679642807, 21.268243423145151 ], [ -89.756734369705541, 21.268298580286618 ], [ -89.755968219677214, 21.268437520054771 ], [ -89.754155019566596, 21.268874580391795 ], [ -89.754079092749024, 21.268888182431169 ], [ -89.753364770196526, 21.269016149675512 ], [ -89.753213940004912, 21.269061890150169 ], [ -89.751872939765761, 21.269468649596757 ], [ -89.751725915480989, 21.269501919249446 ], [ -89.750900169605586, 21.26968877020181 ], [ -89.750862097275871, 21.269695402333806 ], [ -89.749965539571761, 21.269851569708901 ], [ -89.749319920358502, 21.269976259656538 ], [ -89.74907209502085, 21.270034606299053 ], [ -89.748344950137749, 21.270205800029714 ], [ -89.748185619782006, 21.27024119063535 ], [ -89.747265479691052, 21.270445570384958 ], [ -89.747172708314451, 21.270457285080003 ], [ -89.746304319566335, 21.270566939533385 ], [ -89.745394878330998, 21.270731855435237 ], [ -89.745394820982511, 21.270731866313469 ], [ -89.745358097925831, 21.270738462468056 ], [ -89.744492289722672, 21.270893980307907 ], [ -89.744417375627933, 21.270905095325706 ], [ -89.743581630180998, 21.27102908973669 ], [ -89.743501034836996, 21.271041033175862 ], [ -89.742655399547488, 21.271166349641142 ], [ -89.742699780456661, 21.271360219766365 ], [ -89.742564063577035, 21.271398796093074 ], [ -89.741729120066381, 21.271636120246448 ], [ -89.741613821570823, 21.271659846642255 ], [ -89.740791939630526, 21.271828969572422 ], [ -89.740727058194906, 21.271849432293681 ], [ -89.739878770160928, 21.272116969983159 ], [ -89.738982939494633, 21.27234538031556 ], [ -89.738948329634042, 21.272353572789356 ], [ -89.738138419842386, 21.27254528033642 ], [ -89.738072030137772, 21.272575598014473 ], [ -89.737348080478014, 21.272906200074303 ], [ -89.737189442217755, 21.272946896735061 ], [ -89.736328449654692, 21.273167769853078 ], [ -89.736308418437687, 21.273173556592802 ], [ -89.736237514141422, 21.273194040910244 ], [ -89.735373850342853, 21.27344355032826 ], [ -89.735317428846813, 21.273453850082127 ], [ -89.734256710463953, 21.273647479818106 ], [ -89.734194166406866, 21.273657842728916 ], [ -89.733187249926431, 21.273824680439802 ], [ -89.733150374215228, 21.273829060252567 ], [ -89.732139339932587, 21.273949149660687 ], [ -89.732047721238501, 21.273963689497215 ], [ -89.731072509835769, 21.274118449914624 ], [ -89.731000108390219, 21.274129368049213 ], [ -89.73001714956041, 21.274277600305236 ], [ -89.729947712749137, 21.274288801808417 ], [ -89.728934149704472, 21.274452310339051 ], [ -89.728904426928636, 21.2744591011779 ], [ -89.727954140365227, 21.274676219644466 ], [ -89.727864176363127, 21.274692584086484 ], [ -89.726923020028664, 21.274863780115229 ], [ -89.726850616841162, 21.274877435744035 ], [ -89.724910859891295, 21.275243259942194 ], [ -89.724896460735678, 21.275246326949585 ], [ -89.724876496758043, 21.275285814530644 ], [ -89.724500575883894, 21.275377258252327 ], [ -89.724488367937155, 21.27533324804909 ], [ -89.722949378588638, 21.275661030203054 ], [ -89.722637311512628, 21.275778063622564 ], [ -89.722593928334149, 21.275866572863904 ], [ -89.721794396930562, 21.276020800143463 ], [ -89.721229855923355, 21.276172670754736 ], [ -89.720844574016027, 21.276276316575416 ], [ -89.720370345620026, 21.276405204164874 ], [ -89.7199101800188, 21.276493880793897 ], [ -89.719171249646294, 21.276671649945094 ], [ -89.718148109394562, 21.276971980741681 ], [ -89.717500402334352, 21.276952865406248 ], [ -89.716775344555913, 21.277066352963953 ], [ -89.715980284451334, 21.277277492543117 ], [ -89.715489375130147, 21.277356177608695 ], [ -89.714471272736859, 21.277564164427513 ], [ -89.713713426081611, 21.277711955661612 ], [ -89.713404971528377, 21.277772880802676 ], [ -89.713305472605299, 21.277792531507469 ], [ -89.712654291240597, 21.277881583948801 ], [ -89.712056796997004, 21.278045109561074 ], [ -89.711911901087845, 21.278084765452544 ], [ -89.71191280507324, 21.278316837716993 ], [ -89.711961279772709, 21.278640750794104 ], [ -89.711925105781802, 21.27867639387809 ], [ -89.711787195030269, 21.278699992507203 ], [ -89.711722537574715, 21.278507792048504 ], [ -89.711691221125903, 21.278381909505082 ], [ -89.711295374256892, 21.278387954768153 ], [ -89.710457510933807, 21.278483155059931 ], [ -89.710240605709714, 21.278527083905914 ], [ -89.710099935682734, 21.278555573694252 ], [ -89.709355591766325, 21.278640225529212 ], [ -89.709302795816825, 21.278647161297183 ], [ -89.708894983005692, 21.278700730397549 ], [ -89.708445229903063, 21.278772447943634 ], [ -89.708302408529732, 21.278804819428075 ], [ -89.708044986230746, 21.278863166833407 ], [ -89.707503934924461, 21.278973818185058 ], [ -89.707481777452372, 21.279257586843286 ], [ -89.707389630307702, 21.279318405842609 ], [ -89.707378862296892, 21.279211510477872 ], [ -89.707034680573287, 21.279207889363498 ], [ -89.706380573968445, 21.279275696509096 ], [ -89.705575212140971, 21.279422888257525 ], [ -89.704877916200857, 21.279569140965616 ], [ -89.704315683182585, 21.279644339764555 ], [ -89.703897088926809, 21.279779302313035 ], [ -89.703623369995725, 21.279908291169701 ], [ -89.703761740672078, 21.280694514856744 ], [ -89.703761750166819, 21.280694570267482 ], [ -89.703780145128363, 21.280928832650819 ], [ -89.703780149468486, 21.280928891289413 ], [ -89.703781137425636, 21.280949632487907 ], [ -89.703781139836551, 21.280949690971081 ], [ -89.703771428907416, 21.280964521041852 ], [ -89.702855078712176, 21.28263800068023 ], [ -89.702779889902658, 21.282783881148717 ], [ -89.702758710365345, 21.282822720417258 ], [ -89.702701296548753, 21.282846788819761 ], [ -89.702735841478585, 21.283015195592164 ], [ -89.703095735183084, 21.284472615872847 ], [ -89.703113580994327, 21.284526153006819 ], [ -89.70309870918652, 21.284603485874868 ], [ -89.703071939586536, 21.28464512636101 ], [ -89.703027325344635, 21.284654049020382 ], [ -89.702976761756176, 21.284651075020971 ], [ -89.702908351572503, 21.284624305794583 ], [ -89.702875634741332, 21.284546973590512 ], [ -89.70272394381125, 21.283711187720197 ], [ -89.70261324359592, 21.282883700681037 ], [ -89.702566370229661, 21.282903350316914 ], [ -89.702565437639848, 21.282903061155693 ], [ -89.702565276971967, 21.282903011781396 ], [ -89.702564970821129, 21.282902916988316 ], [ -89.701743940493657, 21.282648379891459 ], [ -89.700514800192181, 21.282530059987476 ], [ -89.700435550121384, 21.282522779984241 ], [ -89.700435337928937, 21.28252278383426 ], [ -89.700435066397759, 21.282522788367668 ], [ -89.700433932675111, 21.282522806309032 ], [ -89.700233766989868, 21.282526015052177 ], [ -89.700166023341637, 21.282622585196609 ], [ -89.699978640830423, 21.282955709259941 ], [ -89.699859667714634, 21.283256116130211 ], [ -89.699856693947297, 21.283303704592203 ], [ -89.699883462419166, 21.283482165378182 ], [ -89.699948898311547, 21.283589241083551 ], [ -89.700478327650188, 21.283755802625894 ], [ -89.700621094728717, 21.283800417901002 ], [ -89.700763862866779, 21.283845033121661 ], [ -89.701204062554893, 21.283972929085266 ], [ -89.70198928499012, 21.284228720554189 ], [ -89.702093386554679, 21.284279284173884 ], [ -89.702117180783006, 21.28432092517075 ], [ -89.702084463580675, 21.284338770684258 ], [ -89.700954219619931, 21.284009810357553 ], [ -89.699858657421515, 21.283662468756635 ], [ -89.69948686575016, 21.283466163225043 ], [ -89.69943332794243, 21.283769544056732 ], [ -89.69942440536299, 21.283837954231753 ], [ -89.699394662242725, 21.283852824738524 ], [ -89.699341124145462, 21.283820108191215 ], [ -89.699281636808578, 21.283701135096468 ], [ -89.699287586355382, 21.283611904712245 ], [ -89.699305431627153, 21.283409651133645 ], [ -89.69931732913561, 21.283373958717114 ], [ -89.699353021457284, 21.283266883274283 ], [ -89.699388712998157, 21.283136013033882 ], [ -89.699433327841817, 21.282948630087152 ], [ -89.699482960191816, 21.282613720864823 ], [ -89.699454659404807, 21.282610720816265 ], [ -89.699163460320861, 21.282489001340444 ], [ -89.699045548657011, 21.282464030970253 ], [ -89.698960599327307, 21.282446021094131 ], [ -89.698574768805344, 21.282364280335827 ], [ -89.698573635258782, 21.282364264578966 ], [ -89.698573417859507, 21.282364261631471 ], [ -89.698226750335238, 21.282359551219702 ], [ -89.697474820062666, 21.282326459712323 ], [ -89.696463229729488, 21.282315580499425 ], [ -89.696462663732916, 21.282315511198888 ], [ -89.696461962307467, 21.282315424606985 ], [ -89.696009478536354, 21.282259650780681 ], [ -89.696009476128694, 21.282259592297351 ], [ -89.695980456621768, 21.281740700084242 ], [ -89.695545140013891, 21.281732131154758 ], [ -89.694783014483733, 21.281746117160971 ], [ -89.693924132254935, 21.281761873895569 ], [ -89.693495828749562, 21.281794592379576 ], [ -89.692889067464719, 21.281842180885725 ], [ -89.691601183430393, 21.281952231429251 ], [ -89.69114108849962, 21.281993716317366 ], [ -89.690512580262549, 21.282050383763963 ], [ -89.68980469025044, 21.282151510808401 ], [ -89.689224697082821, 21.282228842943709 ], [ -89.688716086561016, 21.282279407371156 ], [ -89.688061734995941, 21.282341867905124 ], [ -89.687291384748889, 21.282431096686675 ], [ -89.686872005405505, 21.282502480623886 ], [ -89.686602127329081, 21.282537649526141 ], [ -89.685822066592706, 21.282639300394802 ], [ -89.685602680465095, 21.282667648896513 ], [ -89.685292636775301, 21.282707710290055 ], [ -89.684727514952627, 21.282776118675169 ], [ -89.684680733860759, 21.282783091566095 ], [ -89.68362998940907, 21.282939706651259 ], [ -89.68351727315823, 21.28296133883013 ], [ -89.683335531053814, 21.282996218934606 ], [ -89.68304404679381, 21.283073552400221 ], [ -89.682541173090598, 21.283172787177637 ], [ -89.681928673907152, 21.283293652196178 ], [ -89.681571754717993, 21.283356112963759 ], [ -89.681361388046412, 21.28339417918864 ], [ -89.68125945084698, 21.283412624864372 ], [ -89.681063144994511, 21.283475085802252 ], [ -89.680170847084852, 21.28379333914803 ], [ -89.679489727156749, 21.284049130664464 ], [ -89.678511172596075, 21.28433466614236 ], [ -89.678098737233242, 21.284465439401124 ], [ -89.677828268470392, 21.284551196951952 ], [ -89.676626640322993, 21.284922393338672 ], [ -89.676331586594671, 21.28501281325671 ], [ -89.675781932285645, 21.285174616139578 ], [ -89.675441669382494, 21.285269793652393 ], [ -89.674820628955118, 21.285426838770039 ], [ -89.673942349233059, 21.285640972876504 ], [ -89.673571411654905, 21.285731409860695 ], [ -89.673202595923257, 21.285788516874415 ], [ -89.672652939751231, 21.285878936280909 ], [ -89.67233647179512, 21.285938422554782 ], [ -89.671703536482482, 21.286062154845908 ], [ -89.671451312872065, 21.286124020884586 ], [ -89.670925451950595, 21.286257271346987 ], [ -89.670463836099273, 21.286366726226206 ], [ -89.670104538129067, 21.286440488930189 ], [ -89.669861833287939, 21.286473802219643 ], [ -89.669707168200389, 21.286480940151485 ], [ -89.669526328571081, 21.286521391397255 ], [ -89.669067290687394, 21.286646387225701 ], [ -89.669019502570677, 21.286659400123256 ], [ -89.668510299127988, 21.286825962384128 ], [ -89.667259891747761, 21.287295311036818 ], [ -89.666769128033053, 21.287506488099741 ], [ -89.666593643016085, 21.28763735827588 ], [ -89.666465747268958, 21.287741459916141 ], [ -89.665991044291047, 21.288001297103058 ], [ -89.665839711309985, 21.288076964183713 ], [ -89.665855204450068, 21.28829671714567 ], [ -89.665880231146332, 21.288577351641955 ], [ -89.665955898011319, 21.289291191019363 ], [ -89.666021570950306, 21.289879392915505 ], [ -89.666052979632042, 21.2899750480499 ], [ -89.666111514726524, 21.290517564629859 ], [ -89.665993017369317, 21.290534697404862 ], [ -89.665935909846496, 21.289987896965592 ], [ -89.665909140871278, 21.289521997962279 ], [ -89.665755547124903, 21.288086825622038 ], [ -89.665275848334971, 21.288364747126703 ], [ -89.664952359835453, 21.288552300752638 ], [ -89.665061110229161, 21.289550829632514 ], [ -89.665073118438841, 21.289592191692879 ], [ -89.665138553113877, 21.289806344339322 ], [ -89.665251577232198, 21.290109725346955 ], [ -89.665394345293933, 21.290499361617229 ], [ -89.665465729262664, 21.29075812815465 ], [ -89.665510343955845, 21.290972279718833 ], [ -89.665563881668263, 21.291302430190449 ], [ -89.665873211670132, 21.294074501889071 ], [ -89.666158747062696, 21.296751395789826 ], [ -89.666307463161587, 21.297935178237054 ], [ -89.666438333861706, 21.299297418623333 ], [ -89.666491871231102, 21.299600799741278 ], [ -89.666545408620763, 21.300046948901588 ], [ -89.666706023279872, 21.301629290744941 ], [ -89.666885423506571, 21.303169397354743 ], [ -89.666998449205821, 21.304017080338784 ], [ -89.667126344716252, 21.304894506399975 ], [ -89.667179883024716, 21.304894505989825 ], [ -89.66727208666174, 21.304927223553008 ], [ -89.667286957968471, 21.304945069700882 ], [ -89.667313726871654, 21.305049171283386 ], [ -89.667310752587355, 21.305150298188295 ], [ -89.667257214838386, 21.305592877897766 ], [ -89.667107308935627, 21.306856371554318 ], [ -89.667107309150779, 21.307013415954231 ], [ -89.667143001148247, 21.30736676621137 ], [ -89.6672143845432, 21.308012790314422 ], [ -89.667253645751174, 21.30831973964851 ], [ -89.667296475755677, 21.308623121884253 ], [ -89.667321460540734, 21.30882299574326 ], [ -89.667325029938837, 21.309347666687565 ], [ -89.667321461047607, 21.309629634215487 ], [ -89.667278630024569, 21.310486239788908 ], [ -89.66732859882562, 21.311082295309124 ], [ -89.667574873175525, 21.313387992238184 ], [ -89.667635548593267, 21.313941216633882 ], [ -89.667774748283577, 21.315161880210947 ], [ -89.667850452457145, 21.315501951530102 ], [ -89.667911691265687, 21.315503049768623 ], [ -89.667970478863765, 21.316041118359372 ], [ -89.668105673033295, 21.317278491114198 ], [ -89.668283270917911, 21.318903947976029 ], [ -89.669270223494024, 21.327936252716505 ], [ -89.669270229916805, 21.327936309705272 ], [ -89.669305167609139, 21.327972514954833 ], [ -89.669780860938275, 21.328465460286647 ], [ -89.669900373714867, 21.329450721962193 ], [ -89.669900379089839, 21.32945077977713 ], [ -89.669799299446709, 21.330054720650327 ], [ -89.669799290098183, 21.33005478000873 ], [ -89.669644062747651, 21.330222621640029 ], [ -89.669831792176524, 21.33048977263655 ], [ -89.669962661714322, 21.330671207160997 ], [ -89.670147070652121, 21.330912127918463 ], [ -89.670498040800794, 21.331420737137417 ], [ -89.670536707289799, 21.331518890332564 ], [ -89.670628910917614, 21.331875808994258 ], [ -89.670652706250934, 21.331973961844731 ], [ -89.670735986625957, 21.33234277923647 ], [ -89.670774653380136, 21.332646160455276 ], [ -89.670780601962107, 21.332925747302117 ], [ -89.67071219309382, 21.333330254633061 ], [ -89.670611064585302, 21.333666354224714 ], [ -89.670503990266042, 21.334008401347152 ], [ -89.670328504435503, 21.334329629371574 ], [ -89.670188711125817, 21.334573523372335 ], [ -89.670088039634066, 21.334821690201402 ], [ -89.670518465571547, 21.338373266557749 ], [ -89.672371866652895, 21.338330097162665 ], [ -89.673174934849669, 21.338312251271155 ], [ -89.673445597926644, 21.338309276915226 ], [ -89.673487239020602, 21.338344969325924 ], [ -89.673525905376081, 21.338538299664108 ], [ -89.673516982257254, 21.338600761388541 ], [ -89.673549699570444, 21.338657273192513 ], [ -89.67365082745647, 21.338692964715062 ], [ -89.673760877118241, 21.338692964865565 ], [ -89.674210000238077, 21.338675119081071 ], [ -89.674379537052587, 21.33866024783585 ], [ -89.674662097573488, 21.338687016828871 ], [ -89.674882197517618, 21.338761375076114 ], [ -89.674977375599241, 21.338847629980791 ], [ -89.675010094105872, 21.339017166657147 ], [ -89.675024965921267, 21.339156960388696 ], [ -89.675001170556513, 21.339272958754751 ], [ -89.674974402069253, 21.339326496988566 ], [ -89.674900044474256, 21.339359213960616 ], [ -89.67472455938335, 21.3393800351575 ], [ -89.672996474598051, 21.339439521120564 ], [ -89.672425403711998, 21.339433571678146 ], [ -89.671762336044949, 21.339447740452506 ], [ -89.671768549654544, 21.340098631152596 ], [ -89.671768550039474, 21.340098690386554 ], [ -89.673012208881516, 21.340094037052811 ], [ -89.673014111071097, 21.340094030303256 ], [ -89.673038888153272, 21.34147277178781 ], [ -89.673038889503772, 21.341472831099615 ], [ -89.674210520045577, 21.34146335086136 ], [ -89.674210520624541, 21.341463291705338 ], [ -89.67421002101274, 21.341417800059194 ], [ -89.675371840090335, 21.341401487647808 ], [ -89.675373741232193, 21.341401460745018 ], [ -89.67537357032316, 21.341485829942389 ], [ -89.675373569661474, 21.341485890002538 ], [ -89.675658110005912, 21.341483769822741 ], [ -89.675658109536201, 21.341483711492938 ], [ -89.675656420905611, 21.341404920322031 ], [ -89.675753318259979, 21.341404273626139 ], [ -89.675755221049883, 21.341404260513769 ], [ -89.675762575197041, 21.341487401723089 ], [ -89.675762579443841, 21.341487461268596 ], [ -89.676038220080628, 21.341479909591996 ], [ -89.676038220742001, 21.341479849531851 ], [ -89.676038461393787, 21.341448800293122 ], [ -89.676231607477192, 21.341446166119912 ], [ -89.676233509501458, 21.341446140188463 ], [ -89.676231781729001, 21.341524820471815 ], [ -89.67623178010264, 21.341524880454088 ], [ -89.676106956014308, 21.341526846792107 ], [ -89.676105478961333, 21.341656702997152 ], [ -89.675623042569939, 21.34171178740776 ], [ -89.674072229236742, 21.341724873732495 ], [ -89.674069255497116, 21.341671336639696 ], [ -89.672941985100223, 21.341683233774948 ], [ -89.672608861343789, 21.341730823094395 ], [ -89.672623515764997, 21.341925376168177 ], [ -89.672067534351655, 21.341936051659644 ], [ -89.671897012917881, 21.341936051452993 ], [ -89.671895851099492, 21.342013539808779 ], [ -89.671895850436186, 21.342013599868931 ], [ -89.671820523764211, 21.342042135036525 ], [ -89.67181566549867, 21.342072589333256 ], [ -89.671807285973685, 21.342141316811457 ], [ -89.671578376004192, 21.342174648975014 ], [ -89.670956650761738, 21.342248750118834 ], [ -89.670998556564257, 21.342665388822386 ], [ -89.671215910686527, 21.344826354662764 ], [ -89.67125851651403, 21.344943095201302 ], [ -89.67272688244941, 21.344931198242762 ], [ -89.673143763674645, 21.344938812409978 ], [ -89.673290338954715, 21.345134879815962 ], [ -89.673456119255135, 21.345295834279916 ], [ -89.673691693595103, 21.345292734783087 ], [ -89.673693570250492, 21.345292710474226 ], [ -89.67461515995501, 21.346183689202533 ], [ -89.67462127226743, 21.346189599139549 ], [ -89.674621427632317, 21.346189749211991 ], [ -89.674621618772505, 21.346189933139573 ], [ -89.674622369605956, 21.346190659544476 ], [ -89.675977962254365, 21.344905430366278 ], [ -89.676090089996109, 21.344799120364495 ], [ -89.678866677956862, 21.344775636161177 ], [ -89.678868580078628, 21.344775620219917 ], [ -89.678866622855537, 21.344888138698142 ], [ -89.680152228383676, 21.344869807907774 ], [ -89.681148032613876, 21.344855530627022 ], [ -89.681326746983501, 21.345385715761939 ], [ -89.681513291136227, 21.345389510517897 ], [ -89.681559218917855, 21.347067760312921 ], [ -89.681559220272163, 21.347067819624876 ], [ -89.681435992721305, 21.347070410433712 ], [ -89.681441181890719, 21.347181454233244 ], [ -89.681269860546948, 21.347188593150371 ], [ -89.681232097590808, 21.347230460843914 ], [ -89.681302738384232, 21.348732770912989 ], [ -89.681303268279919, 21.348744046692961 ], [ -89.681303317095768, 21.348745091688034 ], [ -89.681303319498198, 21.348745150173784 ], [ -89.681347156416265, 21.348719022064127 ], [ -89.681509854501485, 21.348622048957203 ], [ -89.681423616476522, 21.348466808946679 ], [ -89.681532521090759, 21.348163517009297 ], [ -89.681628046517005, 21.348103745924149 ], [ -89.68184746517241, 21.348105881779901 ], [ -89.681991208494097, 21.34797278403607 ], [ -89.682185137017839, 21.34803959935671 ], [ -89.682262213213562, 21.347959399497132 ], [ -89.682377853832932, 21.347862693131297 ], [ -89.682440556129748, 21.347840564728504 ], [ -89.682354894945462, 21.347726351055158 ], [ -89.683059215683855, 21.347300427136449 ], [ -89.683110731054441, 21.347373833655205 ], [ -89.683297129420012, 21.347184059040263 ], [ -89.683761196453659, 21.346934713841929 ], [ -89.683991369794711, 21.347193471132091 ], [ -89.684091306827213, 21.347257715925878 ], [ -89.684162690828302, 21.347311253897978 ], [ -89.684191243687366, 21.347482574528488 ], [ -89.684109153385364, 21.347607496891857 ], [ -89.683909278293072, 21.347693156679753 ], [ -89.683791495366549, 21.347664604390442 ], [ -89.683626121779326, 21.347716951881022 ], [ -89.682878971892762, 21.348154773126225 ], [ -89.682612471874904, 21.348349889054433 ], [ -89.682407838045918, 21.348521210266426 ], [ -89.681931945778956, 21.348792467940115 ], [ -89.681632134391549, 21.348954272219657 ], [ -89.68110865307159, 21.349192217846532 ], [ -89.681018233085837, 21.349220770804649 ], [ -89.680875465421465, 21.34917318234962 ], [ -89.680628000907504, 21.349116075028757 ], [ -89.68035674323329, 21.349068485849699 ], [ -89.679395440799752, 21.348944754311631 ], [ -89.678424620524908, 21.348840057935867 ], [ -89.676839900430977, 21.348663977790615 ], [ -89.675716794349825, 21.348554522219114 ], [ -89.67524090194965, 21.348483139064207 ], [ -89.67502675045553, 21.348402237207779 ], [ -89.674888741028084, 21.34833561204599 ], [ -89.674174903217519, 21.347371929759507 ], [ -89.67372280554946, 21.346747322381368 ], [ -89.673597883876837, 21.346699731797301 ], [ -89.673359937544916, 21.346669989004489 ], [ -89.672063132406137, 21.346675937590273 ], [ -89.671771648478384, 21.346687834658848 ], [ -89.671676469370311, 21.346640246266364 ], [ -89.670861503858603, 21.345843127253115 ], [ -89.670730632764545, 21.345676564048908 ], [ -89.670700890490238, 21.34551000192015 ], [ -89.670671146862091, 21.345051955993803 ], [ -89.670587865945805, 21.344028787962422 ], [ -89.670546225333112, 21.343612382400259 ], [ -89.670409406001014, 21.342422650747821 ], [ -89.670373714253742, 21.342178756637995 ], [ -89.670284483563194, 21.341363791298065 ], [ -89.670111974415278, 21.339739808589069 ], [ -89.670028691996833, 21.338889152198696 ], [ -89.669826438469073, 21.337203304028925 ], [ -89.669702706040397, 21.336203930079105 ], [ -89.669555179730196, 21.334933298249702 ], [ -89.669431448294802, 21.333705495635961 ], [ -89.669298198202625, 21.332577631324703 ], [ -89.669188742680774, 21.331649642428999 ], [ -89.669079286642344, 21.33069785705371 ], [ -89.669007903714743, 21.3299221529142 ], [ -89.668893689300575, 21.328884707570133 ], [ -89.668846100406114, 21.328475440897602 ], [ -89.668722368302625, 21.327566487409573 ], [ -89.668555805610183, 21.326263732259775 ], [ -89.6684844222425, 21.32566767682896 ], [ -89.668423745768806, 21.324850332315236 ], [ -89.668270271351872, 21.323529730661949 ], [ -89.668173903011834, 21.322751647128214 ], [ -89.668000554943006, 21.321357105981981 ], [ -89.667909782251215, 21.320602993707766 ], [ -89.66780984522849, 21.319760665029683 ], [ -89.667652800640028, 21.318432925153832 ], [ -89.667638524192427, 21.318304435288553 ], [ -89.667624246664673, 21.318136683331662 ], [ -89.667624247228588, 21.317722655801813 ], [ -89.667545725397744, 21.316965988231612 ], [ -89.667427942000998, 21.315909506582344 ], [ -89.667188806427021, 21.313753715322083 ], [ -89.666992500343213, 21.311974473063415 ], [ -89.6668021431894, 21.310291004904926 ], [ -89.666623684463872, 21.308854404711976 ], [ -89.666403584339292, 21.307122752331011 ], [ -89.666238448610699, 21.305847837257218 ], [ -89.666192763061346, 21.305489966173663 ], [ -89.666156594997616, 21.305151130998155 ], [ -89.666173728188681, 21.305012171250379 ], [ -89.666221316982217, 21.304964581325766 ], [ -89.666272712939062, 21.304829427941883 ], [ -89.666208943505907, 21.304140336414314 ], [ -89.66613470364338, 21.303606384995369 ], [ -89.666094730198651, 21.303268025954306 ], [ -89.666201805042363, 21.303220912099071 ], [ -89.66621423179491, 21.303214521294286 ], [ -89.66621389195052, 21.30321193996415 ], [ -89.666220273255433, 21.30321141446721 ], [ -89.666251774205449, 21.303195214307603 ], [ -89.666274616641005, 21.303146672636082 ], [ -89.666227502889285, 21.302569892369988 ], [ -89.666020489967821, 21.300760311891256 ], [ -89.665842030544027, 21.2992291278333 ], [ -89.66567784839819, 21.297658684330774 ], [ -89.665510096024207, 21.296120362927162 ], [ -89.66533163598821, 21.294557056637061 ], [ -89.665149608270681, 21.292983043426709 ], [ -89.664964010259354, 21.291202017471235 ], [ -89.664717233481966, 21.288984738668979 ], [ -89.664652775836117, 21.288733326045449 ], [ -89.664537134001975, 21.288723331812879 ], [ -89.664358198912382, 21.288699062044184 ], [ -89.664036971750136, 21.288670507569467 ], [ -89.663682432265063, 21.288691923130322 ], [ -89.662959075990955, 21.288788291862364 ], [ -89.662736000760333, 21.288812085566327 ], [ -89.662568075008309, 21.288819788782337 ], [ -89.662087597884167, 21.288841828690785 ], [ -89.660555819633231, 21.288937007877671 ], [ -89.659779520969195, 21.288987571059177 ], [ -89.658545176219306, 21.28901433999274 ], [ -89.657108576454661, 21.289097620704048 ], [ -89.656007036132777, 21.289099489008183 ], [ -89.655837990059325, 21.289099775154323 ], [ -89.655757482254714, 21.289099910870053 ], [ -89.655105833366534, 21.289139991146531 ], [ -89.654741498577863, 21.289114951341851 ], [ -89.654411080400308, 21.289151970188438 ], [ -89.653736180054935, 21.289211940451104 ], [ -89.65310612025354, 21.289260630387108 ], [ -89.65238031966804, 21.289302139979469 ], [ -89.651402680167109, 21.289350659743139 ], [ -89.650410889807262, 21.289375290411233 ], [ -89.649672449583605, 21.289414420375163 ], [ -89.649566797741031, 21.289422412544727 ], [ -89.648526454691478, 21.289399955502546 ], [ -89.647109309409529, 21.289487707489887 ], [ -89.64570282664296, 21.289550137579855 ], [ -89.645198880297201, 21.28963277021683 ], [ -89.645108761277115, 21.289643073033108 ], [ -89.644102259620524, 21.289758140084064 ], [ -89.64402635409148, 21.289763562335224 ], [ -89.643947015765704, 21.289769230396875 ], [ -89.642941874217257, 21.289955293322336 ], [ -89.642323159184656, 21.289972682808813 ], [ -89.641405363850538, 21.290110445611678 ], [ -89.640242804534353, 21.290185587443204 ], [ -89.639819579692244, 21.290248739771787 ], [ -89.639740801274868, 21.290263370538941 ], [ -89.638763310013218, 21.290444910308207 ], [ -89.638605347066715, 21.290464476956313 ], [ -89.638601985014787, 21.290464893270954 ], [ -89.637526140136828, 21.290598150375438 ], [ -89.637456643131486, 21.290605392702908 ], [ -89.636376909677239, 21.290717910354612 ], [ -89.636296331676988, 21.29073354126789 ], [ -89.635336050623636, 21.290919820106758 ], [ -89.635365264950465, 21.29102423606798 ], [ -89.635365280372326, 21.291024290143955 ], [ -89.635272420575745, 21.291037827290044 ], [ -89.634246019619908, 21.291187450323985 ], [ -89.634141663340728, 21.291201127529938 ], [ -89.633151139826921, 21.291330939666217 ], [ -89.63315112859803, 21.291330882286424 ], [ -89.633150625388566, 21.291330985427162 ], [ -89.633074711166387, 21.291346544422957 ], [ -89.633074270396577, 21.291346634405873 ], [ -89.631790714403678, 21.291609699499155 ], [ -89.631023768277672, 21.291672869412789 ], [ -89.630716230325035, 21.29177326290921 ], [ -89.630471711783457, 21.29185948326262 ], [ -89.629972464114431, 21.292031094565196 ], [ -89.629532705069749, 21.292226805226246 ], [ -89.629300159311839, 21.292294714951925 ], [ -89.628361006051165, 21.292309416652312 ], [ -89.62766419984969, 21.292437339999115 ], [ -89.627647510313864, 21.292385690431658 ], [ -89.62761532790995, 21.292393530896071 ], [ -89.626445220381854, 21.292678580363599 ], [ -89.626348350321607, 21.292683511560551 ], [ -89.625911970894123, 21.29270572231815 ], [ -89.62477280975348, 21.29295435901847 ], [ -89.624501190344674, 21.292999815838364 ], [ -89.624457016841106, 21.293005328256708 ], [ -89.624145324837841, 21.293044221305241 ], [ -89.623543891753741, 21.293063583099414 ], [ -89.622962227140917, 21.293191843077324 ], [ -89.622644070729734, 21.293284631154915 ], [ -89.622293672262259, 21.293347794953149 ], [ -89.621707826271361, 21.293454522105467 ], [ -89.620862979705279, 21.293517250436999 ], [ -89.619852448726178, 21.293668310114708 ], [ -89.618876149442784, 21.293810450298732 ], [ -89.618001400326278, 21.293915630260127 ], [ -89.617084948519476, 21.294051450695509 ], [ -89.61484894960995, 21.294421369695524 ], [ -89.613973750188478, 21.294600821002568 ], [ -89.612942818586276, 21.294806289601315 ], [ -89.612190799163798, 21.294992451242159 ], [ -89.611190049107378, 21.295159889906092 ], [ -89.610217648633011, 21.295320420215944 ], [ -89.610154353831206, 21.295331576743799 ], [ -89.609251948975867, 21.295490629480323 ], [ -89.60830511853419, 21.295780230773858 ], [ -89.607794349222033, 21.295988370679417 ], [ -89.607353060171747, 21.296017619927202 ], [ -89.60733746777899, 21.296018653950892 ], [ -89.607323965671981, 21.296125478814986 ], [ -89.607282325071878, 21.297172440867701 ], [ -89.60731183083567, 21.297176248865476 ], [ -89.607292635761638, 21.297712738421684 ], [ -89.607158791531489, 21.297712143273134 ], [ -89.607189249427748, 21.297173909324233 ], [ -89.607213994929126, 21.297177716174428 ], [ -89.607249079105344, 21.296193627134642 ], [ -89.607252066800925, 21.296109814140216 ], [ -89.607257003587975, 21.296023987972735 ], [ -89.606410338764647, 21.296080110517451 ], [ -89.605483850103738, 21.296141490569195 ], [ -89.604587479633381, 21.296200909546638 ], [ -89.603692489723372, 21.296380919730343 ], [ -89.602561828650082, 21.296611280018187 ], [ -89.601551829933285, 21.29681703040319 ], [ -89.600600819948383, 21.297010781006801 ], [ -89.600471859724777, 21.297030709636449 ], [ -89.599928349369961, 21.297121340665893 ], [ -89.598676970287798, 21.297315489808511 ], [ -89.597391339220309, 21.297473721072691 ], [ -89.596151029477525, 21.297624080455623 ], [ -89.594895850424166, 21.297817309683207 ], [ -89.593610778848074, 21.297997091209247 ], [ -89.592343750296379, 21.29816654984311 ], [ -89.591019097420798, 21.298436323471122 ], [ -89.589791849228448, 21.298645174593091 ], [ -89.588523778208668, 21.298865429962515 ], [ -89.587256619908317, 21.299086909812342 ], [ -89.586024250110441, 21.29936518120634 ], [ -89.583365417444185, 21.299809193893715 ], [ -89.583328056202348, 21.299815596809935 ], [ -89.582064800220849, 21.300032080666771 ], [ -89.581518323148075, 21.300108902079696 ], [ -89.575637882822562, 21.300935418948164 ], [ -89.574948233311829, 21.301086271097155 ], [ -89.572990302568812, 21.301514523759234 ], [ -89.571537972079227, 21.301808714473726 ], [ -89.571208127809228, 21.301875527328178 ], [ -89.570136152652566, 21.3020653935064 ], [ -89.569117440097841, 21.302235489425609 ], [ -89.567805361082208, 21.302685449263549 ], [ -89.567720540011777, 21.302716880208784 ], [ -89.567614727452238, 21.302740596344975 ], [ -89.567591813000931, 21.302747224805465 ], [ -89.566754241632012, 21.303044657986383 ], [ -89.566206966413901, 21.303225497421355 ], [ -89.565476472036039, 21.30341823330016 ], [ -89.565248699433226, 21.303480575950321 ], [ -89.563931842812963, 21.303850738549382 ], [ -89.56265299007525, 21.304218909599541 ], [ -89.560967270221511, 21.304528831184005 ], [ -89.560263504024675, 21.304736923311715 ], [ -89.559202751699132, 21.305050562769519 ], [ -89.559041878080848, 21.305098128387879 ], [ -89.558860335524571, 21.30540405816042 ], [ -89.55825884706978, 21.30578883525348 ], [ -89.556539607170166, 21.306246385362012 ], [ -89.555404149702284, 21.30652091167762 ], [ -89.555346159321743, 21.306577915212227 ], [ -89.555258464642279, 21.306641619549339 ], [ -89.55515385554969, 21.306721297789323 ], [ -89.555084670440195, 21.306785065390699 ], [ -89.555017483474487, 21.306843935119382 ], [ -89.555033416635652, 21.306926526403643 ], [ -89.555036065833775, 21.30693795504996 ], [ -89.555021973612853, 21.306953474082324 ], [ -89.55478841012345, 21.307023261868473 ], [ -89.554481366776017, 21.307093783001083 ], [ -89.553946149280677, 21.307294670881941 ], [ -89.553235894243286, 21.307410284518255 ], [ -89.552552713989598, 21.307566662027217 ], [ -89.550903804563859, 21.307743491874746 ], [ -89.550297029064126, 21.307859600671183 ], [ -89.549406379810861, 21.30793681972229 ], [ -89.549098451883836, 21.307990030273508 ], [ -89.548226800428068, 21.30814065009174 ], [ -89.547319570014835, 21.308297399650208 ], [ -89.544826229700405, 21.308748450214154 ], [ -89.544042829923228, 21.308885050325141 ], [ -89.543015969591337, 21.309048970297606 ], [ -89.541517050423707, 21.309295289611562 ], [ -89.540074450040862, 21.309532369752432 ], [ -89.53901942968335, 21.309705750278354 ], [ -89.536680400291075, 21.31009010979799 ], [ -89.536030629933109, 21.31021457003337 ], [ -89.534435230178005, 21.310453141119083 ], [ -89.533572348646089, 21.310582150153163 ], [ -89.532472308891883, 21.31075554990954 ], [ -89.53066343027163, 21.311109539949875 ], [ -89.528009749200749, 21.311648980197425 ], [ -89.527028080102099, 21.311747619617961 ], [ -89.525059569713491, 21.312041150746104 ], [ -89.52328128021594, 21.312280750548581 ], [ -89.522781549621556, 21.312278221472869 ], [ -89.521557018609016, 21.312382891151231 ], [ -89.521470420129972, 21.312482090808697 ], [ -89.518591569701954, 21.312827350258701 ], [ -89.518199050407745, 21.312870060600289 ], [ -89.515960949361812, 21.313091310213295 ], [ -89.514222799813709, 21.313284380886749 ], [ -89.512583458677341, 21.313510259498749 ], [ -89.511466400134651, 21.313718851294553 ], [ -89.510718260266543, 21.313861380657759 ], [ -89.509609370333735, 21.314222889989946 ], [ -89.508845279858491, 21.314484980632695 ], [ -89.507851936537904, 21.314730241114894 ], [ -89.505924700766911, 21.315212597922866 ], [ -89.505217219773314, 21.315309600770632 ], [ -89.504095539608841, 21.315463340715475 ], [ -89.502442625865697, 21.315810690952585 ], [ -89.501043969271151, 21.31614102725614 ], [ -89.499150375015034, 21.316378064768163 ], [ -89.498270139292003, 21.316425888749411 ], [ -89.497511080177802, 21.316530370285083 ], [ -89.495997200244034, 21.316760419743908 ], [ -89.494243370045183, 21.316932509933753 ], [ -89.489943949868845, 21.317274179597348 ], [ -89.487998472082765, 21.317528911010228 ], [ -89.487612255253794, 21.317599387624199 ], [ -89.486940446146065, 21.317731489608661 ], [ -89.485193815252501, 21.31803660206543 ], [ -89.483768605782373, 21.318315024540961 ], [ -89.48314046652186, 21.318453121856159 ], [ -89.482303293012322, 21.318659235625084 ], [ -89.481663495042937, 21.318789943886099 ], [ -89.480969830069, 21.318952749824781 ], [ -89.48014030951245, 21.319145030166666 ], [ -89.479434490284135, 21.31925937992257 ], [ -89.478748979814185, 21.31937538030736 ], [ -89.47811774037261, 21.319457569904465 ], [ -89.477885380155982, 21.319447599025064 ], [ -89.477667232813843, 21.319474318098646 ], [ -89.477382904897965, 21.31950811529067 ], [ -89.477170549895334, 21.319563350216104 ], [ -89.475975880284196, 21.31978240033839 ], [ -89.475013779793215, 21.319904420359521 ], [ -89.474077916896348, 21.319950655049748 ], [ -89.472753215701573, 21.32006128595188 ], [ -89.471073828624142, 21.320210281910011 ], [ -89.469640349863511, 21.320328829572542 ], [ -89.467875853275359, 21.32052141796116 ], [ -89.466928717577616, 21.3206376845758 ], [ -89.465997882788884, 21.32077215482229 ], [ -89.465324800473425, 21.320902649667858 ], [ -89.464643430125378, 21.321046749812467 ], [ -89.463632029974022, 21.321217029891592 ], [ -89.462455519954347, 21.321370479898231 ], [ -89.461018940361427, 21.321698490461856 ], [ -89.46012389004099, 21.321758949784268 ], [ -89.458829140093059, 21.321939649724857 ], [ -89.458118703005752, 21.32194715736706 ], [ -89.45750257381458, 21.321989332639081 ], [ -89.456950548080684, 21.322019900827897 ], [ -89.455825179022796, 21.322020230116443 ], [ -89.454865638476917, 21.322076355905374 ], [ -89.454314395255039, 21.322098543816086 ], [ -89.453326344697018, 21.322218117858764 ], [ -89.452863326248576, 21.3223179234916 ], [ -89.452439211810287, 21.322444841490718 ], [ -89.451321660389723, 21.322629865701522 ], [ -89.450061250047781, 21.322906089890679 ], [ -89.44873611198507, 21.32303312567258 ], [ -89.44735069948679, 21.323214469465174 ], [ -89.445587859906055, 21.323487739856702 ], [ -89.444489479781566, 21.323714620012442 ], [ -89.44338174971449, 21.323862719756931 ], [ -89.442397096246495, 21.324004963627505 ], [ -89.440918402983257, 21.324220756284308 ], [ -89.43997121790612, 21.324336856321143 ], [ -89.438509296749501, 21.324469650084836 ], [ -89.437393144040911, 21.32456339704007 ], [ -89.435544200410163, 21.324762770484526 ], [ -89.433004260176787, 21.324954779778885 ], [ -89.429347279510111, 21.325526350241905 ], [ -89.428093569990153, 21.325595370337226 ], [ -89.427788283551578, 21.325602369251619 ], [ -89.427022255598956, 21.325708941827248 ], [ -89.42632864062152, 21.325904891028092 ], [ -89.424464320059627, 21.325960109906305 ], [ -89.421803630196891, 21.326315049857431 ], [ -89.420969102411135, 21.32638939455105 ], [ -89.420069151133305, 21.326696792965397 ], [ -89.41872699990158, 21.326589110111179 ], [ -89.415010220076311, 21.327032740254452 ], [ -89.414081189604261, 21.327166234772495 ], [ -89.413888345899224, 21.327224987767803 ], [ -89.413510255279689, 21.32732035474578 ], [ -89.413279040794563, 21.327385651716796 ], [ -89.413218936593552, 21.327518085959838 ], [ -89.41291517452764, 21.327617162585259 ], [ -89.41261484492793, 21.327651452525153 ], [ -89.412187321274288, 21.327608546169074 ], [ -89.411210682366587, 21.327839368052327 ], [ -89.410417597253158, 21.327837568631338 ], [ -89.409742332972343, 21.327959760886323 ], [ -89.409537749611005, 21.328008569526144 ], [ -89.408720579750764, 21.328218680375123 ], [ -89.408055852152259, 21.328302077072479 ], [ -89.40793106098333, 21.328334280779252 ], [ -89.407556294711611, 21.328414588403099 ], [ -89.407196066812048, 21.328446332576025 ], [ -89.406706319861527, 21.328601599813773 ], [ -89.405969079833085, 21.328722600291083 ], [ -89.405085340437182, 21.328879349879514 ], [ -89.405050455864, 21.32889548279892 ], [ -89.404554313947372, 21.329019718130407 ], [ -89.403803919670864, 21.32924251027142 ], [ -89.403070830290289, 21.329500830193837 ], [ -89.401925649755086, 21.329957200004671 ], [ -89.400539629984991, 21.330325420162019 ], [ -89.399885446344157, 21.330414441781958 ], [ -89.399289766790886, 21.330525561808678 ], [ -89.398912443495902, 21.330612522374622 ], [ -89.39831412375392, 21.330655934281452 ], [ -89.397732885256119, 21.330709189281624 ], [ -89.39724731983496, 21.330832449601736 ], [ -89.395977479639711, 21.331072109682456 ], [ -89.395365379417058, 21.33108739368577 ], [ -89.394777520397454, 21.331194480089675 ], [ -89.394089112691731, 21.331159177172506 ], [ -89.39322953964485, 21.331238919607106 ], [ -89.392608629771402, 21.331275999730565 ], [ -89.392166829538027, 21.331361320361406 ], [ -89.39160191991553, 21.331477689760931 ], [ -89.390984110327622, 21.331485119813422 ], [ -89.39064961995085, 21.331501510342903 ], [ -89.390637163470174, 21.331501103775835 ], [ -89.390560995012649, 21.33157034844195 ], [ -89.39044797099821, 21.331620911610106 ], [ -89.390328997804517, 21.331644705697567 ], [ -89.389841208177145, 21.331635782887808 ], [ -89.389621108107491, 21.331626860275659 ], [ -89.388960813193407, 21.331613831042464 ], [ -89.388815919611929, 21.33164615037251 ], [ -89.387446299155513, 21.331733027951127 ], [ -89.38612800219785, 21.331944200836457 ], [ -89.385086016981575, 21.331875692761912 ], [ -89.384649079818772, 21.33190162006581 ], [ -89.383486909765253, 21.332083079568569 ], [ -89.382394550284303, 21.332174619872941 ], [ -89.381929080103504, 21.332231850012587 ], [ -89.38155013982005, 21.332238800040596 ], [ -89.380607259811754, 21.33237138010454 ], [ -89.379531620423933, 21.332502570404984 ], [ -89.378810880269441, 21.332616829729769 ], [ -89.377871570062723, 21.332711430446441 ], [ -89.377429380430755, 21.332847109882021 ], [ -89.376744290280712, 21.332847890360824 ], [ -89.375524820151441, 21.33298627995039 ], [ -89.374608119580046, 21.333007919624308 ], [ -89.373528880219766, 21.333177030090461 ], [ -89.372624480044166, 21.333226630086266 ], [ -89.372049180302454, 21.333255600432107 ], [ -89.370823279643787, 21.333286000103548 ], [ -89.370591820311873, 21.333328779604258 ], [ -89.369769250115979, 21.333360150074522 ], [ -89.369159260211987, 21.333487340118847 ], [ -89.368843079907521, 21.333511549737036 ], [ -89.36775049039737, 21.333676800357942 ], [ -89.367115450452616, 21.333694020133215 ], [ -89.366632369732017, 21.333839150143657 ], [ -89.366273349896218, 21.333824450186874 ], [ -89.3656529099555, 21.333868019645973 ], [ -89.36455749019099, 21.333951120456518 ], [ -89.363708320291721, 21.333888889809572 ], [ -89.363038309883876, 21.333972490394729 ], [ -89.36223935005836, 21.334161580121499 ], [ -89.360727280683918, 21.334249869126634 ], [ -89.360167545139518, 21.334320410308028 ], [ -89.35885586720201, 21.334482808450588 ], [ -89.358406744170765, 21.334503629255373 ], [ -89.357636392748162, 21.33458096110326 ], [ -89.356580507216719, 21.334711831008217 ], [ -89.355744722007245, 21.334839727691296 ], [ -89.355649542609711, 21.334878393897593 ], [ -89.354491936279189, 21.335021160608303 ], [ -89.353694815543406, 21.33509016598963 ], [ -89.353538214070312, 21.335199071031138 ], [ -89.353072294997546, 21.335270147286302 ], [ -89.352674026585788, 21.335261486654058 ], [ -89.352585986589929, 21.335344767721303 ], [ -89.352531260417308, 21.335394736921081 ], [ -89.352462255071885, 21.335423290241117 ], [ -89.352231447977843, 21.335432807556725 ], [ -89.351893563729575, 21.335430428816725 ], [ -89.351434924991651, 21.335450045870743 ], [ -89.35072967123449, 21.335488865348925 ], [ -89.349970623235677, 21.33558320315159 ], [ -89.349414248759302, 21.335641990388989 ], [ -89.348557642938985, 21.335715473177974 ], [ -89.348433386263821, 21.335726044926009 ], [ -89.348353620425755, 21.335741820065536 ], [ -89.34826340200857, 21.335740507027644 ], [ -89.347514430618745, 21.335804226922544 ], [ -89.347098704731295, 21.335833503693795 ], [ -89.346597460439526, 21.335912969615503 ], [ -89.345473710126114, 21.336011229745189 ], [ -89.345122149592072, 21.336065720037258 ], [ -89.34459496994333, 21.336092829726404 ], [ -89.343451050028818, 21.336195310308813 ], [ -89.339695430263745, 21.336593649914438 ], [ -89.336912139976306, 21.336883999807959 ], [ -89.334088089901513, 21.33730214994398 ], [ -89.332746049937199, 21.337399430240872 ], [ -89.331557139925096, 21.337620380008683 ], [ -89.329630889871169, 21.337945910431426 ], [ -89.328107139842871, 21.338234379644842 ], [ -89.327507540327858, 21.338365620353326 ], [ -89.327186600146149, 21.338435859916824 ], [ -89.325894179969481, 21.338485220046646 ], [ -89.325005490261702, 21.33857615020381 ], [ -89.322769049831891, 21.33861633959371 ], [ -89.321605179678784, 21.338637229689208 ], [ -89.32012528950132, 21.338762540319546 ], [ -89.318129000117921, 21.338788120009838 ], [ -89.316995579519144, 21.339095910391904 ], [ -89.316034149708798, 21.339161680391136 ], [ -89.313506097999323, 21.339416002252044 ], [ -89.312193531051207, 21.339692595872769 ], [ -89.311449795823393, 21.33993932049696 ], [ -89.310864901783575, 21.340247450010736 ], [ -89.310449059599023, 21.340617835768722 ], [ -89.309533428777826, 21.341127579898433 ], [ -89.30956630903205, 21.341752339536086 ], [ -89.309466878083668, 21.342060209041328 ], [ -89.309304059826189, 21.342564350151807 ], [ -89.30933123011215, 21.342587379602811 ], [ -89.309335820018333, 21.342591290373047 ], [ -89.309341250254292, 21.342595979758087 ], [ -89.309353829684241, 21.342606829661641 ], [ -89.309381792836618, 21.342630923475454 ], [ -89.309398919816928, 21.34264567971184 ], [ -89.309418621456786, 21.342662656907937 ], [ -89.309438180224703, 21.342679510171489 ], [ -89.309450909728952, 21.342690480039547 ], [ -89.309451386242344, 21.342690890428546 ], [ -89.309462643748972, 21.342700584604049 ], [ -89.30947922023131, 21.342714859610318 ], [ -89.309503951191203, 21.342736180373326 ], [ -89.309505900133459, 21.342737861933706 ], [ -89.309506629271183, 21.342738490098718 ], [ -89.309521549374523, 21.342751352008122 ], [ -89.309527999145189, 21.342756909597934 ], [ -89.309533689737094, 21.342761817394358 ], [ -89.30953997044962, 21.342767229746034 ], [ -89.30954349646467, 21.342770268610881 ], [ -89.309547488015241, 21.342773710574754 ], [ -89.309550266257759, 21.342776102416462 ], [ -89.309554950042894, 21.34278014123624 ], [ -89.30957265946229, 21.342903080581841 ], [ -89.30955707864824, 21.34290234038691 ], [ -89.309600384088768, 21.343373710348889 ], [ -89.309621098411554, 21.343612071820957 ], [ -89.309632995081685, 21.343763166751287 ], [ -89.309622287742584, 21.343796479973054 ], [ -89.30959373372832, 21.343804808418358 ], [ -89.309575887987279, 21.343804808309883 ], [ -89.309571129223841, 21.343772684858997 ], [ -89.309546145191277, 21.343547825928439 ], [ -89.30901552507423, 21.34336817708909 ], [ -89.308898931573609, 21.343338433597722 ], [ -89.308737128388074, 21.343305120751495 ], [ -89.30832905097958, 21.34323254804869 ], [ -89.308122037804509, 21.343200425163523 ], [ -89.307936439867788, 21.343175440746361 ], [ -89.307625919740687, 21.343136179775719 ], [ -89.306136378273933, 21.342954150625861 ], [ -89.304583778899314, 21.342787588271005 ], [ -89.303729196170124, 21.342724127728545 ], [ -89.30345853222137, 21.34270628244229 ], [ -89.302146853916142, 21.342667616059771 ], [ -89.301929728025627, 21.342664641632087 ], [ -89.30098091813565, 21.342587309067031 ], [ -89.300840722140819, 21.342574057079769 ], [ -89.300383079025977, 21.342530797354275 ], [ -89.299746573023469, 21.342489156170515 ], [ -89.298616329349883, 21.342423721418321 ], [ -89.298461663800367, 21.34243264397022 ], [ -89.298069052973432, 21.342474284680105 ], [ -89.297700236202729, 21.342495104699541 ], [ -89.29729870197643, 21.342462387827997 ], [ -89.296837682113392, 21.342408849826331 ], [ -89.296370713295431, 21.342358286433711 ], [ -89.295992973061331, 21.342364235391834 ], [ -89.29566282327994, 21.34234044001715 ], [ -89.295604681400988, 21.342329663234846 ], [ -89.295122118357583, 21.342322785626138 ], [ -89.295122074684528, 21.34232278472517 ], [ -89.292079995507109, 21.342252596235546 ], [ -89.291617991915786, 21.342241931619107 ], [ -89.291617948242717, 21.342241930717112 ], [ -89.291617648319814, 21.342241924884949 ], [ -89.291617604646746, 21.342241923982957 ], [ -89.290652089792786, 21.342219630745699 ], [ -89.290652046119718, 21.342219629843498 ], [ -89.289596933012604, 21.342195262260542 ], [ -89.289596888374689, 21.342195261277702 ], [ -89.28872520001714, 21.342175124607518 ], [ -89.288725155293619, 21.3421751245282 ], [ -89.288165369403643, 21.342185492581372 ], [ -89.28816532459436, 21.342185493405854 ], [ -89.286512324550458, 21.342216095261566 ], [ -89.286456635665502, 21.342217125684765 ], [ -89.286456591820894, 21.342217126589066 ], [ -89.285440651792598, 21.342235927062582 ], [ -89.285334698816044, 21.342237887690274 ], [ -89.285321070809786, 21.342238139400479 ], [ -89.285058049561044, 21.342243004760725 ], [ -89.285058005630731, 21.342243006568467 ], [ -89.284640609689816, 21.34226914149583 ], [ -89.28458324043018, 21.342272733410304 ], [ -89.28458319641409, 21.342272736121831 ], [ -89.283948475506321, 21.342312477633744 ], [ -89.281525748639098, 21.342464143877127 ], [ -89.281525704537017, 21.34246414749164 ], [ -89.280174916310656, 21.342610587653265 ], [ -89.280123797102519, 21.342616128923122 ], [ -89.279073843429671, 21.342729946016505 ], [ -89.279073799241644, 21.342729950534245 ], [ -89.278178199121683, 21.342827031356826 ], [ -89.27817815510528, 21.342827034066534 ], [ -89.277180415962064, 21.342895222545643 ], [ -89.277180371859799, 21.342895226158916 ], [ -89.275898615402724, 21.342982816700946 ], [ -89.275898571386307, 21.342982819409972 ], [ -89.27544190915718, 21.343014023299272 ], [ -89.275441864968997, 21.343014027815901 ], [ -89.275378275571668, 21.343021476374059 ], [ -89.274638704336951, 21.343108108481474 ], [ -89.274638669003565, 21.343108111913775 ], [ -89.27463863253368, 21.34310811707353 ], [ -89.273589368390276, 21.343231022291629 ], [ -89.273589324201893, 21.3432310268078 ], [ -89.272605957879321, 21.343330796132413 ], [ -89.271434932053424, 21.34344959721783 ], [ -89.270353875398484, 21.343559263211443 ], [ -89.269343269237424, 21.343661775321564 ], [ -89.269227458180836, 21.343673522011102 ], [ -89.268111247841617, 21.343782581809037 ], [ -89.267043075513271, 21.34385706816332 ], [ -89.266495319219402, 21.343895261177689 ], [ -89.266027554213622, 21.343932986569374 ], [ -89.266027525805171, 21.343932988755249 ], [ -89.264644745480709, 21.344044502244365 ], [ -89.264623753898633, 21.344046195062258 ], [ -89.264151434102217, 21.344117576854227 ], [ -89.264079594654234, 21.344128629122903 ], [ -89.263963000619697, 21.344176218014447 ], [ -89.263805956771321, 21.344288052898516 ], [ -89.263940493724803, 21.34532044718463 ], [ -89.263740752064649, 21.345337532569321 ], [ -89.26373457258947, 21.344283293605898 ], [ -89.263344340790795, 21.344261878938418 ], [ -89.263285168026627, 21.344259980220833 ], [ -89.262009463608521, 21.344219047830137 ], [ -89.261821105264119, 21.344216105336177 ], [ -89.260853651052116, 21.344256964621415 ], [ -89.260343429034791, 21.344278510704026 ], [ -89.259707071769071, 21.344339096329279 ], [ -89.258713928334672, 21.344433643833813 ], [ -89.258008779158729, 21.344500770967354 ], [ -89.257583829825023, 21.344582751380084 ], [ -89.256934420621064, 21.344654389789831 ], [ -89.255838919062086, 21.344775231808516 ], [ -89.255767577762413, 21.344782094592322 ], [ -89.255767549267574, 21.34478209768012 ], [ -89.254924582613555, 21.344863186676594 ], [ -89.253785581731663, 21.344972745025583 ], [ -89.25286494874652, 21.345061291882324 ], [ -89.251942410141297, 21.345142732012235 ], [ -89.251919858089735, 21.345144722842871 ], [ -89.250834878833359, 21.345260949331191 ], [ -89.249862774087177, 21.34536507878309 ], [ -89.249649879713971, 21.345387882291366 ], [ -89.248874252329585, 21.345470728295361 ], [ -89.24877107959469, 21.345481747830387 ], [ -89.247860105710544, 21.345579047190853 ], [ -89.247772725497938, 21.345588381322159 ], [ -89.247733680153601, 21.345592549851016 ], [ -89.247688396178248, 21.345598652595779 ], [ -89.247435002502769, 21.345632788571077 ], [ -89.246163969602691, 21.345804020199498 ], [ -89.245479561187992, 21.345888001423901 ], [ -89.245304509675449, 21.345909482418964 ], [ -89.243779018977676, 21.346096660889359 ], [ -89.24189706118247, 21.346264588995783 ], [ -89.241332949186273, 21.346314920630672 ], [ -89.236570599871968, 21.346874380526806 ], [ -89.231435919828172, 21.347575511522798 ], [ -89.22902390545454, 21.347835166847389 ], [ -89.229017539336397, 21.347835852459049 ], [ -89.228962548443334, 21.347843060235665 ], [ -89.228346619543345, 21.347923799834081 ], [ -89.226763306477665, 21.348099483912371 ], [ -89.225887719280522, 21.348196631181978 ], [ -89.225643660155669, 21.348223709694814 ], [ -89.222572033465326, 21.34849175577104 ], [ -89.222432739549674, 21.348503909658991 ], [ -89.221279265338993, 21.348502338355143 ], [ -89.219377089835589, 21.348689779539335 ], [ -89.21747551028399, 21.348939150085673 ], [ -89.215194312513077, 21.34913192950561 ], [ -89.21206046033339, 21.349333519694451 ], [ -89.21018311047618, 21.349429829895023 ], [ -89.209196313758113, 21.349638946767936 ], [ -89.209067050705798, 21.349701920607281 ], [ -89.208858847914144, 21.349785202607123 ], [ -89.208588183562213, 21.349850637740424 ], [ -89.207500175875808, 21.350029691741025 ], [ -89.207200364224462, 21.350076091773314 ], [ -89.206914828907543, 21.350104644998702 ], [ -89.206575755208277, 21.350122490944653 ], [ -89.20617957458461, 21.350151044842413 ], [ -89.20596465727597, 21.350167163515433 ], [ -89.205748313232661, 21.350188822860975 ], [ -89.205588520294512, 21.350204819793376 ], [ -89.205563088517309, 21.350209620195926 ], [ -89.203894849563127, 21.350524489558879 ], [ -89.20344765163604, 21.350608892136972 ], [ -89.202269739820039, 21.350831199853893 ], [ -89.201339592550909, 21.350977139027808 ], [ -89.201321905279585, 21.35098266627416 ], [ -89.20005484190429, 21.35137884707374 ], [ -89.199812137205555, 21.351439523057188 ], [ -89.199515895435766, 21.351485921755977 ], [ -89.199301742886192, 21.351503768192043 ], [ -89.199051900321706, 21.351550168363495 ], [ -89.198848456139615, 21.351610843573418 ], [ -89.19866999625836, 21.351717920048706 ], [ -89.198595043484175, 21.351760749664585 ], [ -89.198491537186129, 21.35178930386251 ], [ -89.198398738094767, 21.351803579813598 ], [ -89.197998988064967, 21.351839271982247 ], [ -89.196878262081938, 21.351935639866007 ], [ -89.196100177952474, 21.351999886280087 ], [ -89.195400616719311, 21.352049854613679 ], [ -89.194776007561487, 21.352074839130498 ], [ -89.194251337006094, 21.352092685324305 ], [ -89.193605312992091, 21.352096254303039 ], [ -89.193150240570333, 21.352128972127527 ], [ -89.192308507109928, 21.352218200898935 ], [ -89.191889127059937, 21.352277688323333 ], [ -89.191671421694252, 21.352310926094983 ], [ -89.189275219631199, 21.352924120021459 ], [ -89.185279909576508, 21.353461479675186 ], [ -89.181008876504649, 21.353732439070061 ], [ -89.178159297572179, 21.354110888548174 ], [ -89.175652000096363, 21.354187490259523 ], [ -89.17466055001573, 21.354190249569413 ], [ -89.173854700316809, 21.354298868587847 ], [ -89.173606264759883, 21.354332353507374 ], [ -89.171922379057179, 21.354448219219289 ], [ -89.171137520109241, 21.354717849732733 ], [ -89.168089600253793, 21.354893080223771 ], [ -89.166724581625559, 21.354916025618021 ], [ -89.164189106782928, 21.354964453854091 ], [ -89.159909093569198, 21.354984267811044 ], [ -89.158328589658808, 21.354935721355869 ], [ -89.158033024813236, 21.354953222949849 ], [ -89.155924592082386, 21.354860677769302 ], [ -89.153677426672402, 21.354907873864207 ], [ -89.150802435115367, 21.35492751523298 ], [ -89.148988241214781, 21.355061701473947 ], [ -89.146968549883724, 21.355178568164991 ], [ -89.145654784097701, 21.355447649807974 ], [ -89.145193808573723, 21.355746334002852 ], [ -89.144742778586902, 21.356067919752004 ], [ -89.144744279370641, 21.358034180031709 ], [ -89.144577618602952, 21.357994429510555 ], [ -89.144572962760748, 21.357801106931095 ], [ -89.144564051373749, 21.357431041389635 ], [ -89.144537429167258, 21.356325510404034 ], [ -89.144540739360224, 21.35601162026413 ], [ -89.144593750460146, 21.355854079979053 ], [ -89.144642713955648, 21.355763807270726 ], [ -89.144674419203326, 21.355705349965358 ], [ -89.14467324190818, 21.355677800782598 ], [ -89.144668428630851, 21.355565120703528 ], [ -89.144574219717228, 21.355482490241148 ], [ -89.144637569590785, 21.35524857072129 ], [ -89.144689079450828, 21.355138059742025 ], [ -89.144717569080925, 21.355054319816439 ], [ -89.144727368832193, 21.355023259536356 ], [ -89.14474696914418, 21.354961089845077 ], [ -89.144780359822832, 21.354865050693174 ], [ -89.144775561113462, 21.354834657350835 ], [ -89.144746750824623, 21.35478489295452 ], [ -89.144636029841536, 21.354731629704144 ], [ -89.144229289740466, 21.354706950651263 ], [ -89.144032908620687, 21.35471294039348 ], [ -89.143569180017806, 21.354825941360687 ], [ -89.142798879976183, 21.354864751301061 ], [ -89.141962848798926, 21.354868050014115 ], [ -89.141798505241738, 21.354869277374437 ], [ -89.140874196750858, 21.354940304954784 ], [ -89.14079459049222, 21.354928783503958 ], [ -89.140725688703441, 21.354950279487763 ], [ -89.140679509376909, 21.355028419909019 ], [ -89.140723709263668, 21.355356459867977 ], [ -89.140734594656365, 21.35536845854514 ], [ -89.140946532910888, 21.355431426255109 ], [ -89.141034175105048, 21.355433806178869 ], [ -89.141534369939563, 21.35536957049737 ], [ -89.141945649961002, 21.355346779801906 ], [ -89.14241962964914, 21.35531011986685 ], [ -89.142893599278736, 21.355273479506781 ], [ -89.143116548827351, 21.35528531021604 ], [ -89.143367570384228, 21.355236819603853 ], [ -89.143593755814379, 21.355330634532212 ], [ -89.143669112151812, 21.355327680739531 ], [ -89.143709562503659, 21.355337199338202 ], [ -89.143817471055684, 21.355398945830562 ], [ -89.143838411184106, 21.355444632005394 ], [ -89.143922366429791, 21.355853318638907 ], [ -89.143951619345998, 21.35596288964982 ], [ -89.143988629086536, 21.356339030963831 ], [ -89.143992109786211, 21.356848510029142 ], [ -89.144022970158971, 21.357891110681312 ], [ -89.144002599886491, 21.358317350505885 ], [ -89.143949281642989, 21.358332456671441 ], [ -89.143910150568445, 21.358328895000138 ], [ -89.14385780269707, 21.358324135766029 ], [ -89.143819732011025, 21.358312239170548 ], [ -89.14379593655687, 21.358264649760063 ], [ -89.143784039577682, 21.358176610021633 ], [ -89.143781659651566, 21.358043360227732 ], [ -89.143786419411057, 21.357898212898181 ], [ -89.143653169672007, 21.357769721869239 ], [ -89.143310527398896, 21.35752701683095 ], [ -89.143113031975815, 21.35740328466132 ], [ -89.142748974437069, 21.357227205338024 ], [ -89.142458679839805, 21.357120128815744 ], [ -89.142389675585733, 21.35709633360878 ], [ -89.142111278844055, 21.357015433346415 ], [ -89.141813845979712, 21.356948808436851 ], [ -89.141411717118061, 21.35686552681149 ], [ -89.14074784832215, 21.356758450654461 ], [ -89.140462311712128, 21.356718000000445 ], [ -89.13969136693369, 21.356629959877321 ], [ -89.139435304129606, 21.356602384659514 ], [ -89.138721479061573, 21.356589860671207 ], [ -89.136519310402136, 21.35662629076436 ], [ -89.133769053826896, 21.356722838191686 ], [ -89.132280436687253, 21.356681767413917 ], [ -89.13071166175655, 21.356537498217726 ], [ -89.129058398873568, 21.356603052101534 ], [ -89.127850599849253, 21.356951799741132 ], [ -89.12761847908196, 21.356928910817675 ], [ -89.127341138699364, 21.356870999535015 ], [ -89.127291890361775, 21.356860721144113 ], [ -89.126001519344911, 21.356933890718206 ], [ -89.12219122930054, 21.35705974950892 ], [ -89.119881308969738, 21.357457601154945 ], [ -89.118654048807898, 21.357669911265713 ], [ -89.113998940313593, 21.358054691049574 ], [ -89.113063829884396, 21.358100200237782 ], [ -89.112749769772975, 21.358078705307577 ], [ -89.112744922922474, 21.358078373668469 ], [ -89.112688893432832, 21.358074538459348 ], [ -89.112464340387945, 21.358059170714636 ], [ -89.111490579040833, 21.35818754125355 ], [ -89.110750890084063, 21.358115520383581 ], [ -89.110484679949195, 21.357929309585852 ], [ -89.110473430336882, 21.35783251031414 ], [ -89.110443458892263, 21.357828351088052 ], [ -89.110290549609729, 21.35780710952254 ], [ -89.11002205962248, 21.357824291312873 ], [ -89.110080820259526, 21.357971319793887 ], [ -89.110167229870754, 21.358228950783886 ], [ -89.109871250187624, 21.358232079939512 ], [ -89.109663689792313, 21.358240460894162 ], [ -89.109134998708669, 21.358261820110616 ], [ -89.107469416222798, 21.358723172591073 ], [ -89.10595928923604, 21.358554680056269 ], [ -89.103530428745032, 21.358995769579668 ], [ -89.102710859427503, 21.358999539567595 ], [ -89.101994478801004, 21.359216580210312 ], [ -89.1019729362108, 21.359272287150286 ], [ -89.101947538161099, 21.359337965212287 ], [ -89.101926378905546, 21.35939268041151 ], [ -89.101847598598923, 21.359377233996273 ], [ -89.101756909243505, 21.359402626596889 ], [ -89.100964548212318, 21.359454975473152 ], [ -89.100633803312903, 21.359476389703239 ], [ -89.100405077991994, 21.35951381789873 ], [ -89.099870819181007, 21.359671079673511 ], [ -89.098901518811076, 21.35993525067255 ], [ -89.097260280061491, 21.360118050194593 ], [ -89.096522550229338, 21.360248449567461 ], [ -89.095545478681743, 21.360451060868243 ], [ -89.093720249645216, 21.360820059601725 ], [ -89.093653542572639, 21.360832595739055 ], [ -89.093621531604029, 21.360861237041984 ], [ -89.093552526558923, 21.360894548933604 ], [ -89.093112326786652, 21.360951655923195 ], [ -89.093061994959413, 21.360943760424963 ], [ -89.092384249880396, 21.361071121081615 ], [ -89.090846479367528, 21.361389821391608 ], [ -89.089242509894234, 21.361582601336938 ], [ -89.08791217964415, 21.361965711161929 ], [ -89.087849919245528, 21.362423141091824 ], [ -89.087531149040359, 21.362865149998342 ], [ -89.087368908817652, 21.362956709821518 ], [ -89.087157889820929, 21.362999180895805 ], [ -89.085490876828445, 21.363125908656457 ], [ -89.0840829435313, 21.36342147273697 ], [ -89.083022114728678, 21.363640313355358 ], [ -89.082505171789592, 21.363770156634335 ], [ -89.081921521693118, 21.363925153569767 ], [ -89.081819080189547, 21.364088301407708 ], [ -89.081823362621066, 21.364119710399009 ], [ -89.081821935438896, 21.364139697930305 ], [ -89.081799093257516, 21.364168250841097 ], [ -89.081777710604086, 21.364191068504358 ], [ -89.081780120130205, 21.364211980172346 ], [ -89.08172495166562, 21.364247368041656 ], [ -89.081586368931582, 21.364395252302039 ], [ -89.081550676701895, 21.364428088371714 ], [ -89.081492856169533, 21.364474011629216 ], [ -89.081384353259807, 21.364550155071367 ], [ -89.080799957498371, 21.3648870857179 ], [ -89.080586756663891, 21.36495751832544 ], [ -89.080424953736497, 21.365003203556441 ], [ -89.080102314276957, 21.365107587346699 ], [ -89.079521627558719, 21.365357184273225 ], [ -89.078965632874585, 21.365689577142458 ], [ -89.078154400675473, 21.365975312058733 ], [ -89.07727336902181, 21.366168580328821 ], [ -89.077070197953958, 21.366217163933204 ], [ -89.076961806872461, 21.366251231336864 ], [ -89.076750511084995, 21.366323566929118 ], [ -89.076379314594618, 21.366462528039353 ], [ -89.075770173316201, 21.36667953429253 ], [ -89.075368519676104, 21.366774712584235 ], [ -89.075187681001168, 21.366812784154849 ], [ -89.074907665230441, 21.366839320713364 ], [ -89.074467850219818, 21.366945459661551 ], [ -89.072913780193574, 21.367191260092262 ], [ -89.071756719530072, 21.36723017991407 ], [ -89.071008823162572, 21.367237117544001 ], [ -89.070855633756352, 21.367262026400418 ], [ -89.070745227505, 21.367267736735808 ], [ -89.07061007360933, 21.367269641249159 ], [ -89.070218955713116, 21.367268268881908 ], [ -89.069218458877771, 21.367474580318746 ], [ -89.068691859393155, 21.367525690136468 ], [ -89.068366578944705, 21.367565000367041 ], [ -89.068319289934863, 21.367570710331549 ], [ -89.067019650263973, 21.367510859770896 ], [ -89.065449910167459, 21.367651369688215 ], [ -89.064637370198596, 21.367730249705843 ], [ -89.063690339941246, 21.368004140066233 ], [ -89.062868916247041, 21.368178433007856 ], [ -89.062639830825532, 21.368267110876175 ], [ -89.062468510333815, 21.368312796284911 ], [ -89.062274346333197, 21.36832612120179 ], [ -89.06211195160607, 21.368338362712745 ], [ -89.060896400266145, 21.368587580398195 ], [ -89.060000709636427, 21.368663029754075 ], [ -89.059398569838848, 21.368762230260458 ], [ -89.059342537011759, 21.368762639747235 ], [ -89.058874571821036, 21.368883867169451 ], [ -89.058627108404934, 21.368960010439942 ], [ -89.05842152282834, 21.369020924328439 ], [ -89.058223551978642, 21.369064706403712 ], [ -89.057665805656271, 21.36918653420442 ], [ -89.05717849174556, 21.369285519723643 ], [ -89.057011935297979, 21.36932733519988 ], [ -89.054637179995652, 21.370001939929892 ], [ -89.051573919949391, 21.370454890001572 ], [ -89.050361020234789, 21.370729580422765 ], [ -89.047959740145359, 21.371208749906341 ], [ -89.043441770421524, 21.371975569590742 ], [ -89.040951030265063, 21.37225487983622 ], [ -89.038822539789251, 21.372448230052584 ], [ -89.03530342012975, 21.372876120379907 ], [ -89.033318170470409, 21.372944769877076 ], [ -89.030256449607947, 21.373124890058019 ], [ -89.029084690476495, 21.373218289915958 ], [ -89.028413450094263, 21.373301969889614 ], [ -89.025566309577954, 21.373653510079777 ], [ -89.023443170446754, 21.373922940056929 ], [ -89.02238059995868, 21.374075309735979 ], [ -89.021857660302757, 21.374193569865419 ], [ -89.019206860397929, 21.374207540452613 ], [ -89.016454179620922, 21.374250399520044 ], [ -89.014688860137611, 21.374416139957695 ], [ -89.013036029564347, 21.374640289726859 ], [ -89.011656250133043, 21.374838799997082 ], [ -89.008985219676404, 21.375272019746316 ], [ -89.007087400314944, 21.375487170154646 ], [ -89.00546780002594, 21.375732200102195 ], [ -89.004562720047133, 21.375729650196728 ], [ -89.004537140422229, 21.375729579962176 ], [ -89.00393723023295, 21.375806977199428 ], [ -89.003876067070408, 21.375851524407146 ], [ -89.003794690307259, 21.375891499157127 ], [ -89.003596123518321, 21.375925763328311 ], [ -89.003479530080568, 21.375937659671997 ], [ -89.003395605641529, 21.375934862262927 ], [ -89.002768020327011, 21.376086620393846 ], [ -89.001542250169095, 21.376278999963493 ], [ -89.001218915599324, 21.376237867225548 ], [ -89.00001979364103, 21.376429613942864 ], [ -88.99973378545485, 21.376437385678376 ], [ -88.999674490486328, 21.376445429781896 ], [ -88.998482819940889, 21.376667180231301 ], [ -88.997974720224747, 21.376837690209303 ], [ -88.997390879934272, 21.376950689639401 ], [ -88.997124319977559, 21.377061999567157 ], [ -88.996635489859599, 21.377144800284665 ], [ -88.995718309762736, 21.377183320193993 ], [ -88.994868799665994, 21.3771875502112 ], [ -88.994510437574789, 21.377184061943023 ], [ -88.993982448118715, 21.377333171292829 ], [ -88.993310770054123, 21.377716970302597 ], [ -88.993287719666682, 21.377849019848931 ], [ -88.99234322013379, 21.377883419825974 ], [ -88.991050999644813, 21.378022199913026 ], [ -88.990678370297431, 21.378172309956106 ], [ -88.990268849919403, 21.378280999704028 ], [ -88.990254044143441, 21.378191991085888 ], [ -88.990237538136483, 21.378190253138264 ], [ -88.990188045160764, 21.378173120911764 ], [ -88.990174720266921, 21.37814456722176 ], [ -88.990169009114538, 21.378100785205511 ], [ -88.99015568391917, 21.377767659941259 ], [ -88.990193637733469, 21.377672774898677 ], [ -88.990220404864942, 21.377605856888696 ], [ -88.990281320238438, 21.377501160694688 ], [ -88.990498326652201, 21.377198492523057 ], [ -88.990281320035649, 21.377337453800994 ], [ -88.990161394975843, 21.377470704354067 ], [ -88.99008905939499, 21.377562075101409 ], [ -88.990056698907367, 21.377674386156073 ], [ -88.990058601618742, 21.377929464101101 ], [ -88.990058385829812, 21.377931155154254 ], [ -88.99002456638047, 21.378196579042882 ], [ -88.98984388788341, 21.378231862568814 ], [ -88.989840080247973, 21.378237200446421 ], [ -88.989720169678463, 21.378313120250017 ], [ -88.988923259861224, 21.378513230304559 ], [ -88.987809949584275, 21.378705519998871 ], [ -88.986753850182396, 21.37883568019112 ], [ -88.986646564201294, 21.378935873249631 ], [ -88.986415867441025, 21.378992157452117 ], [ -88.985794846160104, 21.379009620330905 ], [ -88.985664682618037, 21.379029446381477 ], [ -88.985340999502426, 21.379215600207999 ], [ -88.984922791583855, 21.379105880592746 ], [ -88.984737357904194, 21.379104820977457 ], [ -88.984723534363695, 21.379105442411351 ], [ -88.984621771786706, 21.379111936980049 ], [ -88.983514133166565, 21.379257084175446 ], [ -88.983148290053194, 21.379307648033723 ], [ -88.982589116660691, 21.379396877346345 ], [ -88.982125121893034, 21.379468260768849 ], [ -88.981786049046448, 21.379512876227938 ], [ -88.980668728035681, 21.379640052490345 ], [ -88.980562220095607, 21.379719539563602 ], [ -88.979462749855784, 21.379769370322485 ], [ -88.977174309822303, 21.380158109902773 ], [ -88.976466569871391, 21.38034831977463 ], [ -88.975787216115421, 21.380473229145512 ], [ -88.97575114123434, 21.380485480883571 ], [ -88.975267681791152, 21.380619468161914 ], [ -88.975193658035664, 21.380638088160655 ], [ -88.974879830486088, 21.380717025631267 ], [ -88.974370203670361, 21.380840322986085 ], [ -88.973385799641065, 21.381178650073998 ], [ -88.972055679978581, 21.381706480242165 ], [ -88.971446481326041, 21.381888630470371 ], [ -88.970903952959546, 21.38205086050732 ], [ -88.970517482941347, 21.382132750305331 ], [ -88.968590542728023, 21.382485200377356 ], [ -88.966452322900594, 21.382763230167146 ], [ -88.965935299656536, 21.382868096057511 ], [ -88.965599881441264, 21.382829508291024 ], [ -88.964824885090323, 21.382970892613269 ], [ -88.964348366850146, 21.38305816692117 ], [ -88.964063308121865, 21.383113965471118 ], [ -88.963586972809154, 21.383371750137457 ], [ -88.963230684048582, 21.383313133543712 ], [ -88.962943068511962, 21.383370299189025 ], [ -88.962363075345678, 21.38348034961 ], [ -88.962208406490788, 21.383504909407808 ], [ -88.961482673526589, 21.383620143101155 ], [ -88.96078481123152, 21.383724950450798 ], [ -88.960239832612871, 21.383997000654261 ], [ -88.959615823257309, 21.383974740078354 ], [ -88.957183661703766, 21.384409475617989 ], [ -88.954581689378912, 21.38466820789467 ], [ -88.953124315638291, 21.384830608148107 ], [ -88.951273747869251, 21.385052220478642 ], [ -88.950152682777272, 21.385184260015667 ], [ -88.948595411029572, 21.385262134577815 ], [ -88.947565360062057, 21.385292234333054 ], [ -88.94629564913707, 21.385377787336772 ], [ -88.944297823224645, 21.385447716821744 ], [ -88.944012453038994, 21.385442090329828 ], [ -88.942579632928386, 21.385512340572724 ], [ -88.942013466724717, 21.385423355255288 ], [ -88.941443234941531, 21.385357716162098 ], [ -88.941334301478264, 21.385550926126459 ], [ -88.941104168064484, 21.385528546995555 ], [ -88.941085353016561, 21.385413280064618 ], [ -88.940960822780056, 21.38543134033263 ], [ -88.940411510840917, 21.385497326267146 ], [ -88.940004523613098, 21.385513151361764 ], [ -88.93930099816609, 21.38561331377041 ], [ -88.938569074087923, 21.385635096978408 ], [ -88.937446358413538, 21.385783781983314 ], [ -88.936170966138775, 21.385835011521799 ], [ -88.934987331119629, 21.385961590034555 ], [ -88.93400843540455, 21.386021291439935 ], [ -88.93318134296608, 21.386119830308377 ], [ -88.931608263308718, 21.386474629885839 ], [ -88.930432053214048, 21.386785550015912 ], [ -88.928308439155686, 21.386969474379729 ], [ -88.928237954312451, 21.387054428724465 ], [ -88.928141155969215, 21.387134145321923 ], [ -88.927990276421198, 21.387163422742837 ], [ -88.927848819772052, 21.387148903456826 ], [ -88.927753691690086, 21.387086109509369 ], [ -88.927715537652446, 21.387081397225757 ], [ -88.9274931829368, 21.387090370096608 ], [ -88.925772022976957, 21.386904719999578 ], [ -88.924699452690376, 21.387043519919665 ], [ -88.923020622977944, 21.38705292002329 ], [ -88.920752233100899, 21.387337260709312 ], [ -88.920465252843371, 21.387551980162499 ], [ -88.920060322472835, 21.387507720432183 ], [ -88.918587120652035, 21.387826532725885 ], [ -88.918372274253286, 21.387884930066196 ], [ -88.918217609088572, 21.387937278652966 ], [ -88.917959865893735, 21.388070922237958 ], [ -88.917756525741211, 21.388185909645337 ], [ -88.91755095648189, 21.388261124303625 ], [ -88.914033942505796, 21.389302490405079 ], [ -88.91277005290226, 21.389567509823809 ], [ -88.912443453381144, 21.389663940153191 ], [ -88.910118553257973, 21.390062550145206 ], [ -88.91007203854528, 21.390053786139148 ], [ -88.91003466931744, 21.390054198820184 ], [ -88.909978844695289, 21.390059058460025 ], [ -88.909874263270311, 21.39008867048879 ], [ -88.909609192195418, 21.39010090927302 ], [ -88.909476419656144, 21.390116049313203 ], [ -88.909414692709788, 21.390145799803172 ], [ -88.908951512835486, 21.390229570005204 ], [ -88.908938053290058, 21.390232000194057 ], [ -88.908050253342182, 21.390392580472859 ], [ -88.907647786462263, 21.390466813934644 ], [ -88.907217184182457, 21.390539600092268 ], [ -88.906885689384339, 21.390612443208877 ], [ -88.906598809276815, 21.390781937347406 ], [ -88.906262603296369, 21.390854340636999 ], [ -88.906029326472662, 21.390800618054676 ], [ -88.90580260310017, 21.390907759349176 ], [ -88.905477773167419, 21.390911540032732 ], [ -88.903618782745681, 21.391297740191611 ], [ -88.902972886817835, 21.391519933766457 ], [ -88.902972446872425, 21.391520064620227 ], [ -88.901514159530365, 21.39195540689936 ], [ -88.899720912629704, 21.392417614397367 ], [ -88.899136757095789, 21.392494083897539 ], [ -88.898222734505012, 21.39262663843359 ], [ -88.896997530745921, 21.39280843718025 ], [ -88.895619459273462, 21.393171200542564 ], [ -88.894682786587182, 21.393166769864891 ], [ -88.894181088873239, 21.39312511971772 ], [ -88.894271856725794, 21.393573897541806 ], [ -88.89427762752409, 21.393602430976905 ], [ -88.894201025785236, 21.393653287526242 ], [ -88.894162675688932, 21.393546504330292 ], [ -88.894095690338943, 21.393359987283301 ], [ -88.894080426883619, 21.393317490344867 ], [ -88.893931908727808, 21.393473637671743 ], [ -88.893523255093797, 21.393506076598605 ], [ -88.893266506670699, 21.393551551142824 ], [ -88.893258661642946, 21.393553484996108 ], [ -88.893063371189754, 21.393601627686017 ], [ -88.892881250111586, 21.393627570821916 ], [ -88.892579665715644, 21.394032685900303 ], [ -88.890973770058778, 21.394187799958893 ], [ -88.890302195086008, 21.394470105285521 ], [ -88.888686996113336, 21.394677432169253 ], [ -88.88850774222864, 21.394459118799446 ], [ -88.888078120141202, 21.394482975194137 ], [ -88.886738258162652, 21.394557366521827 ], [ -88.886665969193061, 21.394561380058366 ], [ -88.885579580968553, 21.394864981370805 ], [ -88.885513133338577, 21.394883549824254 ], [ -88.885489549566927, 21.394890139790803 ], [ -88.885417749695947, 21.394957627365052 ], [ -88.88509349669711, 21.395262410384344 ], [ -88.885028756686353, 21.395323261237994 ], [ -88.884942878842622, 21.395403979832285 ], [ -88.884486249100959, 21.395659660583142 ], [ -88.882910939545496, 21.395732819702953 ], [ -88.88243796285002, 21.395728612805708 ], [ -88.882164801512332, 21.3957261822753 ], [ -88.881190599944944, 21.395717510073851 ], [ -88.88095103524789, 21.395715057397091 ], [ -88.880750060082477, 21.395712999731796 ], [ -88.880689558724598, 21.395712382303518 ], [ -88.880498819985746, 21.395710434575324 ], [ -88.880408585946768, 21.39573504054988 ], [ -88.88031133557665, 21.395761559759148 ], [ -88.880248145120277, 21.395814412349083 ], [ -88.880205314954338, 21.395944331040415 ], [ -88.880175331453572, 21.396114248958099 ], [ -88.880163596358884, 21.396184661068514 ], [ -88.880162530489159, 21.396191052393377 ], [ -88.880162482599061, 21.396191342624707 ], [ -88.880162220535382, 21.396200395617065 ], [ -88.88015534322048, 21.396438330503724 ], [ -88.880146783753617, 21.396665156298951 ], [ -88.880146777283827, 21.396665331621545 ], [ -88.880123936745733, 21.396850905892901 ], [ -88.88008824541977, 21.396955126367857 ], [ -88.880053980848004, 21.396995101545638 ], [ -88.880022571438218, 21.396985107340591 ], [ -88.880008296190255, 21.396942277011782 ], [ -88.880036848905121, 21.396395477164297 ], [ -88.880089729226782, 21.395856669020496 ], [ -88.880109657994282, 21.395658819366229 ], [ -88.880116796959527, 21.395601712701929 ], [ -88.880168192931066, 21.395451806396984 ], [ -88.880529888106423, 21.394929650737687 ], [ -88.880527683263196, 21.394666850551115 ], [ -88.880419234914442, 21.394726420568841 ], [ -88.88035617282523, 21.394761060256993 ], [ -88.88026215034084, 21.394680663902292 ], [ -88.880219829962456, 21.394689641193629 ], [ -88.880085984635315, 21.394689640831228 ], [ -88.880083011002014, 21.394624206520788 ], [ -88.880089632823001, 21.394533150149378 ], [ -88.8800823827861, 21.394526950206004 ], [ -88.880090959246843, 21.394514909891445 ], [ -88.880094908137693, 21.394460618458456 ], [ -88.880127623658211, 21.394380334428302 ], [ -88.880181162511775, 21.394288107213807 ], [ -88.88025979252032, 21.39421228722469 ], [ -88.88028037445271, 21.394140174776165 ], [ -88.880280513396713, 21.394139690062318 ], [ -88.880193623117975, 21.39401726003539 ], [ -88.880145488617643, 21.394075871262874 ], [ -88.879995060373901, 21.394259049855691 ], [ -88.879923720439052, 21.394746243756043 ], [ -88.879903290146217, 21.39557404362608 ], [ -88.879830280636043, 21.396355043805524 ], [ -88.879876480665459, 21.397450254202219 ], [ -88.879874370150318, 21.397785079587166 ], [ -88.879672369851534, 21.397758150221716 ], [ -88.87972351327825, 21.397236060357169 ], [ -88.879672266717009, 21.396465763224157 ], [ -88.879649949054325, 21.396414750205661 ], [ -88.879533949444038, 21.396325521226771 ], [ -88.879412003162983, 21.396254137296836 ], [ -88.878942058660584, 21.395986447251328 ], [ -88.878699670480756, 21.395932412017604 ], [ -88.878370322639782, 21.395904110044157 ], [ -88.877535513131633, 21.395861090016002 ], [ -88.877131492578457, 21.395807229894412 ], [ -88.876693432743068, 21.39574186010584 ], [ -88.876636281266727, 21.395728393629938 ], [ -88.876591347329494, 21.395724532228535 ], [ -88.876531929535915, 21.395721355333702 ], [ -88.876480943083692, 21.395725380412316 ], [ -88.87612986288849, 21.395785449991937 ], [ -88.87579131265008, 21.395886520122481 ], [ -88.875508385136584, 21.396135509803685 ], [ -88.875386395708844, 21.396276926786229 ], [ -88.875098095463798, 21.396098065544109 ], [ -88.874877080050794, 21.396078102458265 ], [ -88.874294573246857, 21.39620577053206 ], [ -88.874007583367259, 21.396026490271993 ], [ -88.873904028019609, 21.396002595067038 ], [ -88.873682772826172, 21.395951540078133 ], [ -88.873447913178467, 21.396032740186119 ], [ -88.872712253083392, 21.396033480466663 ], [ -88.872587683661536, 21.396018570390538 ], [ -88.872468734880997, 21.396018570026712 ], [ -88.872416386745101, 21.396016191543037 ], [ -88.872245065690095, 21.395985257844409 ], [ -88.871809625194402, 21.395925770972593 ], [ -88.87144556656942, 21.395904356612856 ], [ -88.871183827045755, 21.395904356521886 ], [ -88.870631792282907, 21.395942426934866 ], [ -88.870543752019572, 21.395954325645562 ], [ -88.870482607527748, 21.395981169929311 ], [ -88.870454032581179, 21.39609611044586 ], [ -88.869017624729068, 21.396489551799778 ], [ -88.868198823837119, 21.396385389118613 ], [ -88.867309603126984, 21.396411580556375 ], [ -88.864969453212126, 21.396172029993533 ], [ -88.863072803239262, 21.396046650328618 ], [ -88.861362833206499, 21.395804150157318 ], [ -88.859013143169776, 21.395812230089962 ], [ -88.858325922598524, 21.395887449996174 ], [ -88.856863583204699, 21.396087060688551 ], [ -88.855422982899114, 21.396303720384807 ], [ -88.854546523391235, 21.396722890032109 ], [ -88.853963202483598, 21.39703643045565 ], [ -88.852841182721733, 21.397313169842 ], [ -88.851627943388138, 21.397476750046788 ], [ -88.850871402499394, 21.397652489844308 ], [ -88.850108652624215, 21.39801732040964 ], [ -88.84960928251077, 21.398309350299957 ], [ -88.849073152852057, 21.398454650638385 ], [ -88.848230432699808, 21.398557510508461 ], [ -88.847230463163299, 21.398528830124647 ], [ -88.846580972868509, 21.398578179892045 ], [ -88.845715712717748, 21.398532370524009 ], [ -88.845420422914898, 21.398621819893172 ], [ -88.84520174295497, 21.398660419954766 ], [ -88.844496952527038, 21.398647550339 ], [ -88.843737712605929, 21.398668309956044 ], [ -88.842785172741628, 21.398730280169065 ], [ -88.842310952599874, 21.398765999887807 ], [ -88.841670662789468, 21.398825710607497 ], [ -88.841278343218576, 21.398832750577323 ], [ -88.841240707794213, 21.398830213036611 ], [ -88.841239500151644, 21.398832283366513 ], [ -88.840977758477976, 21.398922702363919 ], [ -88.840923030483793, 21.398910805429161 ], [ -88.840887339051392, 21.398882251520885 ], [ -88.840770745904322, 21.398718069296468 ], [ -88.840694602501657, 21.39858719791976 ], [ -88.840601803945333, 21.398423016389401 ], [ -88.840589906951394, 21.398375425954633 ], [ -88.840587526922135, 21.398325457813367 ], [ -88.840587603166227, 21.398325226531256 ], [ -88.840651772978347, 21.398130342391703 ], [ -88.840673187535401, 21.397999471665404 ], [ -88.840661270877575, 21.397939889434685 ], [ -88.840622292624928, 21.397873660230303 ], [ -88.840448143118849, 21.398145999905235 ], [ -88.840461122570701, 21.398564740371068 ], [ -88.840560666174909, 21.398689963258057 ], [ -88.840127921715066, 21.399150582409924 ], [ -88.839814462568185, 21.398941688832927 ], [ -88.839738833088944, 21.398915850684222 ], [ -88.839440152673063, 21.398784339879594 ], [ -88.839255082814148, 21.398740049913652 ], [ -88.839104252510865, 21.398914399855769 ], [ -88.839024952541877, 21.399050050336715 ], [ -88.838677422423046, 21.398969620152023 ], [ -88.83842083273214, 21.398873110358704 ], [ -88.838315323119872, 21.398805110669507 ], [ -88.838339542904706, 21.398971400195524 ], [ -88.838608742745507, 21.399147749804872 ], [ -88.839009113023991, 21.399222909975755 ], [ -88.839179742659226, 21.399191549832874 ], [ -88.839232311019131, 21.399077284209682 ], [ -88.839325000445314, 21.398933030104214 ], [ -88.839497000456916, 21.399011193487684 ], [ -88.839530082459362, 21.399137169956511 ], [ -88.839563285320864, 21.399141769156032 ], [ -88.839642783153963, 21.399152780160996 ], [ -88.839769683204864, 21.399223000396862 ], [ -88.839730800929928, 21.399354023556942 ], [ -88.839508853340064, 21.399744650221557 ], [ -88.838933653132415, 21.40018329039972 ], [ -88.838657583092981, 21.400389230293623 ], [ -88.838332772435322, 21.400466540204981 ], [ -88.838089142557948, 21.400550849767644 ], [ -88.837736682672457, 21.400597049985002 ], [ -88.837406173228771, 21.400836600216895 ], [ -88.837154122622508, 21.401006320062983 ], [ -88.836814622516073, 21.401024919803699 ], [ -88.836411433286088, 21.401066750022277 ], [ -88.835922852492274, 21.401121519855185 ], [ -88.834873063058168, 21.401078890490055 ], [ -88.833915053217737, 21.401455799902145 ], [ -88.832644852426029, 21.401714950301113 ], [ -88.831510952446322, 21.401799059925334 ], [ -88.830390582978836, 21.402161940406607 ], [ -88.828066552569737, 21.40311023037324 ], [ -88.826478002446521, 21.403555231858849 ], [ -88.826304420567368, 21.403660481902804 ], [ -88.82580176023491, 21.403954940657094 ], [ -88.825468635165919, 21.404097707870612 ], [ -88.825138723141521, 21.404287351204669 ], [ -88.82469127418986, 21.404755102701898 ], [ -88.824539568997324, 21.40495480882932 ], [ -88.824397290310444, 21.405142110281993 ], [ -88.824309982590748, 21.405655939994165 ], [ -88.823178112913808, 21.406343250438717 ], [ -88.822703152415556, 21.406679310651921 ], [ -88.821894482757642, 21.407097740088602 ], [ -88.821393282457521, 21.40730337008927 ], [ -88.820608082815511, 21.407379220491265 ], [ -88.820259342435094, 21.407387420659759 ], [ -88.819871473062207, 21.407348544987613 ], [ -88.819510345609828, 21.40748570357454 ], [ -88.819463042413275, 21.407482519676979 ], [ -88.819415153188402, 21.407510119964893 ], [ -88.818806183133219, 21.407674909891586 ], [ -88.818612714561979, 21.407757223037954 ], [ -88.818365229478914, 21.407943750164396 ], [ -88.818148104344402, 21.408244157010014 ], [ -88.817466983849926, 21.40854158935149 ], [ -88.817321241741553, 21.408618921959334 ], [ -88.817005963336129, 21.408749792218789 ], [ -88.816652018225867, 21.408794407648298 ], [ -88.81603038372333, 21.409332760461652 ], [ -88.815301673823171, 21.409790806448601 ], [ -88.815240550797924, 21.409819162344125 ], [ -88.81522318302784, 21.409831539812664 ], [ -88.814639852557363, 21.410039630188276 ], [ -88.814306582762981, 21.410202320671669 ], [ -88.814077603320115, 21.410345290500601 ], [ -88.813660493013089, 21.410424149948632 ], [ -88.813107863279598, 21.41042431037468 ], [ -88.812620783294406, 21.410382250178365 ], [ -88.812345740194615, 21.410473369595696 ], [ -88.811721523134295, 21.410326030258592 ], [ -88.811676383645164, 21.4103129897908 ], [ -88.811515559552134, 21.410301047600957 ], [ -88.811132467351669, 21.410398604901825 ], [ -88.810981736891478, 21.410394788947755 ], [ -88.810946462579381, 21.410402690564084 ], [ -88.8103910232891, 21.410431310143704 ], [ -88.809994093694044, 21.410463985601002 ], [ -88.809829711682113, 21.410598479330993 ], [ -88.809754758662137, 21.410677001579916 ], [ -88.809633406249034, 21.410784077518237 ], [ -88.809372855207002, 21.410837615145759 ], [ -88.809090889044569, 21.410773369904067 ], [ -88.80851624863206, 21.410826908105658 ], [ -88.808486550119525, 21.410846165756769 ], [ -88.808107553110332, 21.411172229862853 ], [ -88.807977698033881, 21.411140087214736 ], [ -88.807902466290187, 21.411155684189001 ], [ -88.807756082828234, 21.411276689981303 ], [ -88.807203432922307, 21.411276820373033 ], [ -88.807159910264403, 21.411407103824423 ], [ -88.807064710374149, 21.411542450338782 ], [ -88.806819149660328, 21.411645679894491 ], [ -88.806501650216191, 21.411752279972902 ], [ -88.806156350010809, 21.411933050170273 ], [ -88.8058969233266, 21.411846310546625 ], [ -88.805567781388078, 21.411852752150249 ], [ -88.805039856771131, 21.411733482251297 ], [ -88.804839883301554, 21.411734656911676 ], [ -88.804659553243908, 21.411752780651589 ], [ -88.804012683342975, 21.412066429880703 ], [ -88.803348140212421, 21.412267480081798 ], [ -88.802815650374583, 21.412374630451087 ], [ -88.802348859703585, 21.412334290187211 ], [ -88.801883950361614, 21.412274970174249 ], [ -88.801643219614959, 21.412225450342326 ], [ -88.801303783285334, 21.412399739838307 ], [ -88.800847943261104, 21.412456080446663 ], [ -88.800513734006316, 21.412402771515392 ], [ -88.800440953350375, 21.412404490206562 ], [ -88.800200043198231, 21.412406911791791 ], [ -88.799850542944029, 21.41250389060307 ], [ -88.79969238333878, 21.412412014816965 ], [ -88.799397660879578, 21.412414975960907 ], [ -88.799162252647363, 21.412530549802604 ], [ -88.798901871307663, 21.412484064262774 ], [ -88.798834903703806, 21.412496819774685 ], [ -88.798611002453526, 21.412811979929717 ], [ -88.798549952564287, 21.412912290100063 ], [ -88.79843272320619, 21.41295960063621 ], [ -88.798074434808413, 21.41275935707106 ], [ -88.798017417828163, 21.412765373621461 ], [ -88.797713302542462, 21.413239928064566 ], [ -88.79773768687626, 21.413251182187583 ], [ -88.797823348241934, 21.413305909485075 ], [ -88.79787569603684, 21.413343981143001 ], [ -88.79792678725137, 21.413409203346735 ], [ -88.797972022896047, 21.413437460164428 ], [ -88.797984310770261, 21.413482637749112 ], [ -88.797987530839578, 21.413486748297473 ], [ -88.798020843129805, 21.413534338381883 ], [ -88.798051773082562, 21.413648575933468 ], [ -88.798059090450479, 21.413757600898716 ], [ -88.798092382818027, 21.41387997043493 ], [ -88.798081608472643, 21.414093053510161 ], [ -88.798088000530072, 21.414188294637473 ], [ -88.798099365565875, 21.414357631362414 ], [ -88.798102411452064, 21.414406365373029 ], [ -88.798104124045807, 21.414433774433196 ], [ -88.798089847917822, 21.414519434275402 ], [ -88.798045545677525, 21.414691721009991 ], [ -88.797993891041799, 21.415225873859267 ], [ -88.797759276454514, 21.415637367294369 ], [ -88.797758897443899, 21.415638526570298 ], [ -88.797721029064306, 21.41575439865931 ], [ -88.797763969332394, 21.415934216000707 ], [ -88.797466033893187, 21.416305115213355 ], [ -88.797127614014215, 21.41650632052098 ], [ -88.796991512381766, 21.41668903062817 ], [ -88.796981374754125, 21.416699407554216 ], [ -88.796961096242526, 21.41672016476884 ], [ -88.796919153126353, 21.416782302501861 ], [ -88.796862046274043, 21.41689651598104 ], [ -88.796751039665651, 21.417126477825889 ], [ -88.796728796227711, 21.417172533626587 ], [ -88.796705000903273, 21.417277230692516 ], [ -88.797021469922939, 21.417013110215869 ], [ -88.797281425974418, 21.416718055911836 ], [ -88.797569815721474, 21.416461075483586 ], [ -88.798000023112721, 21.416173636046345 ], [ -88.798091393743775, 21.41612985453466 ], [ -88.798310304895608, 21.415990893028201 ], [ -88.798477818740679, 21.415798633274541 ], [ -88.798632005190782, 21.415574012451785 ], [ -88.798711955292603, 21.415307535421764 ], [ -88.798704342021807, 21.41525233161596 ], [ -88.79870440958824, 21.415251794295344 ], [ -88.798725282773844, 21.415084793964787 ], [ -88.798742415374903, 21.415031493983136 ], [ -88.798797617858909, 21.414905859511588 ], [ -88.798835690097008, 21.414865884291569 ], [ -88.79887566453688, 21.414841137988731 ], [ -88.799193560999598, 21.414645070031156 ], [ -88.799454349683828, 21.414449002329846 ], [ -88.799576177841203, 21.414310041846107 ], [ -88.799631381597905, 21.414159659815791 ], [ -88.799618056578481, 21.414091131650768 ], [ -88.799608539053352, 21.413782752813368 ], [ -88.799623767008868, 21.413725646468553 ], [ -88.799656127845978, 21.413659021038114 ], [ -88.799686584569258, 21.413626661544122 ], [ -88.799736077976632, 21.413613335810773 ], [ -88.799806509661693, 21.413620950659336 ], [ -88.799888363300269, 21.413664732302678 ], [ -88.799937856335589, 21.413702803438166 ], [ -88.80044801298169, 21.414230092232522 ], [ -88.800455441932542, 21.414241978423309 ], [ -88.800505120147207, 21.41432146307675 ], [ -88.800512125339608, 21.414346970014929 ], [ -88.800512199569908, 21.414338120007013 ], [ -88.800648289982377, 21.414523060274185 ], [ -88.800640420714515, 21.414997143951631 ], [ -88.8002266596867, 21.415841379949644 ], [ -88.799926660154625, 21.4159527803616 ], [ -88.799778000436604, 21.416108110329912 ], [ -88.799739424424345, 21.416244132512801 ], [ -88.799741788471167, 21.416312596466977 ], [ -88.799699910093224, 21.416383028180256 ], [ -88.799691754194058, 21.416394096920421 ], [ -88.799593342442535, 21.416654880552802 ], [ -88.799195816142898, 21.416892433285774 ], [ -88.799147874457631, 21.416933160514276 ], [ -88.798839496823575, 21.417176816570944 ], [ -88.798698632811153, 21.417292934634126 ], [ -88.798369314516151, 21.417586084086082 ], [ -88.798237968425468, 21.417725044445344 ], [ -88.798196091159951, 21.417780248335131 ], [ -88.798196090935846, 21.417829741649872 ], [ -88.798519696561996, 21.417709816498782 ], [ -88.799045081458019, 21.417563241263753 ], [ -88.799073635613823, 21.41756895184129 ], [ -88.799140260495278, 21.41756133732099 ], [ -88.799176429059656, 21.417544205168607 ], [ -88.799458157287958, 21.417405245068235 ], [ -88.799667549257009, 21.417247249160617 ], [ -88.80020245211567, 21.41677326064065 ], [ -88.800404227234054, 21.41636925107926 ], [ -88.800527010427246, 21.416307837246745 ], [ -88.800831105908287, 21.416290705300352 ], [ -88.800862514515615, 21.416303553819336 ], [ -88.800885427155777, 21.416398336013717 ], [ -88.80088652535936, 21.416428084198756 ], [ -88.800854519508277, 21.416539720002966 ], [ -88.800791701562446, 21.416613958956333 ], [ -88.800776186906901, 21.416621404408549 ], [ -88.800744110092197, 21.416636801710972 ], [ -88.800582444824471, 21.41672148306381 ], [ -88.80050426271653, 21.416762436940786 ], [ -88.800081670552302, 21.417105079810316 ], [ -88.800018853231578, 21.41715647666113 ], [ -88.800007432028863, 21.417173607990719 ], [ -88.800009991908013, 21.417193936211394 ], [ -88.800175030284791, 21.417104004092433 ], [ -88.800182545582274, 21.417382897789714 ], [ -88.800648934352964, 21.417126019456422 ], [ -88.800845001595548, 21.417028937594317 ], [ -88.801004901447328, 21.416948987253072 ], [ -88.801170512205402, 21.416861422989818 ], [ -88.801244751183731, 21.416819543851958 ], [ -88.801610235441728, 21.416566369987056 ], [ -88.801669247079019, 21.416505456459245 ], [ -88.80168828049888, 21.41647121440818 ], [ -88.801711125875812, 21.416414084409393 ], [ -88.801714933178943, 21.416356976974953 ], [ -88.801716835740237, 21.416307484160935 ], [ -88.801831050243081, 21.416160910321896 ], [ -88.801960493204177, 21.416039081175008 ], [ -88.802133718319936, 21.415924867514011 ], [ -88.802386893257136, 21.415816363909133 ], [ -88.80244590295608, 21.41581446028572 ], [ -88.802499203281471, 21.415841110481065 ], [ -88.802520139559618, 21.415903952162086 ], [ -88.802527756627285, 21.415949613326784 ], [ -88.802495395619061, 21.416107610485493 ], [ -88.802463034996961, 21.416206595566003 ], [ -88.802413542330413, 21.416237051905309 ], [ -88.802266968186004, 21.416341749694798 ], [ -88.802175595956285, 21.416415988691885 ], [ -88.80211848879857, 21.416488322949089 ], [ -88.801935746690717, 21.416739594019035 ], [ -88.801926229241758, 21.416771955378156 ], [ -88.80193574642837, 21.416817641368137 ], [ -88.801968106991694, 21.416815737073357 ], [ -88.801992530575262, 21.416812480715684 ], [ -88.801996660848388, 21.416811929931342 ], [ -88.802388795702768, 21.416741498509122 ], [ -88.802622935135304, 21.416564466077624 ], [ -88.802649585175701, 21.416499745168117 ], [ -88.802718113751553, 21.416385530866769 ], [ -88.802763798611593, 21.416358881068184 ], [ -88.802963674214254, 21.416284642356924 ], [ -88.803187601675063, 21.416241907036451 ], [ -88.803208538567262, 21.416188630990366 ], [ -88.803237092463149, 21.416146728652446 ], [ -88.803309430999619, 21.416108656946577 ], [ -88.803396994710312, 21.416120078802503 ], [ -88.803425547828766, 21.416148632166909 ], [ -88.803478847796654, 21.416184800015426 ], [ -88.803528459667831, 21.41621180734365 ], [ -88.803617690005183, 21.416193961354089 ], [ -88.804230401143357, 21.41584001600901 ], [ -88.804325578510358, 21.415756735208117 ], [ -88.804414809250659, 21.415628838991676 ], [ -88.804512961491625, 21.415548531837203 ], [ -88.804872854616633, 21.415322483549176 ], [ -88.804881753175067, 21.415352143650445 ], [ -88.804881778061699, 21.415352226909764 ], [ -88.804860958170494, 21.415480123708047 ], [ -88.804682498450532, 21.415765658267635 ], [ -88.804007325565621, 21.416318882964024 ], [ -88.803805072180708, 21.416286164862662 ], [ -88.803724764788072, 21.416280215818762 ], [ -88.803709173150253, 21.416292138696733 ], [ -88.803573072169257, 21.416396215159477 ], [ -88.803335567291512, 21.416591021804145 ], [ -88.803308357259993, 21.41661334073218 ], [ -88.803070411156909, 21.416785852139316 ], [ -88.802862207870163, 21.416910773001455 ], [ -88.802671850834614, 21.41699702911011 ], [ -88.802407136415113, 21.417074360830494 ], [ -88.802092214445835, 21.417180961126679 ], [ -88.801839042400758, 21.417304693352552 ], [ -88.801338403732913, 21.41755786809486 ], [ -88.801102361244943, 21.417704443256717 ], [ -88.800911790176613, 21.417795887240437 ], [ -88.800654546973604, 21.41789253893209 ], [ -88.800388047002443, 21.417962971018266 ], [ -88.800155811481616, 21.418016271580079 ], [ -88.800032079965277, 21.418084800245023 ], [ -88.799969262106643, 21.418143810466674 ], [ -88.799933094138936, 21.418202820963689 ], [ -88.799929286447821, 21.418254217049967 ], [ -88.799961647542005, 21.418299903594207 ], [ -88.79998068427939, 21.418305614375971 ], [ -88.800043500859005, 21.418259927881799 ], [ -88.800110126364544, 21.418229471033257 ], [ -88.800121547676937, 21.418238989218047 ], [ -88.800119669270757, 21.41827653009976 ], [ -88.80011964195846, 21.418277083659362 ], [ -88.800100605219015, 21.418303710124487 ], [ -88.800033982877622, 21.418345588214425 ], [ -88.799702476800221, 21.41851976509766 ], [ -88.799231343779596, 21.418707741859723 ], [ -88.799131405391378, 21.418733916530677 ], [ -88.79855129428131, 21.418825288315219 ], [ -88.797918832515563, 21.418970910987291 ], [ -88.797859287958133, 21.418992528387438 ], [ -88.797462602847858, 21.419385170496142 ], [ -88.797216852447278, 21.41966940044674 ], [ -88.796531852406417, 21.419992050392711 ], [ -88.795890422859486, 21.420148740449171 ], [ -88.794545023017093, 21.42042565051095 ], [ -88.794401534581183, 21.420420151437636 ], [ -88.794176059418177, 21.420459026372548 ], [ -88.79390242190938, 21.420491743521204 ], [ -88.793726936751412, 21.420512563838617 ], [ -88.793664577936539, 21.420513494843981 ], [ -88.793122095180024, 21.420617637994489 ], [ -88.79310221506654, 21.420621454496793 ], [ -88.793099354071131, 21.420622614229742 ], [ -88.793024992769077, 21.420670202601588 ], [ -88.792995248815075, 21.420702919900201 ], [ -88.792965273325009, 21.420737629433628 ], [ -88.792938737057128, 21.420768355747228 ], [ -88.792855456327743, 21.420815944692688 ], [ -88.792700791079156, 21.420881380346039 ], [ -88.792534229056542, 21.420911122993388 ], [ -88.791145218305147, 21.421068763380784 ], [ -88.790669325829029, 21.421163940631221 ], [ -88.790000701243045, 21.421298381362188 ], [ -88.789670549989836, 21.421342994966658 ], [ -88.789426656231015, 21.42139653319056 ], [ -88.789066762233475, 21.421503608886731 ], [ -88.788977532012808, 21.4215541735941 ], [ -88.788724714661598, 21.421673145930789 ], [ -88.788516511564907, 21.421690991918631 ], [ -88.788162566665321, 21.421714785886099 ], [ -88.787951389872958, 21.421708838195016 ], [ -88.787738343257359, 21.421721082203959 ], [ -88.787079263326035, 21.421803660133452 ], [ -88.785316969925944, 21.42219428994704 ], [ -88.783891799970419, 21.422478310033384 ], [ -88.783236819592716, 21.422567229823713 ], [ -88.78224260043865, 21.422897000345301 ], [ -88.781740860346503, 21.423024060014864 ], [ -88.78064808001163, 21.423215019682104 ], [ -88.779139519760207, 21.423606719696597 ], [ -88.7774786203574, 21.423863890055614 ], [ -88.775581979933676, 21.424242419710357 ], [ -88.77395959965682, 21.424623139935129 ], [ -88.772495219756564, 21.424844249694445 ], [ -88.770276550137382, 21.425169719976882 ], [ -88.770071977930172, 21.425178906499809 ], [ -88.770038806578029, 21.425187015176459 ], [ -88.7699376796416, 21.425210809571002 ], [ -88.769726503153379, 21.425225681012698 ], [ -88.76889961753848, 21.425231546294377 ], [ -88.768767232694188, 21.425237489818151 ], [ -88.767344493205869, 21.425496110078623 ], [ -88.765827092866402, 21.425610719975442 ], [ -88.764650423023866, 21.425637230039584 ], [ -88.763340079934522, 21.425676420041651 ], [ -88.758861339611428, 21.425892339653608 ], [ -88.757835450438478, 21.426032860214086 ], [ -88.755936060284967, 21.426156710169739 ], [ -88.752730180285951, 21.426815600193422 ], [ -88.751448599753346, 21.427358059941984 ], [ -88.747683249805007, 21.428425849572761 ], [ -88.746019550297817, 21.428917940458771 ], [ -88.744709999600744, 21.429102030354855 ], [ -88.744131820071502, 21.429232649993324 ], [ -88.743515259754673, 21.429594950175751 ], [ -88.742674320089378, 21.429657740439062 ], [ -88.740850400007758, 21.430087200146055 ], [ -88.7403084797037, 21.430337169899939 ], [ -88.738718539709922, 21.430725259856178 ], [ -88.738027679800268, 21.431013220084317 ], [ -88.737480250068188, 21.431135399802997 ], [ -88.737385710446389, 21.431187339716988 ], [ -88.736933310074392, 21.431435850233335 ], [ -88.736000649845522, 21.431934090401644 ], [ -88.735356599850363, 21.43211577017064 ], [ -88.734731199710154, 21.432383940228654 ], [ -88.734203460045208, 21.43264719976149 ], [ -88.733449600441674, 21.43292965972816 ], [ -88.732717910305198, 21.433171600292489 ], [ -88.732459490320224, 21.433287140101196 ], [ -88.732193260486696, 21.43350161985293 ], [ -88.731683169682242, 21.433602950232629 ], [ -88.72924702006911, 21.434734519950545 ], [ -88.72915566020626, 21.434898110348101 ], [ -88.728709680296788, 21.435003619991214 ], [ -88.727172889677121, 21.435769629901063 ], [ -88.726560449696407, 21.436089800372997 ], [ -88.726414479913672, 21.436280779890765 ], [ -88.726259050157338, 21.436292740137521 ], [ -88.726190060086637, 21.436439490288883 ], [ -88.725975229910205, 21.436483280046605 ], [ -88.725843019825348, 21.436553600280224 ], [ -88.725900799523203, 21.436702890134175 ], [ -88.725398980141179, 21.436913860228557 ], [ -88.725134219940713, 21.437063480280774 ], [ -88.724366740453235, 21.43751457993017 ], [ -88.723291309788635, 21.437836939652804 ], [ -88.723192979859533, 21.438076800051427 ], [ -88.721828280165099, 21.438662540452221 ], [ -88.72167442028082, 21.438915860359053 ], [ -88.721273860277705, 21.439203510165854 ], [ -88.720401969689249, 21.439577489893672 ], [ -88.720050569983215, 21.439826979651503 ], [ -88.718977850235888, 21.43998291963722 ], [ -88.718419020290455, 21.440266920223756 ], [ -88.718010620447771, 21.440586220296595 ], [ -88.716511000376443, 21.441111490242015 ], [ -88.715357999576412, 21.441665780413423 ], [ -88.714589569929089, 21.442055419775748 ], [ -88.714197170425891, 21.442592109777593 ], [ -88.71358150990315, 21.442852550183705 ], [ -88.7124949498549, 21.443377539719158 ], [ -88.711926819686866, 21.443586860051212 ], [ -88.711226629914862, 21.443967249654893 ], [ -88.710932980213727, 21.444366019719507 ], [ -88.710138849618176, 21.444687290199408 ], [ -88.70855215025253, 21.445205220165143 ], [ -88.707629349728137, 21.445634109937288 ], [ -88.706107740191129, 21.446208799919468 ], [ -88.704990800178578, 21.446765050131308 ], [ -88.703926650230358, 21.447356489740173 ], [ -88.703673680310544, 21.447760909867075 ], [ -88.703507029934215, 21.448204629887307 ], [ -88.702902630128207, 21.448660890342484 ], [ -88.70060838038026, 21.449649280389714 ], [ -88.699674950348978, 21.450063460302434 ], [ -88.699227849599453, 21.450270630198879 ], [ -88.698836320041181, 21.450365719940496 ], [ -88.698089620059235, 21.450665620359768 ], [ -88.697174110411098, 21.450909279969721 ], [ -88.696132350292345, 21.451073149803037 ], [ -88.695827739938437, 21.451216340268903 ], [ -88.694851050322285, 21.451182199837984 ], [ -88.694739200246929, 21.451073250458549 ], [ -88.694290549507969, 21.454248220077243 ], [ -88.694390150290531, 21.454341749755095 ], [ -88.695212564316677, 21.454014424251223 ], [ -88.695475558551323, 21.453545388143546 ], [ -88.695748761949844, 21.453492014637636 ], [ -88.695779166312818, 21.454015541389623 ], [ -88.695752913256911, 21.454260446458608 ], [ -88.695707703595858, 21.454457940811363 ], [ -88.695324609703377, 21.454795825319565 ], [ -88.694989106294727, 21.454998079024147 ], [ -88.694451347946014, 21.455274096329806 ], [ -88.694001629800951, 21.455778541998569 ], [ -88.693969086852988, 21.45595105457873 ], [ -88.693908024062083, 21.456254405326028 ], [ -88.693786671407111, 21.456387654422233 ], [ -88.693564955146371, 21.456803279694075 ], [ -88.693251350900525, 21.457055695202349 ], [ -88.692909888305891, 21.457381042943062 ], [ -88.692621763961057, 21.457558509243899 ], [ -88.692412423083852, 21.457759718516741 ], [ -88.691918283268933, 21.458104922325319 ], [ -88.691619342003008, 21.458391167799565 ], [ -88.69129913475885, 21.458709924661203 ], [ -88.690852178304368, 21.459033914946151 ], [ -88.690317689678935, 21.459603485609978 ], [ -88.689631235731895, 21.460159814674181 ], [ -88.689061194287873, 21.460633441725815 ], [ -88.688433356385616, 21.461144232081292 ], [ -88.687638574008801, 21.461766473756654 ], [ -88.687364981781556, 21.461978960460936 ], [ -88.686520449598916, 21.462591490221996 ], [ -88.685528260028406, 21.463526620437808 ], [ -88.683444629551886, 21.465199650344967 ], [ -88.680728319651791, 21.467027849631148 ], [ -88.679651539776557, 21.467615509656834 ], [ -88.676265519676804, 21.470075139648543 ], [ -88.675010690222706, 21.471058050422418 ], [ -88.67333274975249, 21.472413830078072 ], [ -88.670685249729459, 21.474352219872017 ], [ -88.670275880263162, 21.474817219700348 ], [ -88.66988368961664, 21.475006950181331 ], [ -88.669205829650465, 21.475524889634716 ], [ -88.668919889858032, 21.475738659593599 ], [ -88.668710489935748, 21.476010420420735 ], [ -88.668101689525386, 21.476381630294597 ], [ -88.667754680008642, 21.47676719975663 ], [ -88.667343829834664, 21.477155679656086 ], [ -88.666954769704674, 21.477325420019124 ], [ -88.666411689678114, 21.477583540069748 ], [ -88.663999650376098, 21.479358309979737 ], [ -88.661837110043408, 21.480777259760874 ], [ -88.660194860191254, 21.481798199631946 ], [ -88.658076522554836, 21.483108379095661 ], [ -88.657898141644253, 21.483336974922249 ], [ -88.657823882404188, 21.483448657352962 ], [ -88.657663643349267, 21.483544096279921 ], [ -88.657573224293515, 21.48373207299727 ], [ -88.657482804121827, 21.483877221060116 ], [ -88.657428076461258, 21.483953363115035 ], [ -88.657358053074134, 21.484038948366216 ], [ -88.657299586061669, 21.484110407989185 ], [ -88.657135395197116, 21.484384515656981 ], [ -88.656956716759083, 21.48463900857281 ], [ -88.656560367285124, 21.484815408681445 ], [ -88.656281076901621, 21.484993589898945 ], [ -88.655929428094709, 21.485173892368149 ], [ -88.655641792517287, 21.485435749587978 ], [ -88.655357730065248, 21.485571310158498 ], [ -88.654963405875023, 21.485908253319675 ], [ -88.654591131347871, 21.486204919069063 ], [ -88.654084749096711, 21.486489870436657 ], [ -88.653737861536143, 21.48671278701827 ], [ -88.653010825041051, 21.487130391392895 ], [ -88.652757511788295, 21.487319277446282 ], [ -88.652130200150012, 21.487847050134128 ], [ -88.650937569667704, 21.488702780052428 ], [ -88.647485411922233, 21.491518451287973 ], [ -88.645290939584214, 21.493498799714757 ], [ -88.644012621918691, 21.494506779266132 ], [ -88.643513490305409, 21.49509555024753 ], [ -88.643034569890958, 21.49537922042132 ], [ -88.642833550361942, 21.495648860061664 ], [ -88.642468480411438, 21.495818020157778 ], [ -88.641753854462266, 21.496444812193698 ], [ -88.641510037840206, 21.496718920722522 ], [ -88.64114389256639, 21.497134265489819 ], [ -88.640557406413393, 21.497859531533162 ], [ -88.640351608081346, 21.49820448662744 ], [ -88.6398064707477, 21.498961810464813 ], [ -88.639798887742757, 21.499047116998401 ], [ -88.63988454824748, 21.499553943279789 ], [ -88.639967830233104, 21.499615809377016 ], [ -88.639964260285581, 21.500011394359326 ], [ -88.63996128571759, 21.500070879763406 ], [ -88.639907747696171, 21.500192827632816 ], [ -88.63969657113428, 21.500609232581123 ], [ -88.639601392594969, 21.500775796045698 ], [ -88.639538931784074, 21.500882872303535 ], [ -88.639458030084597, 21.501015525577689 ], [ -88.63894168701934, 21.501588977342337 ], [ -88.638677566630562, 21.501869752947879 ], [ -88.63849672838829, 21.502055351048369 ], [ -88.637321274325373, 21.503142764988041 ], [ -88.6371023635987, 21.503345018610343 ], [ -88.636845382271602, 21.50356630867466 ], [ -88.636440872810411, 21.503892295252356 ], [ -88.6359578430733, 21.504289664718286 ], [ -88.635077441586432, 21.505074887086888 ], [ -88.634948950618963, 21.505198618791198 ], [ -88.634346323306048, 21.50583226432699 ], [ -88.63418514400432, 21.506005256007953 ], [ -88.633999546189685, 21.506228925843626 ], [ -88.633792533161895, 21.506493046220527 ], [ -88.633690217126812, 21.506640572156812 ], [ -88.633637867756789, 21.506754785993451 ], [ -88.63361169387322, 21.506859482900737 ], [ -88.633585519992366, 21.506980835351971 ], [ -88.633554587135478, 21.507085530735441 ], [ -88.633471306324836, 21.507278267742883 ], [ -88.633390403996316, 21.507435312171797 ], [ -88.633045383112702, 21.508008761702072 ], [ -88.63291927116677, 21.508203878213408 ], [ -88.632790779515489, 21.508377578999131 ], [ -88.632655151395937, 21.508601248348466 ], [ -88.632576628583848, 21.50878208724404 ], [ -88.632552833858284, 21.508917715722209 ], [ -88.632559972773294, 21.508991479574263 ], [ -88.632391031478448, 21.50962441579988 ], [ -88.631977004926, 21.5103763257186 ], [ -88.631915138700904, 21.510514335285734 ], [ -88.631860410557962, 21.51063330759861 ], [ -88.631689090248415, 21.511002124103598 ], [ -88.63158201413934, 21.511194861171099 ], [ -88.631477318078154, 21.511351904772138 ], [ -88.631208439306576, 21.511737378363801 ], [ -88.631058532707897, 21.511942011342306 ], [ -88.630903868040804, 21.512110953421249 ], [ -88.63066830083531, 21.51236793511606 ], [ -88.630551706726408, 21.512477389598789 ], [ -88.63045890531771, 21.512580618227133 ], [ -88.630429109621474, 21.512680289605662 ], [ -88.630261290027775, 21.513642220078342 ], [ -88.629764479536234, 21.514300970073378 ], [ -88.629120819970751, 21.514888089889656 ], [ -88.626240204341471, 21.516517236498085 ], [ -88.625949592409114, 21.51676375107948 ], [ -88.625821695737756, 21.516855954551612 ], [ -88.625747337688566, 21.516900570111254 ], [ -88.625643235801618, 21.516960056858892 ], [ -88.625201159604188, 21.517194468857582 ], [ -88.624684600341794, 21.517540660082542 ], [ -88.624413660356225, 21.517689289608377 ], [ -88.623846769587686, 21.51799672001782 ], [ -88.62369484967229, 21.518184489629046 ], [ -88.623396289924855, 21.518301979867609 ], [ -88.623205349970007, 21.518572510124493 ], [ -88.622560050436732, 21.518879850366858 ], [ -88.622223856752512, 21.518984638629366 ], [ -88.621749128635983, 21.519221629995165 ], [ -88.620789051943845, 21.519711561820227 ], [ -88.62047946668828, 21.519920802896515 ], [ -88.620062570905901, 21.520120648549678 ], [ -88.618929080247938, 21.520749319773994 ], [ -88.617953770086487, 21.521180949987073 ], [ -88.61781911044524, 21.521382819727563 ], [ -88.616831060240287, 21.521736720148311 ], [ -88.616723540237231, 21.521890080359476 ], [ -88.616291349658667, 21.521909680124782 ], [ -88.61612128994409, 21.52197136987672 ], [ -88.615690374063817, 21.522075930321016 ], [ -88.61503379949923, 21.522233000238657 ], [ -88.614344339979169, 21.522287220106826 ], [ -88.613576830453056, 21.522689140312696 ], [ -88.612685489749126, 21.522792979974021 ], [ -88.610709570327316, 21.523570420218579 ], [ -88.607508800219406, 21.524392660093838 ], [ -88.606322852472232, 21.524817343393686 ], [ -88.603899421738078, 21.525145164838996 ], [ -88.602333626675502, 21.525286463949417 ], [ -88.600966519371312, 21.52533543265826 ], [ -88.5990706767289, 21.525439321231744 ], [ -88.597289971244834, 21.525654575631002 ], [ -88.595727237859293, 21.525855164022484 ], [ -88.594660821676783, 21.52596421363355 ], [ -88.593714570560238, 21.526134443331681 ], [ -88.592626910183, 21.526275380023687 ], [ -88.591535059353689, 21.52618803400215 ], [ -88.590637433284726, 21.526143044189197 ], [ -88.589774184265124, 21.526025094997213 ], [ -88.588785173693395, 21.526081809734325 ], [ -88.587686895520733, 21.526781852347664 ], [ -88.586717527216976, 21.526930432932119 ], [ -88.585749902314149, 21.527022504104849 ], [ -88.58497773897669, 21.527165756034179 ], [ -88.58363489667552, 21.527512141315864 ], [ -88.582126905218658, 21.527616106436458 ], [ -88.580638763288235, 21.527612065942712 ], [ -88.579159274930262, 21.527701622500238 ], [ -88.578137222155235, 21.528177424156649 ], [ -88.577165203704297, 21.528514115147704 ], [ -88.575855324573737, 21.528711389757305 ], [ -88.574443712195318, 21.528933481751757 ], [ -88.57360082350931, 21.52906202404694 ], [ -88.57273081073356, 21.529281031847923 ], [ -88.572025964848393, 21.529472340884443 ], [ -88.571330059274388, 21.529664433317631 ], [ -88.570285132359572, 21.529648587976453 ], [ -88.568982001372646, 21.529508751769036 ], [ -88.567890682003764, 21.529505696425616 ], [ -88.566580291753752, 21.529348318962729 ], [ -88.565156112299718, 21.52942572180752 ], [ -88.564425507061131, 21.52978355702216 ], [ -88.564052371739734, 21.529995549978292 ], [ -88.563569099214462, 21.5303160355468 ], [ -88.562912487057389, 21.530925165360379 ], [ -88.561815146044324, 21.531520864902198 ], [ -88.560574472271341, 21.531926688943216 ], [ -88.559559955146355, 21.53205694767929 ], [ -88.558901237805784, 21.532058107333537 ], [ -88.5582408391966, 21.532075998918621 ], [ -88.557367724057059, 21.532235562140016 ], [ -88.556582889474242, 21.532504181598686 ], [ -88.556016352070984, 21.532665380094794 ], [ -88.555462697222254, 21.532865092186821 ], [ -88.555052565692932, 21.532944779622717 ], [ -88.554755820474597, 21.533024793910347 ], [ -88.554552021394628, 21.533103337522491 ], [ -88.554125642226921, 21.533036885872029 ], [ -88.55375289821113, 21.533052328384958 ], [ -88.553276027197256, 21.53307790440633 ], [ -88.552940320195248, 21.533135192775894 ], [ -88.552423528252589, 21.533147606042274 ], [ -88.552018808396312, 21.533275997928097 ], [ -88.551540622085398, 21.533417219038235 ], [ -88.551118343860736, 21.533515122174158 ], [ -88.550784812356866, 21.533755894523072 ], [ -88.550115570115295, 21.53405394846812 ], [ -88.549633888221678, 21.534127325535682 ], [ -88.548831522351023, 21.534211067695619 ], [ -88.548345993407537, 21.534322691668962 ], [ -88.54801882938176, 21.53460260763865 ], [ -88.547549893903565, 21.534754278287025 ], [ -88.547001114409355, 21.534879624953511 ], [ -88.546273170987874, 21.534940963356792 ], [ -88.545625426456468, 21.534922532382389 ], [ -88.544971195549905, 21.53517365147599 ], [ -88.544152225993059, 21.535217318764769 ], [ -88.542387306904345, 21.534926864170377 ], [ -88.540860714434046, 21.534522314408267 ], [ -88.539399302311523, 21.534084900529308 ], [ -88.537694404984521, 21.533915443250237 ], [ -88.536471199947556, 21.533672632844606 ], [ -88.535069440286335, 21.533462318403373 ], [ -88.534561306134989, 21.533388608902829 ], [ -88.534080947348173, 21.533346286736641 ], [ -88.533461352223526, 21.533253105077051 ], [ -88.532905006116124, 21.533146200047899 ], [ -88.532219277625842, 21.533095423578377 ], [ -88.531825127235464, 21.533118574597101 ], [ -88.531415349816356, 21.533092110672552 ], [ -88.530920921378211, 21.533087128374987 ], [ -88.53038198443727, 21.533319404325709 ], [ -88.529861338770303, 21.533369991089589 ], [ -88.529234636266693, 21.53344981831841 ], [ -88.528461368361462, 21.53344919333572 ], [ -88.527671950370632, 21.533813739638159 ], [ -88.526861277600531, 21.533877340608097 ], [ -88.524932571372574, 21.534189672578197 ], [ -88.521881206805844, 21.535001121025374 ], [ -88.520419723699632, 21.535383543758154 ], [ -88.519876150386182, 21.535866208935158 ], [ -88.519587878771745, 21.536168796252483 ], [ -88.519213369868197, 21.536443550121724 ], [ -88.518564549755908, 21.536566880148712 ], [ -88.518028380142979, 21.536700139984085 ], [ -88.517285630010676, 21.536740830012086 ], [ -88.516556089780252, 21.537101309993847 ], [ -88.516029490082872, 21.53733555044511 ], [ -88.515335630428581, 21.537454890310133 ], [ -88.514893799512365, 21.537553970349201 ], [ -88.514051369764843, 21.537681450236647 ], [ -88.513268397884019, 21.537791606392723 ], [ -88.512600980245168, 21.538070372062617 ], [ -88.51198119033026, 21.538285806381261 ], [ -88.511231038000986, 21.538566913377085 ], [ -88.510542509806214, 21.538841829701809 ], [ -88.508885279761358, 21.539385919787986 ], [ -88.50786880020361, 21.539774139589273 ], [ -88.507115630045178, 21.540143110018885 ], [ -88.506330489917602, 21.540458739811186 ], [ -88.505337580176032, 21.540838399938533 ], [ -88.503964460032009, 21.541269450000058 ], [ -88.502554315092127, 21.541679216263436 ], [ -88.501013438807504, 21.542131635932371 ], [ -88.500480099071865, 21.542223689744663 ], [ -88.500220685767772, 21.54237456086582 ], [ -88.499314504444001, 21.542860109933969 ], [ -88.498320917602882, 21.543228190858763 ], [ -88.497614701677065, 21.543520353241615 ], [ -88.496590594460415, 21.543564945763546 ], [ -88.495161652647141, 21.543776362303493 ], [ -88.494271344394491, 21.543925619064204 ], [ -88.493451240021074, 21.544005100489123 ], [ -88.492443819818334, 21.544152440175484 ], [ -88.491103453432459, 21.544380089119375 ], [ -88.489977723434706, 21.544626698686507 ], [ -88.489150500958303, 21.544865920411368 ], [ -88.488066944773564, 21.545141569460981 ], [ -88.487505834231925, 21.545336774485865 ], [ -88.487044788940565, 21.545523940794151 ], [ -88.486594376675995, 21.545695162400026 ], [ -88.486107836114201, 21.545956046620216 ], [ -88.485700094056071, 21.546240781134948 ], [ -88.485084960478446, 21.546524059718838 ], [ -88.483910779557988, 21.547078229647006 ], [ -88.482880111982169, 21.547358979333232 ], [ -88.482129837375737, 21.547461461769707 ], [ -88.481150412223712, 21.547509906025962 ], [ -88.480201686051629, 21.547611710357721 ], [ -88.479318119750772, 21.547949629952168 ], [ -88.478412449814726, 21.548251879668122 ], [ -88.477594089767294, 21.548564289962485 ], [ -88.477166660103052, 21.548632690408194 ], [ -88.476508310775344, 21.548888912136515 ], [ -88.476131320380574, 21.549093379678784 ], [ -88.475386868071027, 21.549270868707243 ], [ -88.474481514194281, 21.549300500756797 ], [ -88.473290810836048, 21.54929643282955 ], [ -88.471608813179301, 21.549510569263081 ], [ -88.470302440129373, 21.549757936298548 ], [ -88.468312094834289, 21.550611648293394 ], [ -88.467265069736456, 21.550881950673421 ], [ -88.466676059698869, 21.551119890362905 ], [ -88.465953769708619, 21.551406449794506 ], [ -88.465150320223628, 21.551484000430399 ], [ -88.464422089796244, 21.551716909761243 ], [ -88.464080208750232, 21.551857779100342 ], [ -88.463800045538477, 21.551951154586039 ], [ -88.463560799590482, 21.552090950348251 ], [ -88.462262262573773, 21.552701360275414 ], [ -88.461616250056039, 21.552753887748519 ], [ -88.460982420013494, 21.552861000224297 ], [ -88.460416120343112, 21.553065749586459 ], [ -88.459945749614079, 21.553109050012655 ], [ -88.458455865081191, 21.553486960332627 ], [ -88.457623822630637, 21.553683386409435 ], [ -88.456221445654549, 21.553719528678482 ], [ -88.454475911835971, 21.553936296690637 ], [ -88.453771991019551, 21.554025869656943 ], [ -88.453177560100968, 21.554192678214186 ], [ -88.452213135989794, 21.554537739990714 ], [ -88.451133690267994, 21.554702399725247 ], [ -88.449921490038648, 21.554775510228897 ], [ -88.449155490184168, 21.554707599670248 ], [ -88.448519319710826, 21.554704309906867 ], [ -88.447888020091341, 21.554765180418581 ], [ -88.447205822775359, 21.554794528892511 ], [ -88.446489473111555, 21.554739453282473 ], [ -88.445056859791691, 21.554806581756608 ], [ -88.443812910798968, 21.554881987717568 ], [ -88.44269378965565, 21.555061316542808 ], [ -88.441822931855512, 21.555195123270281 ], [ -88.440587150189671, 21.555456951533341 ], [ -88.439606031530786, 21.55569915302668 ], [ -88.43890417497677, 21.555679096146331 ], [ -88.437903781141884, 21.555666316572118 ], [ -88.436814021624642, 21.555822883166663 ], [ -88.435944072705638, 21.556125579050889 ], [ -88.435097097414584, 21.556379656588398 ], [ -88.434015882900141, 21.556629824239213 ], [ -88.433172685982896, 21.556757596880502 ], [ -88.432594139539802, 21.556773339793665 ], [ -88.430808780318969, 21.557453949875505 ], [ -88.430221339522873, 21.557306220081024 ], [ -88.429959149565804, 21.55753785950613 ], [ -88.429775119679505, 21.557447170257802 ], [ -88.429448430269602, 21.557418169628502 ], [ -88.42941259960152, 21.557659280293379 ], [ -88.429041450322643, 21.557732540006143 ], [ -88.428574829616039, 21.557850450245841 ], [ -88.428036149854051, 21.557558309921031 ], [ -88.427711120419474, 21.557625050056181 ], [ -88.427343149864001, 21.55766672014304 ], [ -88.42687489014024, 21.557688879898613 ], [ -88.426519370018809, 21.557766000187815 ], [ -88.426223749814852, 21.557654770371428 ], [ -88.425893970513684, 21.557880419727788 ], [ -88.425502999926024, 21.558036880353978 ], [ -88.425019179821945, 21.558100120148779 ], [ -88.42466627992944, 21.558217489664333 ], [ -88.424306289697128, 21.558068679550217 ], [ -88.42390240021777, 21.558128399790064 ], [ -88.423355850093458, 21.55824979970582 ], [ -88.422768509735491, 21.558325089806477 ], [ -88.422471919764376, 21.558447459823014 ], [ -88.422233618768601, 21.558639719262814 ], [ -88.421467893976214, 21.55871521566737 ], [ -88.420748587200094, 21.558777948515637 ], [ -88.420121715912941, 21.558907985035251 ], [ -88.419505486843235, 21.559022079317277 ], [ -88.418898649764571, 21.55922142767437 ], [ -88.418456720337986, 21.55953882031033 ], [ -88.418077020313874, 21.559696280228707 ], [ -88.417431060234506, 21.560099179706228 ], [ -88.416901200413264, 21.560391980182491 ], [ -88.416011980410758, 21.560865290414391 ], [ -88.415686060001775, 21.560923079779926 ], [ -88.414864689866093, 21.560616400107499 ], [ -88.414047850111857, 21.560936799893099 ], [ -88.41345350982489, 21.560968949545401 ], [ -88.411958150309374, 21.561230800144173 ], [ -88.411006180388611, 21.561762230147778 ], [ -88.410103479646736, 21.562032489553285 ], [ -88.40919047980428, 21.562359690247522 ], [ -88.408364969784415, 21.56254122020643 ], [ -88.407372689728589, 21.562909709647013 ], [ -88.405452170161908, 21.563549369581175 ], [ -88.403237920092479, 21.564288510027051 ], [ -88.400951800200318, 21.564860539965849 ], [ -88.400044250023797, 21.565016579979851 ], [ -88.397550969780539, 21.565389570006335 ], [ -88.396847169671531, 21.565380050287498 ], [ -88.394950909757355, 21.56558304956042 ], [ -88.394175219872196, 21.565609599539382 ], [ -88.393551339973584, 21.565649600241073 ], [ -88.392887180155725, 21.565473650429134 ], [ -88.392437120233865, 21.565539800230216 ], [ -88.391952769889883, 21.565719740143422 ], [ -88.390848720358676, 21.565398380003867 ], [ -88.390161570417348, 21.565560280031491 ], [ -88.388270049552901, 21.565339169797145 ], [ -88.387098979783374, 21.565118029928186 ], [ -88.386725079659357, 21.565105979914588 ], [ -88.386045429682227, 21.565194170342618 ], [ -88.385621750207264, 21.565177950417162 ], [ -88.385391600354822, 21.565093719903217 ], [ -88.385118050236372, 21.565324289966533 ], [ -88.384490399748032, 21.565236520154262 ], [ -88.383430400154964, 21.565152720328783 ], [ -88.382892380067076, 21.565412830234177 ], [ -88.382563550019071, 21.565404779573928 ], [ -88.381977200162368, 21.565246319936755 ], [ -88.381803939899143, 21.565273379600502 ], [ -88.381681650457764, 21.56535807974533 ], [ -88.381608719673679, 21.56562774981661 ], [ -88.380923679564489, 21.565545479660038 ], [ -88.380657619549936, 21.565702350262946 ], [ -88.380417310358709, 21.565829650434925 ], [ -88.380052999936012, 21.565585860151909 ], [ -88.379568050346407, 21.565436430470065 ], [ -88.379175920060121, 21.565603309666187 ], [ -88.378924890049291, 21.565835860053376 ], [ -88.378381012903503, 21.565924164719586 ], [ -88.377603298248729, 21.565939283024662 ], [ -88.376552578515827, 21.565887854607293 ], [ -88.375651351015961, 21.56587507102472 ], [ -88.374322339904936, 21.565675140088647 ], [ -88.373119290205139, 21.565704199600056 ], [ -88.372507880247767, 21.565915219848261 ], [ -88.372200429917385, 21.566069719645068 ], [ -88.371343020007032, 21.566357709821979 ], [ -88.371053540280286, 21.566251740063393 ], [ -88.370692520031085, 21.566005769775945 ], [ -88.370246510094645, 21.565751450093998 ], [ -88.369879450474556, 21.565986720049377 ], [ -88.369374280440866, 21.565994830206339 ], [ -88.369023660069118, 21.565909089793482 ], [ -88.368478460098714, 21.565646689893033 ], [ -88.368099613506175, 21.565465417115821 ], [ -88.367839852108347, 21.565369262386053 ], [ -88.367320142868365, 21.565180340887601 ], [ -88.367037169729684, 21.565197489959939 ], [ -88.366191030335216, 21.564801369893761 ], [ -88.365651229727561, 21.564766579660738 ], [ -88.365492990856296, 21.564721517749643 ], [ -88.365300674977306, 21.564666751747996 ], [ -88.364831420380426, 21.564533120055195 ], [ -88.36423764965177, 21.564186220074678 ], [ -88.363807149614757, 21.564201250339401 ], [ -88.363008259514501, 21.563902850310747 ], [ -88.362484649966504, 21.56370915007609 ], [ -88.362431369754574, 21.563250139910146 ], [ -88.362529890230292, 21.562844740218885 ], [ -88.362189000036807, 21.562758450046882 ], [ -88.361938710175735, 21.561987909578605 ], [ -88.361728880254049, 21.561661880066513 ], [ -88.360822140089113, 21.561537740361025 ], [ -88.361067719611214, 21.561831550037631 ], [ -88.361082901897674, 21.562108149272351 ], [ -88.361085460411473, 21.56215476979115 ], [ -88.36103265236811, 21.562307290193772 ], [ -88.361006629949159, 21.562382450326588 ], [ -88.360919218234372, 21.562433913942634 ], [ -88.360856391960041, 21.5624709031569 ], [ -88.360757799819083, 21.562528949626561 ], [ -88.360265679848439, 21.56262929012042 ], [ -88.359640779683915, 21.56269631038489 ], [ -88.359261767154379, 21.562990823370463 ], [ -88.359148407770462, 21.563394389860051 ], [ -88.359013367341618, 21.563568073135535 ], [ -88.358859142061831, 21.563841354895608 ], [ -88.358620220381312, 21.563963150307 ], [ -88.357742370181867, 21.563737850424079 ], [ -88.357015690159557, 21.563432490000711 ], [ -88.356288349763872, 21.562993460080509 ], [ -88.355636120193296, 21.562746109904161 ], [ -88.354901340321874, 21.562520180207031 ], [ -88.354316041043106, 21.562200613475223 ], [ -88.354192852934759, 21.562133353904425 ], [ -88.354169970329579, 21.562120859651674 ], [ -88.353651819877356, 21.561593619820698 ], [ -88.353325980297512, 21.561003350157538 ], [ -88.352830319762461, 21.560632419826867 ], [ -88.352645740762725, 21.560556019134978 ], [ -88.352592264994897, 21.560577026778557 ], [ -88.352554193782098, 21.560577027241031 ], [ -88.352518501844003, 21.560572267846673 ], [ -88.35243284219969, 21.560560371283753 ], [ -88.352373354568797, 21.56054133459644 ], [ -88.352340043275163, 21.560519919885945 ], [ -88.352301970685474, 21.560486608427112 ], [ -88.352280556026187, 21.560429500776575 ], [ -88.352240104928327, 21.560108272933952 ], [ -88.352212871162308, 21.559999338403657 ], [ -88.352209659804927, 21.559989109843258 ], [ -88.352112510324304, 21.559820110064557 ], [ -88.351974220378438, 21.559634059799556 ], [ -88.351745489758358, 21.559493400044634 ], [ -88.35161866024653, 21.559335090303112 ], [ -88.351525835255941, 21.559204246064784 ], [ -88.35149533403883, 21.559177903741336 ], [ -88.351304414153532, 21.559023624911543 ], [ -88.350925769821529, 21.558979280248142 ], [ -88.350533090342623, 21.558904140247705 ], [ -88.350444709707759, 21.558789350182295 ], [ -88.350443444081051, 21.558783798099931 ], [ -88.350329398138896, 21.558628248769296 ], [ -88.350316484825882, 21.558504060299413 ], [ -88.350155696593646, 21.557800196259056 ], [ -88.350131579411141, 21.55770247607261 ], [ -88.35013871690586, 21.557667973820958 ], [ -88.350145855058102, 21.55763823057821 ], [ -88.350165287964472, 21.557563395214935 ], [ -88.350243736837228, 21.557417102538658 ], [ -88.350281809092749, 21.557369514247295 ], [ -88.35038142787684, 21.557324857594892 ], [ -88.350419817807307, 21.557307648248397 ], [ -88.350455509427263, 21.557305267934339 ], [ -88.350514996409899, 21.557310026764018 ], [ -88.350472166476223, 21.557181535833131 ], [ -88.350186629661678, 21.557167259668116 ], [ -88.34997723825866, 21.557198192895378 ], [ -88.349965341203117, 21.557281474158586 ], [ -88.349967851830172, 21.557291815237608 ], [ -88.349941255213579, 21.55733696573262 ], [ -88.349867624150718, 21.5574053326845 ], [ -88.349792429935306, 21.557475149976273 ], [ -88.349605659522624, 21.557479372344154 ], [ -88.349557983940656, 21.557480450655081 ], [ -88.349434149886065, 21.557483249814847 ], [ -88.348937580252056, 21.557305289994968 ], [ -88.348517999530969, 21.557200520020444 ], [ -88.347477675755599, 21.556978298233968 ], [ -88.347303589396731, 21.556977929909543 ], [ -88.347240449029556, 21.556986852322545 ], [ -88.34722939046884, 21.556988697131317 ], [ -88.347097600258479, 21.557155969694612 ], [ -88.347081032156169, 21.557158256835848 ], [ -88.347077539979878, 21.557171856196543 ], [ -88.347044228441035, 21.557199220434093 ], [ -88.347000207813139, 21.557227774183108 ], [ -88.346903840108794, 21.557255137420139 ], [ -88.346678981428937, 21.557253948305739 ], [ -88.346607596620942, 21.557238480544683 ], [ -88.346549299842991, 21.557219445688673 ], [ -88.346471967651482, 21.557177804740991 ], [ -88.346419619982839, 21.55712902623717 ], [ -88.346401988125265, 21.557102284350972 ], [ -88.346390260297397, 21.557099830013509 ], [ -88.346047220079697, 21.55740531980236 ], [ -88.345622030102405, 21.557580750215948 ], [ -88.345501592919234, 21.557580446367801 ], [ -88.345326257009617, 21.557610867427528 ], [ -88.344995349411434, 21.557773873323061 ], [ -88.344989743239196, 21.557771949356518 ], [ -88.344981119677854, 21.557793320004237 ], [ -88.344903948665021, 21.557742501999144 ], [ -88.344627885150359, 21.557647749146373 ], [ -88.344360195996359, 21.557394335841128 ], [ -88.34428524309773, 21.55734912556774 ], [ -88.344255088772528, 21.557341586873221 ], [ -88.344153580125479, 21.557428490430407 ], [ -88.34415670419709, 21.55748384138013 ], [ -88.344165816910873, 21.557645324504893 ], [ -88.344179970062072, 21.557896110284901 ], [ -88.343869610025848, 21.557810984338705 ], [ -88.34380340205557, 21.557833345728184 ], [ -88.343563690328509, 21.557779047125933 ], [ -88.343306089931787, 21.557775850423155 ], [ -88.342663800105669, 21.557624920000251 ], [ -88.342596389016975, 21.557594950477682 ], [ -88.342362638898763, 21.5575632781031 ], [ -88.342331706047631, 21.557556138975468 ], [ -88.342294824405158, 21.557528775072214 ], [ -88.342160383884206, 21.557427648098408 ], [ -88.342127072244267, 21.557387197791765 ], [ -88.342113984967384, 21.557350316005298 ], [ -88.342022699611178, 21.557088737348092 ], [ -88.341815987777267, 21.556734459464497 ], [ -88.341787359077927, 21.556708784680918 ], [ -88.341759445243596, 21.556690015023612 ], [ -88.341735859784393, 21.556667166724857 ], [ -88.34171336990822, 21.556631880709826 ], [ -88.341592016956398, 21.556367760833751 ], [ -88.34158249859729, 21.556274961795904 ], [ -88.341570602016873, 21.556139331902525 ], [ -88.341583916452151, 21.555998785413884 ], [ -88.341532984945786, 21.555892961945627 ], [ -88.341532320130767, 21.555891579688847 ], [ -88.341527431279772, 21.555891049828144 ], [ -88.340945629633978, 21.555827979965581 ], [ -88.340348620348209, 21.555373780424592 ], [ -88.339456750073424, 21.554866519619356 ], [ -88.339185620274606, 21.554441460085151 ], [ -88.339178844861308, 21.554429669101449 ], [ -88.339098479659924, 21.55428981659216 ], [ -88.338967089684999, 21.554061169642484 ], [ -88.339012438151983, 21.553974621734323 ], [ -88.338805667744509, 21.55350764922543 ], [ -88.338755699830543, 21.553529063907167 ], [ -88.338715249217316, 21.553531442728506 ], [ -88.338677178058902, 21.553529063729584 ], [ -88.338612931900315, 21.553512407619522 ], [ -88.338344053145335, 21.553407710967868 ], [ -88.338248875477703, 21.55336963967795 ], [ -88.338208424272779, 21.553324430354458 ], [ -88.337982375351288, 21.553036515236588 ], [ -88.337941923651627, 21.552977028855516 ], [ -88.337900434780039, 21.552907879831981 ], [ -88.337803617627273, 21.552932207602126 ], [ -88.337689709882454, 21.55296082963082 ], [ -88.337671987203393, 21.553042853954413 ], [ -88.337626950218961, 21.553251290185866 ], [ -88.337769850353126, 21.55358726031919 ], [ -88.337693306946932, 21.553762925241141 ], [ -88.33768597248546, 21.553779756610041 ], [ -88.337652079500941, 21.553857540341831 ], [ -88.337565999490423, 21.553825475697337 ], [ -88.33753741611298, 21.553826496309764 ], [ -88.337449375956737, 21.553812220169299 ], [ -88.33713528660013, 21.553681348948334 ], [ -88.337022090855939, 21.553629689457921 ], [ -88.336907259736122, 21.553590539663485 ], [ -88.336748678530981, 21.553507673850557 ], [ -88.336567939883466, 21.55341322982434 ], [ -88.336419925108842, 21.55338596542105 ], [ -88.335942487112234, 21.553298021524618 ], [ -88.335912779724595, 21.553292549530823 ], [ -88.335920983942572, 21.553352151258338 ], [ -88.335932922423439, 21.553438877541041 ], [ -88.335938417524346, 21.553443402992958 ], [ -88.335964591746475, 21.553495750566018 ], [ -88.335995525266952, 21.553567134703812 ], [ -88.335986007231853, 21.553605206291607 ], [ -88.335959649155441, 21.553633040308018 ], [ -88.335960079818307, 21.553636170325838 ], [ -88.335756450199597, 21.553899250392647 ], [ -88.335551999640273, 21.554072880007183 ], [ -88.335385674806375, 21.554100608757917 ], [ -88.335205994291371, 21.554130563934187 ], [ -88.335088090009549, 21.554150219677414 ], [ -88.334843170258509, 21.554168420403752 ], [ -88.334698354630532, 21.554162186674983 ], [ -88.334603611478258, 21.554158107586591 ], [ -88.334389950452035, 21.554148910094511 ], [ -88.334062140186774, 21.553947230401182 ], [ -88.333786519592749, 21.553836379660183 ], [ -88.33353704976814, 21.553797770059202 ], [ -88.333377140350748, 21.553823550366829 ], [ -88.33318990124117, 21.55381222088694 ], [ -88.333146920413256, 21.553809620311448 ], [ -88.333074316392157, 21.553843902470025 ], [ -88.332849490112267, 21.553950060040837 ], [ -88.332529579994159, 21.554282220420195 ], [ -88.332294079605234, 21.554488289893975 ], [ -88.331986419742393, 21.554420690285415 ], [ -88.331793698533701, 21.554232390244589 ], [ -88.331700430208969, 21.554141260370717 ], [ -88.331633756202535, 21.554140498215169 ], [ -88.331357679625754, 21.55413733976399 ], [ -88.330863219566268, 21.553799169741577 ], [ -88.330328170400279, 21.553858199934872 ], [ -88.330188515739735, 21.553761891164193 ], [ -88.330172508053991, 21.553762250959345 ], [ -88.329626183615417, 21.55364232632467 ], [ -88.329513873128278, 21.553659457701286 ], [ -88.329331131225786, 21.553617580298887 ], [ -88.328956127681906, 21.553518594192155 ], [ -88.328878081172945, 21.553493848197 ], [ -88.32874673531272, 21.553440547921749 ], [ -88.32870295331945, 21.553411994351823 ], [ -88.328691530773469, 21.553349175742287 ], [ -88.328586885996643, 21.55301504704806 ], [ -88.32843692041142, 21.552846580469257 ], [ -88.328361144385838, 21.552877143295767 ], [ -88.328239717568181, 21.552926119446383 ], [ -88.328138660262937, 21.552966879890377 ], [ -88.327791229974451, 21.552868999656312 ], [ -88.327430350213987, 21.552622940452309 ], [ -88.327217909727793, 21.55232333984863 ], [ -88.327183430052969, 21.552520679952856 ], [ -88.326956739932356, 21.552500399885005 ], [ -88.326676719507404, 21.552582230312854 ], [ -88.326241570051891, 21.552503229703447 ], [ -88.326151064831592, 21.552472440874386 ], [ -88.325894338176482, 21.552385106813709 ], [ -88.325868509569773, 21.552376320319699 ], [ -88.325510969993289, 21.552237449651091 ], [ -88.325146660340124, 21.552164769997173 ], [ -88.324604199973862, 21.552156309954803 ], [ -88.324134369873775, 21.552276400114373 ], [ -88.324047523566932, 21.552311038405804 ], [ -88.324045872440152, 21.552340761269086 ], [ -88.324011607800657, 21.552375025395765 ], [ -88.323889779314001, 21.552474011289384 ], [ -88.323840286441822, 21.552475914416437 ], [ -88.323775564748928, 21.552474010623332 ], [ -88.323628990084615, 21.552458781853446 ], [ -88.323575689838691, 21.552449264440508 ], [ -88.32355475100897, 21.552424518338331 ], [ -88.323524294129783, 21.552388350413807 ], [ -88.323228267872523, 21.551871064858148 ], [ -88.323200629888262, 21.551834369608841 ], [ -88.323209717216045, 21.551729299097985 ], [ -88.323228419865941, 21.551513059639831 ], [ -88.323217770139664, 21.551165519581826 ], [ -88.322958964258234, 21.550962292565448 ], [ -88.322909179821607, 21.550923199734061 ], [ -88.322637660422444, 21.550567170266607 ], [ -88.322518860327946, 21.55045115042444 ], [ -88.322295999857303, 21.550627819975013 ], [ -88.322155819279146, 21.5508600894618 ], [ -88.322125737718082, 21.550909930846689 ], [ -88.32208943025077, 21.550970089706244 ], [ -88.32154500007924, 21.550841200148977 ], [ -88.321323090423505, 21.550634280393506 ], [ -88.320963540491206, 21.550669149945517 ], [ -88.32103103175973, 21.550411712604294 ], [ -88.321008965857828, 21.550395908297038 ], [ -88.321001827354522, 21.550373066093101 ], [ -88.320974727624503, 21.550331373263585 ], [ -88.320882819999824, 21.550340280079695 ], [ -88.320680459900117, 21.550747779864366 ], [ -88.320827629874955, 21.551226160237132 ], [ -88.320847260101971, 21.551289969569996 ], [ -88.320924026795993, 21.551336365577971 ], [ -88.321150630163345, 21.551473319803971 ], [ -88.321166805052442, 21.551527340079037 ], [ -88.321230924195191, 21.551741483842314 ], [ -88.321311150221263, 21.552009420217171 ], [ -88.321039780319481, 21.552426060330166 ], [ -88.320663290426012, 21.552472540100883 ], [ -88.320382020120874, 21.552287019639518 ], [ -88.320043319669878, 21.552243349589869 ], [ -88.3197234900544, 21.551973629840731 ], [ -88.319046879550285, 21.551739369928129 ], [ -88.317963340221084, 21.551709169909905 ], [ -88.31798324746778, 21.551622894262511 ], [ -88.317971108224697, 21.551622164053523 ], [ -88.317677957773654, 21.551108200304984 ], [ -88.317582534023444, 21.55094985397286 ], [ -88.31738818026848, 21.55076247994257 ], [ -88.317043460142685, 21.550638089663444 ], [ -88.316778369544991, 21.550951650105361 ], [ -88.316631449954357, 21.551138090311589 ], [ -88.316410650176906, 21.551371399678043 ], [ -88.316055340036058, 21.551631889898935 ], [ -88.315698430178628, 21.551626659600718 ], [ -88.315360490355275, 21.551436059975895 ], [ -88.31521929247431, 21.551376270327559 ], [ -88.314974009682643, 21.551431855347378 ], [ -88.314650402627464, 21.551474685916009 ], [ -88.314631366838867, 21.551474686319963 ], [ -88.314574260129106, 21.5514556495589 ], [ -88.314539758128177, 21.551440183054751 ], [ -88.314475709752145, 21.551408468435874 ], [ -88.314306179774064, 21.551457479974179 ], [ -88.314307650268958, 21.551619569758429 ], [ -88.314557400251445, 21.551849180182892 ], [ -88.314709339545004, 21.552218510074734 ], [ -88.314920779672661, 21.552551540276383 ], [ -88.314689539727993, 21.552808549761696 ], [ -88.314519820261808, 21.552764630194972 ], [ -88.314513067802039, 21.552755017113686 ], [ -88.314477285472549, 21.552704073120736 ], [ -88.314340090032388, 21.552508750105286 ], [ -88.314250350436808, 21.552589580391977 ], [ -88.314219429673159, 21.552824479856699 ], [ -88.314307689764107, 21.55314105024063 ], [ -88.314233619779102, 21.553373079887503 ], [ -88.314148369904359, 21.553422710095308 ], [ -88.314103519958422, 21.553200509729404 ], [ -88.313971842460603, 21.553123752374614 ], [ -88.313899770033956, 21.55308173985555 ], [ -88.31371227680583, 21.553076258624905 ], [ -88.313545369836575, 21.553071379769143 ], [ -88.313468345810634, 21.5530245766675 ], [ -88.313284593213197, 21.552985643303668 ], [ -88.312792574013073, 21.552830882174419 ], [ -88.31272443048482, 21.552837489776806 ], [ -88.312673864079471, 21.552793543328463 ], [ -88.312500727038298, 21.552739083439782 ], [ -88.312165034778857, 21.552305657661861 ], [ -88.311942380405867, 21.552251000071315 ], [ -88.311901170015489, 21.552548679981403 ], [ -88.311857797491484, 21.55257095588378 ], [ -88.311848278756386, 21.552604881011181 ], [ -88.311831146523843, 21.552644856263633 ], [ -88.311799738314477, 21.552673410355393 ], [ -88.311606377570612, 21.552700080803415 ], [ -88.311601199577723, 21.552702739629812 ], [ -88.311591113139642, 21.552702080629995 ], [ -88.311023412774304, 21.552664991451643 ], [ -88.311018699211857, 21.552664683252338 ], [ -88.310650529246942, 21.552816701895726 ], [ -88.310469094195867, 21.55277788967015 ], [ -88.310442288331075, 21.55246101854129 ], [ -88.310150841552598, 21.552382449632834 ], [ -88.309848650628808, 21.552324153056333 ], [ -88.30976051760517, 21.552316510488605 ], [ -88.309495309678908, 21.552355369684481 ], [ -88.309348680351249, 21.552458890110742 ], [ -88.309326940439263, 21.552690509973459 ], [ -88.309132740269405, 21.55287011989471 ], [ -88.308986199813404, 21.552915739640351 ], [ -88.308769874193558, 21.552783710433648 ], [ -88.308727060444227, 21.552757579656802 ], [ -88.308246079772616, 21.552739110305186 ], [ -88.307954030381254, 21.552661080329205 ], [ -88.307777869575247, 21.552499107187487 ], [ -88.307771630116832, 21.552493369773554 ], [ -88.307742595476626, 21.552343456277185 ], [ -88.307721710454274, 21.552235620266192 ], [ -88.307696141656578, 21.552230397653631 ], [ -88.307311192425416, 21.552151767768965 ], [ -88.30721458778558, 21.552175436539525 ], [ -88.307011143858546, 21.552212318782125 ], [ -88.306820786756859, 21.552231354251262 ], [ -88.306248297363481, 21.55224248735615 ], [ -88.306194871164948, 21.552236339466173 ], [ -88.306162939189718, 21.552231501032718 ], [ -88.306045082304024, 21.552140935263374 ], [ -88.306010579683118, 21.552104052682932 ], [ -88.305967750073563, 21.552045755769544 ], [ -88.305920160804234, 21.551926782656771 ], [ -88.305904693926635, 21.551881573243602 ], [ -88.305759262338469, 21.551772218985175 ], [ -88.30574046004952, 21.55177898032451 ], [ -88.305671019881842, 21.551997620440076 ], [ -88.305486169632943, 21.552088079800573 ], [ -88.305347766332517, 21.552212360114023 ], [ -88.305365746166572, 21.552283701664081 ], [ -88.305470443277784, 21.552421710807444 ], [ -88.305711958227533, 21.552604930167366 ], [ -88.305764306036536, 21.552633483286108 ], [ -88.305764665921117, 21.552633918502842 ], [ -88.30596414002585, 21.552632739905796 ], [ -88.305934109804227, 21.553201749650821 ], [ -88.305778169950685, 21.553248139850414 ], [ -88.305717492966636, 21.55312925306319 ], [ -88.305624981574852, 21.552947992612388 ], [ -88.30562452046064, 21.552947089739607 ], [ -88.305624322566288, 21.552946376380586 ], [ -88.305564649913208, 21.552731030358192 ], [ -88.30546828212789, 21.552692826662003 ], [ -88.304931229988185, 21.55247991960643 ], [ -88.304643910103508, 21.552290780264766 ], [ -88.30457693899487, 21.551941881058262 ], [ -88.304564139706628, 21.551875200156143 ], [ -88.304512131494022, 21.55197373628862 ], [ -88.304400169957916, 21.552185859918342 ], [ -88.304221830373507, 21.552534089613307 ], [ -88.303953939677896, 21.552548380271208 ], [ -88.303951432609239, 21.552545358511566 ], [ -88.303782689794176, 21.552342030188235 ], [ -88.303531709616038, 21.552183539867325 ], [ -88.303861600129579, 21.552648519865887 ], [ -88.303961703347554, 21.552822055992738 ], [ -88.304040519593784, 21.552958689768197 ], [ -88.304085229901972, 21.553167540188841 ], [ -88.303856580214926, 21.553151520225153 ], [ -88.303413890257289, 21.553054830416674 ], [ -88.302981480503448, 21.552949279799194 ], [ -88.302474600123247, 21.552683969860855 ], [ -88.302369924639734, 21.552600868561104 ], [ -88.3019599653271, 21.552275404659973 ], [ -88.301849089662781, 21.552187380226012 ], [ -88.3018715577455, 21.552007226499146 ], [ -88.30188237976509, 21.551920449548565 ], [ -88.301692600272304, 21.551872626019367 ], [ -88.301304599721334, 21.551774850423623 ], [ -88.300988289636905, 21.551615079721866 ], [ -88.300577570159177, 21.551466950153106 ], [ -88.300508452223369, 21.551543186602665 ], [ -88.300459709926358, 21.551596949728097 ], [ -88.300520329146934, 21.551673368472919 ], [ -88.300666739608516, 21.551857940214269 ], [ -88.300756090231445, 21.552266740213561 ], [ -88.30093873973388, 21.552345399670326 ], [ -88.300923429881777, 21.553455199583972 ], [ -88.300786120024853, 21.553522459735238 ], [ -88.300485684772724, 21.554566083478015 ], [ -88.300475570087045, 21.55460122023279 ], [ -88.300479556262076, 21.55460800321638 ], [ -88.300614509486749, 21.554837625633418 ], [ -88.300722770366036, 21.555021830310224 ], [ -88.301125912594372, 21.555047062853024 ], [ -88.301132089811077, 21.555047449655085 ], [ -88.301154053478982, 21.555076962613068 ], [ -88.301227939120167, 21.555176244011715 ], [ -88.301272150210551, 21.555235649977533 ], [ -88.301215979851008, 21.55534291035228 ], [ -88.301183014445044, 21.555342122913054 ], [ -88.300935049597356, 21.555336199838333 ], [ -88.300775976351446, 21.555471089127089 ], [ -88.300760220201951, 21.555484450193159 ], [ -88.300581030279929, 21.555532090340073 ], [ -88.300466376071526, 21.555471671852715 ], [ -88.299996059592743, 21.555223829967886 ], [ -88.299922599597735, 21.554979119771268 ], [ -88.299678263128257, 21.554986960194292 ], [ -88.299624749535354, 21.554988677558207 ], [ -88.299556120268988, 21.554990879800286 ], [ -88.299317030201422, 21.554872570382692 ], [ -88.299300250405722, 21.554592290319302 ], [ -88.299328632865056, 21.554453594866413 ], [ -88.29933218017247, 21.554436260397804 ], [ -88.299264379748763, 21.554307709746933 ], [ -88.29904141918523, 21.554320141027528 ], [ -88.29890127028996, 21.554327955416653 ], [ -88.298877509970509, 21.554329279948377 ], [ -88.298865416219968, 21.554311842570176 ], [ -88.298687686313684, 21.554055572829686 ], [ -88.298261369772362, 21.553440860300991 ], [ -88.298060510267788, 21.553500379793821 ], [ -88.297847549929074, 21.553644479951046 ], [ -88.297825138192238, 21.553647120455668 ], [ -88.2976409832131, 21.553668814190768 ], [ -88.29762293958288, 21.553670940033772 ], [ -88.297596158670885, 21.553646401959973 ], [ -88.297400809169062, 21.553548726778061 ], [ -88.297295266896199, 21.553492239726438 ], [ -88.29725959071979, 21.553452104367924 ], [ -88.297237292850369, 21.55338669792453 ], [ -88.297237293472151, 21.553232100825042 ], [ -88.297171886768766, 21.553078990807435 ], [ -88.297170388116243, 21.553077085913262 ], [ -88.296927350365848, 21.552952849753549 ], [ -88.296430249941622, 21.553263830289414 ], [ -88.296248940084254, 21.553412220245182 ], [ -88.296059230057111, 21.554027910123668 ], [ -88.295811769722263, 21.554038739923246 ], [ -88.295712549075219, 21.553987043409204 ], [ -88.295601319617134, 21.553929089746088 ], [ -88.29539544951183, 21.553797170278525 ], [ -88.295312750219978, 21.55353288041384 ], [ -88.295136947136285, 21.55355659643422 ], [ -88.294594149698696, 21.553629819738113 ], [ -88.294458350230812, 21.553884569684126 ], [ -88.294159319602727, 21.553984819715939 ], [ -88.294149694683526, 21.553985790063209 ], [ -88.293913580157863, 21.554009600400267 ], [ -88.293757125279896, 21.553774496342729 ], [ -88.293656029847853, 21.553622580278667 ], [ -88.293466680231845, 21.553424320247828 ], [ -88.293233290463888, 21.553412769745908 ], [ -88.293087340316291, 21.553596400367425 ], [ -88.292826694415339, 21.553497535727498 ], [ -88.292776849927307, 21.553478629541146 ], [ -88.292590518941481, 21.55350623420976 ], [ -88.292396489729555, 21.55353497986675 ], [ -88.292513740362125, 21.553872349716535 ], [ -88.292487150302136, 21.554095109883065 ], [ -88.292283679905253, 21.554234660395625 ], [ -88.291910579570597, 21.554247249626915 ], [ -88.291769050074308, 21.554390770324684 ], [ -88.291722539524315, 21.554515769961768 ], [ -88.291378919760362, 21.554420510031754 ], [ -88.291189517786563, 21.554262927299845 ], [ -88.291177489909757, 21.554252920104897 ], [ -88.29115356998409, 21.554260839943158 ], [ -88.290764519766924, 21.554389650272331 ], [ -88.290771949889447, 21.55469225988854 ], [ -88.290492229971647, 21.554823510338455 ], [ -88.290153669977173, 21.55481678375142 ], [ -88.28993154027448, 21.554812369685727 ], [ -88.289756721821277, 21.554761126943326 ], [ -88.289448920406826, 21.554670904471159 ], [ -88.289418849694925, 21.554662090333231 ], [ -88.289415409951218, 21.554688754768751 ], [ -88.289357110425144, 21.555140710314703 ], [ -88.289173090554542, 21.55520376067409 ], [ -88.28912686010348, 21.555219600102443 ], [ -88.288745290089508, 21.554975779787025 ], [ -88.288552647715676, 21.554437685988255 ], [ -88.288508510472568, 21.554314399707955 ], [ -88.288185130463461, 21.55460784878035 ], [ -88.288148510047932, 21.554641080299778 ], [ -88.288168183556493, 21.554755605873304 ], [ -88.288261149891028, 21.555296780141525 ], [ -88.287926380331584, 21.555664339755058 ], [ -88.287518450048481, 21.555953460275127 ], [ -88.287377800269098, 21.556199339882959 ], [ -88.287273611269711, 21.556141188326571 ], [ -88.287270840235706, 21.556144898378111 ], [ -88.287239907384915, 21.556161555430538 ], [ -88.287179380110771, 21.556183648791379 ], [ -88.287161384795056, 21.556173452325758 ], [ -88.287138780032464, 21.556157985606873 ], [ -88.287066205592836, 21.556042581970633 ], [ -88.287054012848131, 21.556018622268766 ], [ -88.286913720060355, 21.555940319870736 ], [ -88.286791830293666, 21.556055080083592 ], [ -88.286925910466607, 21.556242890051017 ], [ -88.286862289772486, 21.556586109612542 ], [ -88.286418859822632, 21.557057260341534 ], [ -88.286247340014683, 21.557245650291197 ], [ -88.28585808977671, 21.557143680152354 ], [ -88.285702740462455, 21.55735958004955 ], [ -88.285547049934266, 21.557278580119391 ], [ -88.285074509881667, 21.557389419576534 ], [ -88.284960817471827, 21.557388077853663 ], [ -88.284937996411642, 21.557387808835717 ], [ -88.284828849949847, 21.557386520273724 ], [ -88.284814821114679, 21.55726771482254 ], [ -88.284801420212887, 21.557154219938688 ], [ -88.284726204543233, 21.557181314398122 ], [ -88.284567319805859, 21.55723855015685 ], [ -88.284474509966728, 21.557144030087819 ], [ -88.28450352421315, 21.556952996171361 ], [ -88.284506079943682, 21.556936170042 ], [ -88.284449579643791, 21.556787460060001 ], [ -88.284382271847605, 21.556766435185686 ], [ -88.284191420034759, 21.55670682009983 ], [ -88.28397051276265, 21.556680668108076 ], [ -88.283887804501603, 21.556670876402645 ], [ -88.283857260027474, 21.556667260113564 ], [ -88.283656829823997, 21.557022769912706 ], [ -88.283531620202396, 21.556944490411261 ], [ -88.283703549873721, 21.556567259758058 ], [ -88.283704062377709, 21.556532761737611 ], [ -88.283707250173805, 21.556318230180484 ], [ -88.283579067469773, 21.55625341979578 ], [ -88.283453909993767, 21.556190139865986 ], [ -88.28293850986951, 21.556019379915849 ], [ -88.282847280007829, 21.556194049881892 ], [ -88.282653000156301, 21.556241219901612 ], [ -88.282479999539561, 21.55593591975434 ], [ -88.282452810626737, 21.55559660851128 ], [ -88.282449859952649, 21.555559780212384 ], [ -88.282438955452932, 21.555570554476532 ], [ -88.282429785172994, 21.555553309611035 ], [ -88.282151739646139, 21.555326075065452 ], [ -88.281999309567823, 21.555167350072299 ], [ -88.281954502344888, 21.555191053801352 ], [ -88.281890939863928, 21.555224680326749 ], [ -88.281689660461552, 21.555388579701226 ], [ -88.281539309846721, 21.555219770354054 ], [ -88.281300909965296, 21.554965680383919 ], [ -88.281293654808195, 21.554944996935959 ], [ -88.281198442785609, 21.554673560997962 ], [ -88.28116742014916, 21.554585119748793 ], [ -88.281226461713217, 21.554367346746659 ], [ -88.281233320012547, 21.554342050435253 ], [ -88.28122963950527, 21.554332619323688 ], [ -88.281062889578294, 21.553905350064827 ], [ -88.280903016252381, 21.554078513507218 ], [ -88.280866910242835, 21.554117620030048 ], [ -88.280872619395979, 21.554169994587081 ], [ -88.280923309630964, 21.554635060067227 ], [ -88.280564629623072, 21.555115939806239 ], [ -88.280618985503878, 21.555606889229114 ], [ -88.280636289920054, 21.55576318012584 ], [ -88.280748024527639, 21.555698338360585 ], [ -88.280821910121134, 21.555655460445056 ], [ -88.281200720326609, 21.556158720208998 ], [ -88.281127726216866, 21.556679359142482 ], [ -88.281138342281395, 21.556795069930327 ], [ -88.281137409814818, 21.556813511428995 ], [ -88.281124086272769, 21.556829691061928 ], [ -88.281055556675028, 21.556848727129143 ], [ -88.281040327803495, 21.556841113127486 ], [ -88.280962282298702, 21.556762115013033 ], [ -88.28095086088689, 21.556739272434722 ], [ -88.280948956957005, 21.556679310169841 ], [ -88.280928017781108, 21.55657556537189 ], [ -88.280904745406701, 21.55648433508156 ], [ -88.280673749673113, 21.556271860297237 ], [ -88.280796490085848, 21.556586599903305 ], [ -88.280756050510576, 21.5570809696057 ], [ -88.280492970334507, 21.557047779621985 ], [ -88.280358049627054, 21.557064399875635 ], [ -88.280254549651886, 21.55707426009592 ], [ -88.280220019839931, 21.557200749530203 ], [ -88.279840769699632, 21.557219090108791 ], [ -88.279641202783878, 21.557287455349389 ], [ -88.279610509752601, 21.557297970199603 ], [ -88.279607086902956, 21.557318901433909 ], [ -88.279532220284764, 21.557776750072353 ], [ -88.279453399609125, 21.558193739826049 ], [ -88.279519780290045, 21.558943510464733 ], [ -88.279430170445409, 21.559304400293644 ], [ -88.279235600150614, 21.559691489941901 ], [ -88.2789646804911, 21.55993542984973 ], [ -88.278759940085351, 21.560003599881796 ], [ -88.278331339823282, 21.560037740176309 ], [ -88.278376220431156, 21.560527110276222 ], [ -88.27828695001557, 21.560947200356193 ], [ -88.278127687434946, 21.5608785176249 ], [ -88.278090659893493, 21.560862549736765 ], [ -88.277758793423459, 21.560953324021863 ], [ -88.277616149564267, 21.560992340093151 ], [ -88.277581358973364, 21.560970385962936 ], [ -88.27725890992167, 21.560766910387105 ], [ -88.277087332117432, 21.560573276185135 ], [ -88.277076250089635, 21.560560769821649 ], [ -88.277076127931068, 21.56055742924557 ], [ -88.277060110385605, 21.560118780423721 ], [ -88.277019552528188, 21.560055415805468 ], [ -88.276555265468261, 21.559330038287797 ], [ -88.276413570195757, 21.559108660261487 ], [ -88.27628200634625, 21.559024039212936 ], [ -88.275807879640809, 21.558719079538161 ], [ -88.274916244498428, 21.55775030468055 ], [ -88.274731901365513, 21.557672021019897 ], [ -88.274530447036454, 21.557453705377299 ], [ -88.274410829878818, 21.557421689539503 ], [ -88.27445959442322, 21.557372132986142 ], [ -88.27444255872696, 21.557352221022754 ], [ -88.274431137833176, 21.557322715950004 ], [ -88.274426378867858, 21.557264656810815 ], [ -88.274428281977279, 21.557238959421049 ], [ -88.274451298282557, 21.557216099828828 ], [ -88.274485389413968, 21.557194224734175 ], [ -88.274526315767247, 21.557178045378649 ], [ -88.274563642660709, 21.557174186540944 ], [ -88.274611024769456, 21.557188514166473 ], [ -88.274633856174617, 21.557195037332924 ], [ -88.274645031859407, 21.557183679781208 ], [ -88.274731200147031, 21.557096109892345 ], [ -88.274552797061816, 21.556886865360333 ], [ -88.274200659524936, 21.556473850342382 ], [ -88.273621280341388, 21.556527170481555 ], [ -88.273549398015362, 21.556292873714163 ], [ -88.273518206880013, 21.556191208089338 ], [ -88.273456380721001, 21.555989686389811 ], [ -88.273436970344846, 21.555926420164361 ], [ -88.273329084810413, 21.555966677051099 ], [ -88.273085279656797, 21.556057650313175 ], [ -88.272836279745519, 21.555987399922998 ], [ -88.272344067550947, 21.556002732400195 ], [ -88.272180166942874, 21.556013060144103 ], [ -88.271767675734893, 21.556178057033261 ], [ -88.271707849965225, 21.556297860386138 ], [ -88.271570322734533, 21.556269103944807 ], [ -88.271347935186725, 21.55641990100801 ], [ -88.271353249731405, 21.556457550254663 ], [ -88.271403879847426, 21.556663219617985 ], [ -88.271278520116766, 21.556786020352192 ], [ -88.27111174010038, 21.556713580137473 ], [ -88.271156819776166, 21.556573969924457 ], [ -88.271027404329544, 21.556417936517082 ], [ -88.27101091044463, 21.55639804999943 ], [ -88.270903197699653, 21.556413870196813 ], [ -88.270646719680215, 21.556451539924563 ], [ -88.270634937661058, 21.556400893826098 ], [ -88.270589829749426, 21.556207000012716 ], [ -88.27046639815066, 21.556183753708982 ], [ -88.270298280406465, 21.556152090479475 ], [ -88.270247933851863, 21.555902289483605 ], [ -88.270223579590422, 21.555781449981392 ], [ -88.270125381800469, 21.555726986134296 ], [ -88.270058749513652, 21.555690030155656 ], [ -88.269908370345433, 21.555657349647454 ], [ -88.269666999628697, 21.555712289794862 ], [ -88.268666849529467, 21.556026740320434 ], [ -88.268621772117768, 21.556387731655988 ], [ -88.268609895247451, 21.556482840716612 ], [ -88.268602119734254, 21.556545109563412 ], [ -88.268037290048596, 21.557053109911049 ], [ -88.267758960214266, 21.557007834072074 ], [ -88.267739564755743, 21.557004679217766 ], [ -88.267613549594685, 21.556984179853259 ], [ -88.267389549872263, 21.557079110376389 ], [ -88.267497249494681, 21.557521750239275 ], [ -88.267339909871808, 21.557756629961737 ], [ -88.267087979977177, 21.55771482997995 ], [ -88.266758620468806, 21.557129770082923 ], [ -88.266673272056948, 21.557122104091434 ], [ -88.26661644973376, 21.557117000287935 ], [ -88.266605953312137, 21.557386272032954 ], [ -88.266572549961282, 21.558243139667706 ], [ -88.266240219985519, 21.558385659943767 ], [ -88.265990899730255, 21.558199228295575 ], [ -88.265745290294149, 21.558015570337595 ], [ -88.265630414032742, 21.55819391980874 ], [ -88.265477050241159, 21.558432019970581 ], [ -88.265284089952146, 21.558414679649079 ], [ -88.264972940177628, 21.558051510451502 ], [ -88.264894555925366, 21.558165764750203 ], [ -88.264832059965059, 21.558256860228578 ], [ -88.264891189951555, 21.558403529139049 ], [ -88.264958650236366, 21.558570859669832 ], [ -88.264192250243582, 21.558995370028679 ], [ -88.263661079965033, 21.558914319578513 ], [ -88.263192377587046, 21.558916831646812 ], [ -88.263106860254666, 21.558917290312245 ], [ -88.262837835534071, 21.559414480728343 ], [ -88.262743420150301, 21.559588970148596 ], [ -88.262368566313768, 21.559721317975836 ], [ -88.26230625036203, 21.559743319710712 ], [ -88.262294367501667, 21.559769833360001 ], [ -88.262170399558741, 21.560046449770411 ], [ -88.261867750396007, 21.55974664981213 ], [ -88.261482230351703, 21.56015825019108 ], [ -88.261293449946393, 21.560399849575802 ], [ -88.26121007996646, 21.561089480428382 ], [ -88.261042660202094, 21.561344599753632 ], [ -88.260542029629875, 21.560830310240746 ], [ -88.260549649600975, 21.560804131015022 ], [ -88.260637109804591, 21.560503659636126 ], [ -88.260453890117006, 21.560391429796933 ], [ -88.260446469030811, 21.560393594546088 ], [ -88.260253139792638, 21.560449999564476 ], [ -88.260049580192572, 21.561035059924681 ], [ -88.259931029804122, 21.561667369666562 ], [ -88.259794436013337, 21.561631897091132 ], [ -88.259706240412854, 21.561652705656314 ], [ -88.25961558250313, 21.561666268830322 ], [ -88.259596308685119, 21.561666269396323 ], [ -88.259457109665789, 21.561637001883746 ], [ -88.259033139238767, 21.561492044332073 ], [ -88.258647837937687, 21.561451335899694 ], [ -88.258634490138277, 21.561447341436292 ], [ -88.25836322958348, 21.56156473973002 ], [ -88.258338895565743, 21.561358037350434 ], [ -88.258335880327024, 21.561332430098734 ], [ -88.25827972018061, 21.561327381036136 ], [ -88.258142910029548, 21.561315080157463 ], [ -88.257923979726058, 21.561151739535902 ], [ -88.257741339523918, 21.560934200247527 ], [ -88.257172370348854, 21.561227880038103 ], [ -88.257232759425449, 21.561498785830779 ], [ -88.257278324236935, 21.561703187049869 ], [ -88.257292419563228, 21.561766420414454 ], [ -88.257262570177886, 21.561799720958916 ], [ -88.257243328598804, 21.561882151319132 ], [ -88.257070558328707, 21.562183611889491 ], [ -88.256524288051978, 21.56274195633754 ], [ -88.256157797132161, 21.563058301363544 ], [ -88.255883682888083, 21.563291488659846 ], [ -88.255753319920359, 21.563371295629004 ], [ -88.25490422047757, 21.564055659639155 ], [ -88.254406430233573, 21.564212020424243 ], [ -88.254207420217639, 21.56395469041291 ], [ -88.253123480401712, 21.563531579618285 ], [ -88.2530017402309, 21.563608019735387 ], [ -88.252701150511214, 21.563341549746472 ], [ -88.252520519641521, 21.563603060110868 ], [ -88.25211373996575, 21.563671820055077 ], [ -88.251846799949789, 21.56367651989699 ], [ -88.251463799621135, 21.563613350369444 ], [ -88.25127649044083, 21.563242140179611 ], [ -88.251116920062358, 21.563199059699212 ], [ -88.250995710209708, 21.563580819946889 ], [ -88.25085781986904, 21.56362588975594 ], [ -88.250737140196534, 21.563374850250042 ], [ -88.250583259912574, 21.563475940174627 ], [ -88.250495180234935, 21.563535059945853 ], [ -88.250386429962788, 21.563496550212228 ], [ -88.250411200416224, 21.563355120220802 ], [ -88.250239540455865, 21.563330089611728 ], [ -88.250140007195697, 21.563181162915932 ], [ -88.25003525030607, 21.56302442035312 ], [ -88.249958085743458, 21.563052189591531 ], [ -88.249864939839071, 21.563085710193501 ], [ -88.249734480381377, 21.562959030173062 ], [ -88.249727865306838, 21.562936807703174 ], [ -88.249696399984771, 21.562831110046009 ], [ -88.249492016014159, 21.562820710269378 ], [ -88.249451709884994, 21.562818659737538 ], [ -88.249188230315966, 21.562689620287319 ], [ -88.248678059783714, 21.562432370186215 ], [ -88.247745749905462, 21.562384709590372 ], [ -88.24734051995776, 21.562458909778957 ], [ -88.247014089503665, 21.563188570350132 ], [ -88.246943970424894, 21.563524600059424 ], [ -88.246802433117324, 21.563511860168578 ], [ -88.246720550312688, 21.563504489670578 ], [ -88.246635579967815, 21.563334049818533 ], [ -88.246610915088581, 21.563342929095416 ], [ -88.246465309991024, 21.563395349739057 ], [ -88.246301050312169, 21.563198580179385 ], [ -88.245919431708302, 21.563516869713943 ], [ -88.245821757192147, 21.563598335646283 ], [ -88.245751719690944, 21.563656749657799 ], [ -88.24571307354617, 21.563617987612176 ], [ -88.245426549752338, 21.563330599693952 ], [ -88.245346295239088, 21.563426710048457 ], [ -88.245262910267442, 21.563526570394206 ], [ -88.245206459979372, 21.563377849969999 ], [ -88.245033420206653, 21.563266490388116 ], [ -88.245014475208691, 21.563189480123533 ], [ -88.244953909872592, 21.562943289598515 ], [ -88.244816619839298, 21.562883049859337 ], [ -88.244805844441231, 21.56294764083318 ], [ -88.24478986036867, 21.563043449773449 ], [ -88.24453151025152, 21.563163859627362 ], [ -88.244434925663299, 21.563075546846722 ], [ -88.244241089652547, 21.562898310374521 ], [ -88.243953973862489, 21.563015259745018 ], [ -88.243952280064093, 21.563015949756995 ], [ -88.24375777012888, 21.563113380286378 ], [ -88.243392722911949, 21.562900532139594 ], [ -88.243341679989555, 21.562870770400909 ], [ -88.243270810740626, 21.563270529120476 ], [ -88.24325358002767, 21.563367720164887 ], [ -88.243949819825744, 21.56463428016901 ], [ -88.243779379535368, 21.565084490249131 ], [ -88.243660488241986, 21.565023668903823 ], [ -88.24350675026389, 21.564945020328427 ], [ -88.243453368712423, 21.5653172943451 ], [ -88.243432979709681, 21.565459480330642 ], [ -88.242976369633624, 21.565816689611033 ], [ -88.242651020488424, 21.565691649962734 ], [ -88.242244979661521, 21.565951979872843 ], [ -88.242181739865444, 21.566367690270077 ], [ -88.242615419249873, 21.566521262171154 ], [ -88.242866111518083, 21.566610035503622 ], [ -88.242943219540933, 21.566637340187434 ], [ -88.243137350271155, 21.566942139756772 ], [ -88.242694976597392, 21.567211177967774 ], [ -88.242548549698739, 21.567300230253711 ], [ -88.242174108755279, 21.567627484116027 ], [ -88.24197580022107, 21.567800799805926 ], [ -88.241893274277416, 21.567819449549404 ], [ -88.241396291952512, 21.567931759838487 ], [ -88.24128468977878, 21.567956979735136 ], [ -88.241237796909317, 21.567897625435208 ], [ -88.241209541318213, 21.567891539925714 ], [ -88.240813836700553, 21.56787072026475 ], [ -88.240668449621381, 21.567371035387279 ], [ -88.240652540459834, 21.567346402061382 ], [ -88.240609909960057, 21.567314679703678 ], [ -88.24012322020404, 21.567080940417473 ], [ -88.239982452495767, 21.56692156908441 ], [ -88.239820259678538, 21.566737940159445 ], [ -88.23921945967497, 21.566656090407246 ], [ -88.239167773125061, 21.566695850267845 ], [ -88.238737920009697, 21.567026510294884 ], [ -88.238308750366826, 21.567414750377029 ], [ -88.23780000017851, 21.571399999907886 ], [ -88.238169859917321, 21.57429099953934 ], [ -88.238206259151852, 21.574261361381616 ], [ -88.238299769629549, 21.574185219603375 ], [ -88.238424758363877, 21.574116556156721 ], [ -88.238541579786073, 21.574052379856305 ], [ -88.238821019650288, 21.573945479565456 ], [ -88.238968709682354, 21.573734719792387 ], [ -88.239183399704373, 21.573706920370288 ], [ -88.239296950056229, 21.57366314037046 ], [ -88.239394119575664, 21.573728059791051 ], [ -88.239380690360662, 21.574017940058255 ], [ -88.239587310168616, 21.574240799623674 ], [ -88.239653339658886, 21.574502080291563 ], [ -88.239787459530248, 21.574473309903695 ], [ -88.239927739614046, 21.574491029752284 ], [ -88.239954256647579, 21.574567250314342 ], [ -88.240416281075213, 21.57437450442043 ], [ -88.240522310353441, 21.574336663963386 ], [ -88.240460062905854, 21.574719048899606 ], [ -88.240298259681367, 21.574774253264209 ], [ -88.240204985235493, 21.574808517051501 ], [ -88.240161453824086, 21.574828086155392 ], [ -88.240183570092071, 21.57487757005714 ], [ -88.239840770251845, 21.575342569951967 ], [ -88.239347872521037, 21.575587647985657 ], [ -88.238871558420868, 21.575805302244525 ], [ -88.238409400309294, 21.575985632392118 ], [ -88.237809056919403, 21.576105274164163 ], [ -88.237226203469106, 21.576255435629871 ], [ -88.236582019679375, 21.576400073854568 ], [ -88.236039066796266, 21.576563473641663 ], [ -88.23492407872088, 21.576771855254016 ], [ -88.233693378698149, 21.577139678567207 ], [ -88.233081687786481, 21.57753228449711 ], [ -88.232164689182909, 21.577871658210601 ], [ -88.23179897744113, 21.578092017403101 ], [ -88.231663292519002, 21.579059216290123 ], [ -88.231887877462611, 21.579706396201811 ], [ -88.231923384356293, 21.579782988881597 ], [ -88.231945989070041, 21.579834146679552 ], [ -88.23192933159585, 21.57983771668161 ], [ -88.23184963685209, 21.579733107455795 ], [ -88.231731901386567, 21.579558964924427 ], [ -88.231530909859543, 21.579143050022719 ], [ -88.23106021967395, 21.578736719732316 ], [ -88.230684830313265, 21.578798679663041 ], [ -88.230629549723716, 21.578937349555542 ], [ -88.230691849605464, 21.579029169824107 ], [ -88.230691259685955, 21.579134460328198 ], [ -88.230683449724665, 21.579210370072744 ], [ -88.230722490270267, 21.579328830210024 ], [ -88.232089249785389, 21.581793180141897 ], [ -88.232248298590235, 21.582023669890891 ], [ -88.232271146574391, 21.582052263475262 ], [ -88.232266121351657, 21.582138655896983 ], [ -88.232183038519892, 21.582156503659185 ], [ -88.231915768687855, 21.581946679513738 ], [ -88.231421778690418, 21.581834641403457 ], [ -88.23113039331146, 21.581859055549458 ], [ -88.230759370335875, 21.581867853982423 ], [ -88.229988568162838, 21.582077051793831 ], [ -88.229710763511534, 21.582144903874013 ], [ -88.229332848181386, 21.582220623111585 ], [ -88.228818182818756, 21.582309352841257 ], [ -88.228295435325805, 21.582388909888898 ], [ -88.227206733875391, 21.582704547865347 ], [ -88.226798864103699, 21.58289576961457 ], [ -88.226248698970878, 21.583213040856148 ], [ -88.22577704203006, 21.583463486903543 ], [ -88.224542167625174, 21.584133824199593 ], [ -88.224110389693465, 21.584519494507379 ], [ -88.223690188632361, 21.584993052801043 ], [ -88.222513537177292, 21.585398436964194 ], [ -88.221847379404252, 21.585955968350394 ], [ -88.219146165615442, 21.587867234938642 ], [ -88.213702950495247, 21.591437937776696 ], [ -88.211989919222773, 21.592441405181162 ], [ -88.20896651551412, 21.594745154502679 ], [ -88.207254885850304, 21.595734229502952 ], [ -88.20622372510239, 21.596278075146504 ], [ -88.201620790287876, 21.5988878938963 ], [ -88.197238707057565, 21.601155665887745 ], [ -88.193681829604927, 21.602435405104647 ], [ -88.191009975615415, 21.603327956071556 ], [ -88.189933262056016, 21.603549750562383 ], [ -88.188845586355427, 21.603747208367928 ], [ -88.187436801457054, 21.60416235866257 ], [ -88.185960619159104, 21.604729808252991 ], [ -88.184695620621284, 21.605088350276656 ], [ -88.183848425124665, 21.605248215833686 ], [ -88.18305865963039, 21.605463929269209 ], [ -88.18236815786193, 21.605680165869995 ], [ -88.18158473890432, 21.605921776493204 ], [ -88.18024642370942, 21.606290544154277 ], [ -88.177962811071737, 21.607156458583361 ], [ -88.176193695029042, 21.608111080769621 ], [ -88.175483001113761, 21.608696986213204 ], [ -88.175369324247001, 21.608923132129487 ], [ -88.175373671561644, 21.609143061415352 ], [ -88.17538118338615, 21.609245064974413 ], [ -88.175371985931818, 21.609414094423503 ], [ -88.175567194249723, 21.609710874166879 ], [ -88.17588524616859, 21.610182539207109 ], [ -88.17579066438735, 21.610228992077825 ], [ -88.175471901273866, 21.609633082842411 ], [ -88.175331354751606, 21.609416995560721 ], [ -88.175318968854654, 21.60941787976796 ], [ -88.174936250260501, 21.609056230919375 ], [ -88.174448918753114, 21.609299969920627 ], [ -88.174843579821001, 21.6106346812841 ], [ -88.175451819122884, 21.611234889499379 ], [ -88.176645901116046, 21.612413201262004 ], [ -88.176711598715571, 21.612478029935481 ], [ -88.176779987729319, 21.612545422450641 ], [ -88.177588549760017, 21.613342199602911 ], [ -88.177201399079124, 21.613294120484561 ], [ -88.176030570395554, 21.613506289680188 ], [ -88.174678089226575, 21.613854940564053 ], [ -88.173470411318689, 21.614117264910657 ], [ -88.172510029582128, 21.614410383679552 ], [ -88.171519051497526, 21.614650066767712 ], [ -88.170165617376924, 21.615076497244338 ], [ -88.168226073024329, 21.615931191681483 ], [ -88.166180879560144, 21.616759418683074 ], [ -88.164835569837166, 21.617537509588693 ], [ -88.164321379025026, 21.617874679801677 ], [ -88.16395038774543, 21.618069036698422 ], [ -88.162981587285969, 21.618530215604597 ], [ -88.162089429218597, 21.619007030496501 ], [ -88.161167258848252, 21.6193704006491 ], [ -88.160420718908739, 21.619682200748539 ], [ -88.159557349335131, 21.619904940356552 ], [ -88.158932014578525, 21.620139550312139 ], [ -88.157664199094128, 21.620522966995921 ], [ -88.15639637723288, 21.620906374258443 ], [ -88.155299114232349, 21.621212332299574 ], [ -88.154194649985556, 21.621582681284572 ], [ -88.153027778962908, 21.621895630872647 ], [ -88.152059198552081, 21.622187291095806 ], [ -88.151525678925822, 21.622335200026797 ], [ -88.150444486035042, 21.622571243435193 ], [ -88.149634938334557, 21.622801895808479 ], [ -88.148846747931415, 21.623000703874155 ], [ -88.14798958262962, 21.62316792808716 ], [ -88.14666227237133, 21.623427655101221 ], [ -88.145041730007364, 21.623728353384781 ], [ -88.143318157079349, 21.623977478845095 ], [ -88.141937742561339, 21.624139471348215 ], [ -88.140138843022612, 21.624331071004772 ], [ -88.13836481921598, 21.624618279707612 ], [ -88.136603748666076, 21.624802680110879 ], [ -88.133832650041995, 21.624917710573225 ], [ -88.132049135385543, 21.624923291797096 ], [ -88.130090106769714, 21.624830043753519 ], [ -88.12857613877236, 21.624625154421885 ], [ -88.127192033079851, 21.624474251090387 ], [ -88.126168658705566, 21.624415175493141 ], [ -88.125214857366416, 21.624294853201302 ], [ -88.123866279879223, 21.624062703694783 ], [ -88.12274771113087, 21.623876748141967 ], [ -88.121824228346298, 21.623725380187068 ], [ -88.119927588566611, 21.623553222284144 ], [ -88.118710010261196, 21.623451133866215 ], [ -88.117182784772254, 21.623287145970412 ], [ -88.115448671437974, 21.623028358980751 ], [ -88.113806891068847, 21.622837046010329 ], [ -88.112598881911794, 21.622642891603942 ], [ -88.109935748135428, 21.62216214038709 ], [ -88.107767334354548, 21.621675625874751 ], [ -88.104323895044615, 21.621044259357724 ], [ -88.10192107428918, 21.620430200201483 ], [ -88.098881118591407, 21.619690623340677 ], [ -88.097122456213512, 21.619135049888992 ], [ -88.094530139586965, 21.618358880876936 ], [ -88.092554822671218, 21.617802848316952 ], [ -88.089646617510311, 21.616988208491723 ], [ -88.08711335288163, 21.616400640696252 ], [ -88.085083202396973, 21.615950498367102 ], [ -88.082380728253469, 21.615390876641037 ], [ -88.079876526607464, 21.614909573625766 ], [ -88.078127903318745, 21.614605600529199 ], [ -88.07511538232383, 21.614174436819873 ], [ -88.073079411991344, 21.613904548953876 ], [ -88.069875234175356, 21.613455821177361 ], [ -88.066161484055073, 21.613069154196587 ], [ -88.063820419352027, 21.612879905293244 ], [ -88.060795842170961, 21.612688622104805 ], [ -88.058487826156153, 21.612429923309918 ], [ -88.055484771393466, 21.612156051710151 ], [ -88.053533336761589, 21.611941862565033 ], [ -88.051004367013419, 21.611699083835411 ], [ -88.048316763754173, 21.611369405706093 ], [ -88.045352089186665, 21.611098834182815 ], [ -88.041111108293734, 21.610820250170999 ], [ -88.03579799029788, 21.610431561425809 ], [ -88.033089227282076, 21.610304759387123 ], [ -88.029657089589023, 21.610063554789711 ], [ -88.025310198808569, 21.609811041400746 ], [ -88.019116306167177, 21.609703166313764 ], [ -88.014174699846947, 21.609709605030851 ], [ -88.011107204249257, 21.609682295404223 ], [ -88.006568811407888, 21.609844506852248 ], [ -88.006644932157528, 21.610457865103733 ], [ -88.006718380890533, 21.611049690316936 ], [ -88.006903979160612, 21.612444053715944 ], [ -88.007104329400889, 21.613982613927842 ], [ -88.00719998415083, 21.614781755925176 ], [ -88.007167146931863, 21.614788893725997 ], [ -88.007144303847483, 21.61476319638173 ], [ -88.007141449098953, 21.614728931749092 ], [ -88.007085769575269, 21.614213541054799 ], [ -88.006968699569711, 21.61323558211728 ], [ -88.006798806767705, 21.611973516009183 ], [ -88.006631767902945, 21.610751425060869 ], [ -88.006594697522303, 21.610456611994429 ] ] ], [ [ [ -91.38690000019696, 22.110699994792139 ], [ -91.387200000733515, 22.110599994719106 ], [ -91.387500001005776, 22.110899994991701 ], [ -91.387600001090306, 22.111299994891439 ], [ -91.387500000708471, 22.111599995325573 ], [ -91.386900000799159, 22.11199999528526 ], [ -91.386600001056252, 22.112299994837517 ], [ -91.386400000791426, 22.112399994669936 ], [ -91.38600000022663, 22.112299994818382 ], [ -91.385900000152773, 22.111899995297151 ], [ -91.385900000798898, 22.11149999488261 ], [ -91.386000000188389, 22.111399994925151 ], [ -91.386300000373453, 22.1110999948827 ], [ -91.386500000710527, 22.110999995354749 ], [ -91.38690000019696, 22.110699994792139 ] ] ], [ [ [ -91.380900000347935, 22.117299994723862 ], [ -91.380500000278843, 22.117099995419856 ], [ -91.380200000237878, 22.116599994710601 ], [ -91.380300001124382, 22.116499995112893 ], [ -91.380600000548682, 22.116299995178654 ], [ -91.381200000500058, 22.115999995027416 ], [ -91.381600000512009, 22.115699995031306 ], [ -91.382000000472132, 22.115699994768203 ], [ -91.382500000741956, 22.115499995135167 ], [ -91.383000000772654, 22.115399995037695 ], [ -91.383500000643409, 22.115399995304404 ], [ -91.383900000809177, 22.116099994632425 ], [ -91.384000000891277, 22.116399995127036 ], [ -91.383600000296724, 22.11699999528166 ], [ -91.383200000300235, 22.117099994700023 ], [ -91.382800000949402, 22.117399995429736 ], [ -91.382200000910615, 22.117199995384667 ], [ -91.381900000598634, 22.117299995406299 ], [ -91.38160000017308, 22.117199995214282 ], [ -91.380900000347935, 22.117299994723862 ] ] ], [ [ [ -91.408200000474849, 22.117499994394635 ], [ -91.408700000682359, 22.117499995113118 ], [ -91.409100000602805, 22.117799994397874 ], [ -91.409200000595959, 22.118099994704611 ], [ -91.409300000602073, 22.118499994741853 ], [ -91.409200000201935, 22.119099994572633 ], [ -91.408800000697724, 22.119199995101699 ], [ -91.408300000930552, 22.119199995176814 ], [ -91.407900000434168, 22.119099994493073 ], [ -91.407400001114098, 22.118299995153201 ], [ -91.407300000982204, 22.117999995201156 ], [ -91.407300001032965, 22.117799994526614 ], [ -91.407700000361544, 22.117599994641544 ], [ -91.408200000474849, 22.117499994394635 ] ] ], [ [ [ -91.405500000531006, 22.119199994410387 ], [ -91.405200000517766, 22.118899995224833 ], [ -91.405000001146618, 22.118899994601101 ], [ -91.40490000110961, 22.118699994551658 ], [ -91.404800000162695, 22.118299995219829 ], [ -91.404500001109895, 22.117799994514858 ], [ -91.404500000421592, 22.117599994422854 ], [ -91.404900001088279, 22.117499995293549 ], [ -91.405300000641773, 22.117499995065479 ], [ -91.405600000579369, 22.11779999503306 ], [ -91.405700000990535, 22.117999994572187 ], [ -91.405800000517175, 22.118299994859441 ], [ -91.405800001067561, 22.11859999483211 ], [ -91.405900000296072, 22.118899995042881 ], [ -91.405900001071103, 22.119199995070971 ], [ -91.405800000225312, 22.119199994726767 ], [ -91.405500000531006, 22.119199994410387 ] ] ], [ [ [ -91.388400001037198, 22.121999995394283 ], [ -91.388600000283091, 22.121899995348542 ], [ -91.388900000844075, 22.121999994614118 ], [ -91.389400001014153, 22.122199995019908 ], [ -91.38960000096364, 22.122599994780806 ], [ -91.389800000860618, 22.122799995092951 ], [ -91.389900001069549, 22.122899994703506 ], [ -91.389700001042897, 22.12329999476216 ], [ -91.389600000497978, 22.123599995223081 ], [ -91.389500000426068, 22.123599994582481 ], [ -91.389100000821969, 22.123599995058509 ], [ -91.388700000642785, 22.123399995153193 ], [ -91.388400000992647, 22.123099994589214 ], [ -91.388100000602364, 22.122799995144426 ], [ -91.388100001103979, 22.122299994638556 ], [ -91.388300001023367, 22.122199994973496 ], [ -91.388400001037198, 22.121999995394283 ] ] ], [ [ [ -89.662810316921821, 22.368585837016994 ], [ -89.663596752590223, 22.36837889760945 ], [ -89.664034139487995, 22.368973289862367 ], [ -89.664219558644177, 22.369489613289826 ], [ -89.664011493074, 22.370056349655869 ], [ -89.664317131845522, 22.370673926014401 ], [ -89.663901537431911, 22.371354205666638 ], [ -89.66263003161653, 22.371536708951027 ], [ -89.662387925041983, 22.370904937402397 ], [ -89.662666002412038, 22.370310065811339 ], [ -89.662906911648903, 22.369389161033403 ], [ -89.662810316921821, 22.368585837016994 ] ] ], [ [ [ -89.667961249168428, 22.369027812043214 ], [ -89.668499782729967, 22.368251304272597 ], [ -89.66982799835769, 22.368827728943746 ], [ -89.670395805326251, 22.368294643911998 ], [ -89.671697329328779, 22.367675716512593 ], [ -89.673782273677375, 22.367553507124512 ], [ -89.674004098865296, 22.367957013931438 ], [ -89.673942029991537, 22.36862707028174 ], [ -89.673168399353699, 22.369143673362068 ], [ -89.671725792249617, 22.369606657524773 ], [ -89.670840359717332, 22.370210722213308 ], [ -89.67019891194488, 22.370978988926375 ], [ -89.669434124714257, 22.37139985014969 ], [ -89.668579717733323, 22.371668874942802 ], [ -89.66698442498982, 22.372855044902799 ], [ -89.665697916248121, 22.372751892835218 ], [ -89.665057335458897, 22.371832625958216 ], [ -89.665356345709725, 22.370844052294807 ], [ -89.666518625245345, 22.369490747478427 ], [ -89.667961249168428, 22.369027812043214 ] ] ], [ [ [ -89.667395548629131, 22.379270600316666 ], [ -89.668189670847525, 22.379093178689015 ], [ -89.6685818636753, 22.379896085811822 ], [ -89.667996256981226, 22.380620609154978 ], [ -89.666928834981945, 22.380390386085807 ], [ -89.666948355121207, 22.379620482356913 ], [ -89.667395548629131, 22.379270600316666 ] ] ], [ [ [ -89.674639218898278, 22.380716279176518 ], [ -89.674220483325328, 22.379989615818097 ], [ -89.67383391762452, 22.379265529671898 ], [ -89.672580282643395, 22.378484862903292 ], [ -89.672740619180914, 22.377593650407952 ], [ -89.674134384963196, 22.377421214356545 ], [ -89.674605164512869, 22.376886364146348 ], [ -89.675763064377719, 22.376979134697372 ], [ -89.676535603005192, 22.377734137156391 ], [ -89.678259692507581, 22.377661297949434 ], [ -89.679285099961362, 22.378135187018145 ], [ -89.679728333331497, 22.379647312215148 ], [ -89.680152637515619, 22.380314132792414 ], [ -89.679257792560847, 22.381117236515831 ], [ -89.678561737152222, 22.381495435364709 ], [ -89.677588381765105, 22.380711458097633 ], [ -89.676855820638124, 22.380923994727279 ], [ -89.676396117540605, 22.381339198737745 ], [ -89.674958693143935, 22.381465123868168 ], [ -89.674639218898278, 22.380716279176518 ] ] ], [ [ [ -89.680965320123178, 22.380313764917762 ], [ -89.68154224591413, 22.379962179572157 ], [ -89.68198547860456, 22.3802146444051 ], [ -89.681919013046297, 22.380932567585685 ], [ -89.681089939934026, 22.381879883815628 ], [ -89.680917644065119, 22.382480845502187 ], [ -89.680391312467833, 22.383125780152305 ], [ -89.680026018223231, 22.383711284721883 ], [ -89.679792390564714, 22.383294789535803 ], [ -89.679281927125132, 22.382928447047348 ], [ -89.679120142802503, 22.382156081102611 ], [ -89.679607878240972, 22.381508059659197 ], [ -89.680156186703982, 22.381045699680435 ], [ -89.680965320123178, 22.380313764917762 ] ] ], [ [ [ -89.677794923061455, 22.387624449423623 ], [ -89.678284039532372, 22.387241730418058 ], [ -89.679168079113879, 22.387493345501845 ], [ -89.67941772040777, 22.388296856679389 ], [ -89.680095542632685, 22.389375738492845 ], [ -89.679637516364835, 22.3901225773619 ], [ -89.679036346805589, 22.390315515489618 ], [ -89.678238786413317, 22.389829744473207 ], [ -89.67786602186338, 22.388956099456099 ], [ -89.677722890237277, 22.388402198891388 ], [ -89.677794923061455, 22.387624449423623 ] ] ], [ [ [ -89.674559476683854, 22.388269329555705 ], [ -89.675588808743072, 22.388351793215186 ], [ -89.675902957206119, 22.388738584059364 ], [ -89.67616366574714, 22.389422446232423 ], [ -89.675568755847024, 22.390387337928257 ], [ -89.674523889954273, 22.390472389390762 ], [ -89.674163578726706, 22.38974438088081 ], [ -89.674112508627289, 22.388896497364644 ], [ -89.674559476683854, 22.388269329555705 ] ] ], [ [ [ -89.726117186160607, 22.42714027833588 ], [ -89.725556048620149, 22.426758013640548 ], [ -89.725215218600255, 22.426882707283504 ], [ -89.724861082806385, 22.426926782870424 ], [ -89.724575756317591, 22.426506244949834 ], [ -89.724469517080465, 22.426112044950123 ], [ -89.724672554170439, 22.425597870017466 ], [ -89.725113829868775, 22.425180847552035 ], [ -89.72535404656918, 22.424675864646769 ], [ -89.72591222083976, 22.424303321716792 ], [ -89.727114668989429, 22.424760841556314 ], [ -89.728428975032429, 22.424287070067773 ], [ -89.729286509226128, 22.424548312798787 ], [ -89.729548675576311, 22.425594799830062 ], [ -89.729067987333622, 22.426073782488221 ], [ -89.728377391879135, 22.426345171772649 ], [ -89.729248880605354, 22.426642683528151 ], [ -89.729452967759897, 22.427334978304291 ], [ -89.728482399119855, 22.428486076251247 ], [ -89.727117324748519, 22.428666510487343 ], [ -89.726227401795626, 22.428474997228907 ], [ -89.726109043595088, 22.427790539376659 ], [ -89.726117186160607, 22.42714027833588 ] ] ], [ [ [ -89.719742068507202, 22.427479602710015 ], [ -89.720208730530601, 22.427480679088191 ], [ -89.720626838676992, 22.427586365368672 ], [ -89.720919167174387, 22.427790499954163 ], [ -89.720892655389108, 22.428077679117557 ], [ -89.720698437345263, 22.428496123562802 ], [ -89.720025451777829, 22.42862323205873 ], [ -89.719823604975758, 22.4282816682286 ], [ -89.71977620857426, 22.427952430012365 ], [ -89.719742068507202, 22.427479602710015 ] ] ], [ [ [ -89.716346393474439, 22.4318279331297 ], [ -89.716099025383215, 22.431394334645997 ], [ -89.716155256448999, 22.430434505954459 ], [ -89.717142683817585, 22.430272240791528 ], [ -89.718225672462609, 22.430479214804866 ], [ -89.719148742419804, 22.430311800761441 ], [ -89.720231734500004, 22.430518760693978 ], [ -89.719896979358936, 22.431335824231819 ], [ -89.718659441300446, 22.431749361871308 ], [ -89.717865968353962, 22.431659920952328 ], [ -89.717041285537789, 22.432072242168786 ], [ -89.716346393474439, 22.4318279331297 ] ] ], [ [ [ -89.727869032609178, 22.43272016288331 ], [ -89.72826385385099, 22.432713073680606 ], [ -89.728546270123786, 22.433024887001942 ], [ -89.728503875882311, 22.433484375735599 ], [ -89.728090224341699, 22.433470677697112 ], [ -89.72747885807253, 22.433576214593892 ], [ -89.727201743941464, 22.433206963426752 ], [ -89.727300625007288, 22.432809838863918 ], [ -89.727869032609178, 22.43272016288331 ] ] ], [ [ [ -89.730429409948698, 22.433887968030458 ], [ -89.73037650738442, 22.432774793860951 ], [ -89.730319190314376, 22.431709483588893 ], [ -89.729736694053102, 22.431277317638983 ], [ -89.729411626031947, 22.430865675260154 ], [ -89.729258676175618, 22.430274893277797 ], [ -89.728577637586127, 22.429786649219885 ], [ -89.727926007467715, 22.429541824706561 ], [ -89.727308198489268, 22.429492556528281 ], [ -89.727114930333641, 22.429226422907124 ], [ -89.727016101313893, 22.428948534147683 ], [ -89.727721581519702, 22.428946936665618 ], [ -89.728348220056063, 22.42890047695121 ], [ -89.728648894413993, 22.428789449675541 ], [ -89.729036076840529, 22.428415313098025 ], [ -89.729428555767711, 22.427983739633362 ], [ -89.729733961515194, 22.427371646574372 ], [ -89.729733396284189, 22.42692801969789 ], [ -89.729892879790668, 22.42632357807619 ], [ -89.730351261528568, 22.425627251463727 ], [ -89.730789013327552, 22.425604294871846 ], [ -89.731260888928716, 22.42566120234234 ], [ -89.731290909718155, 22.4253357311968 ], [ -89.731310932571319, 22.424893746322109 ], [ -89.731702796757858, 22.424693553069869 ], [ -89.732199377720761, 22.424819928509827 ], [ -89.732477372080467, 22.425179597748755 ], [ -89.732914230160944, 22.425503713739218 ], [ -89.733355504387902, 22.425779965740489 ], [ -89.733423157061694, 22.426171080852455 ], [ -89.733233395211471, 22.426541678121957 ], [ -89.733278977146711, 22.427172110897594 ], [ -89.733620236070209, 22.427295742778693 ], [ -89.733805569174834, 22.427648023181025 ], [ -89.733076555861075, 22.427792417833125 ], [ -89.73316862220743, 22.428368697860812 ], [ -89.732266910364814, 22.428586110530418 ], [ -89.730987148237887, 22.428966241099982 ], [ -89.730316356481794, 22.429491345929677 ], [ -89.731165098773403, 22.429848305852509 ], [ -89.732718459105328, 22.429875706591712 ], [ -89.733542209543387, 22.429941368062675 ], [ -89.733793733789668, 22.430588215904255 ], [ -89.733042047567665, 22.430865807722427 ], [ -89.731663710428293, 22.431189872548437 ], [ -89.732778720535151, 22.431471617720501 ], [ -89.733839319757834, 22.431218649058884 ], [ -89.734379171566047, 22.431550968536879 ], [ -89.7343173765138, 22.432221058600163 ], [ -89.733521539670775, 22.432977288811301 ], [ -89.733258210646738, 22.4335830998996 ], [ -89.73452770181305, 22.433877143885404 ], [ -89.735986965051168, 22.433800577399378 ], [ -89.736881350716359, 22.433100403370769 ], [ -89.73778603151203, 22.433413565807779 ], [ -89.737711014355057, 22.434227248263682 ], [ -89.738246475355908, 22.434607418313945 ], [ -89.737844888546064, 22.435587943492035 ], [ -89.736731303709419, 22.436415303793083 ], [ -89.735632421188143, 22.436520598852066 ], [ -89.734755661775836, 22.437029312618481 ], [ -89.73331109321424, 22.436383809654266 ], [ -89.731862122697365, 22.435786156912318 ], [ -89.730752991150112, 22.43487807480615 ], [ -89.730429409948698, 22.433887968030458 ] ] ], [ [ [ -89.735533906546024, 22.437630185854882 ], [ -89.737402166704939, 22.437055826125949 ], [ -89.739024004875688, 22.436341276022372 ], [ -89.739027659034264, 22.434895109402323 ], [ -89.739009251637029, 22.433688261018279 ], [ -89.739590294317011, 22.43301132364067 ], [ -89.741156927860445, 22.432895047637498 ], [ -89.742506623448648, 22.433725779899376 ], [ -89.743812229528515, 22.435035140301011 ], [ -89.742856075517693, 22.435561680189998 ], [ -89.740892230964846, 22.435766874108552 ], [ -89.74073781916249, 22.437442106963189 ], [ -89.741366755548057, 22.439059199085268 ], [ -89.739027727562473, 22.439113951095599 ], [ -89.738634193165893, 22.437756678448562 ], [ -89.737880276404923, 22.438901994916144 ], [ -89.736600429445389, 22.440125941324368 ], [ -89.735497111222145, 22.439435330952342 ], [ -89.735533906546024, 22.437630185854882 ] ] ], [ [ [ -89.731528771944483, 22.438565507311409 ], [ -89.732154571404109, 22.43852860443041 ], [ -89.732482470742838, 22.438684923051259 ], [ -89.732723867294951, 22.438935598293387 ], [ -89.733031024298782, 22.439148121665212 ], [ -89.73314708091668, 22.439576846660866 ], [ -89.733178405865047, 22.439912029506203 ], [ -89.733414955225626, 22.440046601122155 ], [ -89.733454227102186, 22.440295629595727 ], [ -89.733165593943909, 22.440388342443654 ], [ -89.732902556807673, 22.44054095249788 ], [ -89.732702628705269, 22.440684127775864 ], [ -89.732314693448416, 22.440841247174287 ], [ -89.731887039340108, 22.440922875557106 ], [ -89.731521619269756, 22.440835888188921 ], [ -89.731430713064626, 22.440640600496135 ], [ -89.731262573570319, 22.440439156902183 ], [ -89.730878634157406, 22.440046933347332 ], [ -89.730596197471627, 22.439735124737854 ], [ -89.730676977693321, 22.439365483212924 ], [ -89.730796148670535, 22.439085690029692 ], [ -89.731149663932953, 22.438795649227224 ], [ -89.731528771944483, 22.438565507311409 ] ] ], [ [ [ -89.72770973562092, 22.442472729612863 ], [ -89.72736000664537, 22.442047063440196 ], [ -89.727065365401614, 22.442710641546519 ], [ -89.72686783272151, 22.443164992130775 ], [ -89.72596970226715, 22.443201854940803 ], [ -89.725433518722795, 22.442688990791709 ], [ -89.725778896221755, 22.442318755146065 ], [ -89.726098907291075, 22.441801850057875 ], [ -89.726145288011878, 22.441299283278852 ], [ -89.726436617884858, 22.440671605076144 ], [ -89.726781988261607, 22.440301368323585 ], [ -89.727072177268255, 22.440107538479729 ], [ -89.726960776382938, 22.439628552739414 ], [ -89.72763049849182, 22.439537310754751 ], [ -89.728147936119328, 22.439831702664126 ], [ -89.728797785481618, 22.439955842587402 ], [ -89.729370403937367, 22.440073821242759 ], [ -89.729379211660458, 22.440399978499634 ], [ -89.729309659328393, 22.441153828641959 ], [ -89.728809827741358, 22.441511755333931 ], [ -89.729126439773921, 22.442296395728739 ], [ -89.729366949038521, 22.442641026364253 ], [ -89.729397814054977, 22.443149751006459 ], [ -89.729091061140267, 22.443523072775633 ], [ -89.728621030661202, 22.44355792037738 ], [ -89.728325343408258, 22.443389697717517 ], [ -89.728017538942595, 22.442931213989045 ], [ -89.72770973562092, 22.442472729612863 ] ] ], [ [ [ -89.723595716566678, 22.443381362895742 ], [ -89.724224191588647, 22.443315774179823 ], [ -89.724769674766307, 22.44347499892735 ], [ -89.725489918002012, 22.443763877708932 ], [ -89.725890625328049, 22.444142987931809 ], [ -89.725719342026593, 22.444650057912558 ], [ -89.72584109463773, 22.445354073817565 ], [ -89.725562136136716, 22.445678980525258 ], [ -89.724490528159478, 22.445824951538345 ], [ -89.723816158594389, 22.445713305126077 ], [ -89.723168300584177, 22.445314475156781 ], [ -89.723143626211638, 22.444907494000041 ], [ -89.723067769522842, 22.444380712459889 ], [ -89.723080210977599, 22.443571679112612 ], [ -89.723595716566678, 22.443381362895742 ] ] ], [ [ [ -89.742636620021628, 22.471952742031821 ], [ -89.74401609465535, 22.471761228014532 ], [ -89.744766551714818, 22.47206205122157 ], [ -89.744722436328459, 22.472540694075878 ], [ -89.744431842558328, 22.472879175900641 ], [ -89.74424242776665, 22.473527058523576 ], [ -89.744319344059079, 22.474099713934223 ], [ -89.744607064422794, 22.474918175342157 ], [ -89.744465841372289, 22.47560605716172 ], [ -89.743999393029299, 22.475882323414798 ], [ -89.743431402005299, 22.475993803982632 ], [ -89.74233697409727, 22.475906665682029 ], [ -89.741560734846658, 22.475181892132571 ], [ -89.741019948723434, 22.474716943124584 ], [ -89.740683331877449, 22.474147711213813 ], [ -89.74049201995193, 22.473409241531918 ], [ -89.740113097143592, 22.472595561726369 ], [ -89.740151712622747, 22.472176750375546 ], [ -89.741144936992811, 22.471954500073263 ], [ -89.742636620021628, 22.471952742031821 ] ] ], [ [ [ -89.749144460579643, 22.465044666503868 ], [ -89.749297392938047, 22.462761615285974 ], [ -89.748752892730238, 22.461633437101245 ], [ -89.747939213072925, 22.460921496054425 ], [ -89.746791482419923, 22.459654890008093 ], [ -89.745497387149271, 22.45896353020477 ], [ -89.744879334236202, 22.457226787882025 ], [ -89.744110828119389, 22.457784073280354 ], [ -89.743368725533472, 22.457393502640969 ], [ -89.743317189345447, 22.456545629796565 ], [ -89.743034849844051, 22.455739648293012 ], [ -89.742815931316656, 22.454245620581503 ], [ -89.742262344781949, 22.453568708960141 ], [ -89.740734046765255, 22.452211473143386 ], [ -89.739657252330858, 22.450528569875484 ], [ -89.738714779812113, 22.448936214447158 ], [ -89.738204256803215, 22.447159788839503 ], [ -89.738191626474148, 22.445936247275643 ], [ -89.73768097463325, 22.443876405450428 ], [ -89.737868529882306, 22.441842194954717 ], [ -89.738666590119621, 22.440218239852562 ], [ -89.74085485762005, 22.440392559562746 ], [ -89.74260182368225, 22.441134392609452 ], [ -89.74334635979892, 22.441332443681336 ], [ -89.744219624179323, 22.441536987894281 ], [ -89.745402400162419, 22.441534739420149 ], [ -89.746451639147324, 22.442081144960326 ], [ -89.747419695921948, 22.442833226467624 ], [ -89.746864617057298, 22.443190828364003 ], [ -89.746028163643274, 22.443586778101444 ], [ -89.744833219788703, 22.444457336820943 ], [ -89.744796498439698, 22.44541871719073 ], [ -89.744484677757228, 22.44655105265241 ], [ -89.744572989836669, 22.447281313260198 ], [ -89.745313054009301, 22.448256328701166 ], [ -89.745289566861359, 22.449074117177084 ], [ -89.745373474519511, 22.449852241067358 ], [ -89.745457384130304, 22.4506303651149 ], [ -89.745074014673989, 22.451365385436745 ], [ -89.745725123055792, 22.452743144031739 ], [ -89.745598318824591, 22.454119236813451 ], [ -89.748028235978992, 22.454889128716864 ], [ -89.747803194957314, 22.45564265859592 ], [ -89.748827262759889, 22.456350967963363 ], [ -89.750194173774261, 22.457279415266687 ], [ -89.751398502550771, 22.45800205132964 ], [ -89.752239367742519, 22.458165391319064 ], [ -89.752561666706157, 22.458890154870303 ], [ -89.751515701452831, 22.460108736255084 ], [ -89.752402966354055, 22.460613272012221 ], [ -89.753036562792403, 22.462182459804414 ], [ -89.752473895748338, 22.46322253338958 ], [ -89.753237651878337, 22.46422349461546 ], [ -89.754564081997998, 22.46418437351382 ], [ -89.75465037055416, 22.465782335857796 ], [ -89.75652246007003, 22.469113442411853 ], [ -89.759253668156006, 22.470188226029681 ], [ -89.760122329317483, 22.473150197853165 ], [ -89.760811452153888, 22.475808598312746 ], [ -89.758449040508722, 22.478107683729334 ], [ -89.757469086294492, 22.478608339058564 ], [ -89.757128535508343, 22.480278430777808 ], [ -89.756990470153568, 22.482003198332151 ], [ -89.756329538792485, 22.482644936426524 ], [ -89.755546288383073, 22.484164104163931 ], [ -89.754466703571495, 22.48394323536191 ], [ -89.753497433773035, 22.482726575972745 ], [ -89.752486797847197, 22.481104968215689 ], [ -89.751244683081595, 22.479945409809382 ], [ -89.750556432619575, 22.478405616358302 ], [ -89.749375795926625, 22.477510772369303 ], [ -89.747925816535016, 22.475409677781052 ], [ -89.748135399763996, 22.473135162785752 ], [ -89.74935959038244, 22.468340425800079 ], [ -89.749144460579643, 22.465044666503868 ] ] ], [ [ [ -89.748111459850222, 22.484321888798906 ], [ -89.749507592879155, 22.483950834276431 ], [ -89.7511484619246, 22.484443007495528 ], [ -89.751650738875199, 22.485326738024572 ], [ -89.751621420116649, 22.486348982245186 ], [ -89.750922463763573, 22.486896066933355 ], [ -89.749542841429843, 22.487087643184243 ], [ -89.748534755472292, 22.4867663488393 ], [ -89.747870644975492, 22.486231344282782 ], [ -89.747953348279381, 22.485333885740072 ], [ -89.748111459850222, 22.484321888798906 ] ] ], [ [ [ -89.752245452061317, 22.490135320539867 ], [ -89.753216743728217, 22.490152315010715 ], [ -89.753919472679712, 22.490268480681653 ], [ -89.754256187748709, 22.490837685604113 ], [ -89.754403512993179, 22.492054787237063 ], [ -89.75422514233685, 22.492583023657385 ], [ -89.754094622923404, 22.493295873794864 ], [ -89.75360533508379, 22.493678840802808 ], [ -89.752692892055904, 22.4937268013053 ], [ -89.751811763633683, 22.494138863761858 ], [ -89.750748491714461, 22.494415892011396 ], [ -89.749771656208196, 22.494458712789999 ], [ -89.749295150433525, 22.493998913034897 ], [ -89.749173662368037, 22.49320574358093 ], [ -89.74916992185473, 22.492542482971174 ], [ -89.749348313466839, 22.492014252475215 ], [ -89.749537729795264, 22.49136636031988 ], [ -89.750348949424932, 22.491009020154941 ], [ -89.751299959482779, 22.490542257799842 ], [ -89.752245452061317, 22.490135320539867 ] ] ], [ [ [ -89.73202798857109, 22.499774698431004 ], [ -89.730715198710982, 22.499380796601212 ], [ -89.729753853233092, 22.499658919095125 ], [ -89.729005223217598, 22.499352729572735 ], [ -89.728798456568981, 22.498541309636575 ], [ -89.7288002648597, 22.497847140514047 ], [ -89.728817978184779, 22.496980661293563 ], [ -89.728833397215169, 22.496295389530637 ], [ -89.728676196721267, 22.494836376369271 ], [ -89.728355138580199, 22.495503894692988 ], [ -89.728090180342889, 22.4962662885833 ], [ -89.727533657637622, 22.496673957087534 ], [ -89.726751951813853, 22.496766661540747 ], [ -89.726589656741467, 22.497259995524171 ], [ -89.727248591070492, 22.497710303682098 ], [ -89.727468177763285, 22.498704185126819 ], [ -89.727497913622841, 22.499646771401508 ], [ -89.72683006752078, 22.500135970267014 ], [ -89.726136839820853, 22.500478495793274 ], [ -89.725399487153624, 22.500455877636263 ], [ -89.724614700636309, 22.500104015316751 ], [ -89.724407248095332, 22.499400393608198 ], [ -89.724231801545315, 22.498771647644027 ], [ -89.724304727504503, 22.497981892740412 ], [ -89.7250012605043, 22.497603478103279 ], [ -89.725533316881751, 22.497320435349522 ], [ -89.726319228066231, 22.497238438357922 ], [ -89.726175778759767, 22.496684570246078 ], [ -89.725674696690163, 22.496210678479112 ], [ -89.725460614807616, 22.49557885439285 ], [ -89.725523588551923, 22.494896793458558 ], [ -89.725802920741245, 22.493978845982188 ], [ -89.726773164918285, 22.493586083448562 ], [ -89.727738956506101, 22.493663068313364 ], [ -89.728334264740084, 22.493694408801893 ], [ -89.727951724636654, 22.492217433994202 ], [ -89.728068436774336, 22.491231995304453 ], [ -89.72852284007773, 22.490527175168364 ], [ -89.730206427276116, 22.490275628252945 ], [ -89.731192410527626, 22.49083636289431 ], [ -89.731536015059859, 22.491960374202922 ], [ -89.731389702491853, 22.493545871560897 ], [ -89.731705137922219, 22.495047622928578 ], [ -89.732899416456405, 22.494829660692083 ], [ -89.734377012050516, 22.494561652042933 ], [ -89.735551420957606, 22.495330228843102 ], [ -89.735486647188779, 22.497157276101348 ], [ -89.736200265063772, 22.497997343585279 ], [ -89.73634612497537, 22.500215125424795 ], [ -89.735952805783839, 22.501382886230033 ], [ -89.735009734831991, 22.502326614329228 ], [ -89.732922738205872, 22.502449655062996 ], [ -89.732266906380133, 22.501963174559425 ], [ -89.731998500104837, 22.501218831605527 ], [ -89.73202798857109, 22.499774698431004 ] ] ], [ [ [ -89.757859060594811, 22.505532450574318 ], [ -89.759426530768181, 22.505415987350208 ], [ -89.760927895928631, 22.506017484115411 ], [ -89.761568418615994, 22.507514853447518 ], [ -89.76117742368551, 22.508645414247081 ], [ -89.759684825440459, 22.509655364931305 ], [ -89.757801770482018, 22.508955659548405 ], [ -89.757340459144743, 22.506937680687297 ], [ -89.757859060594811, 22.505532450574318 ] ] ], [ [ [ -89.770988261702755, 22.50079100868486 ], [ -89.770054326464191, 22.499662127100503 ], [ -89.768248638165801, 22.499548827079565 ], [ -89.767098706164148, 22.499005455699752 ], [ -89.764900996685085, 22.499636911604256 ], [ -89.763387169089498, 22.499162550962186 ], [ -89.762383413386772, 22.49808833835213 ], [ -89.761862330954983, 22.496843952001171 ], [ -89.761818016228432, 22.495972556914111 ], [ -89.761114914185697, 22.494817362079569 ], [ -89.759143857351233, 22.49390851259913 ], [ -89.758204122088628, 22.492618772350191 ], [ -89.756981797921284, 22.491017263167453 ], [ -89.75627513936422, 22.489225317637452 ], [ -89.75532655499903, 22.487356269070812 ], [ -89.755294536075652, 22.485675829989713 ], [ -89.755986669290294, 22.484920859420292 ], [ -89.75661728802018, 22.484027489768227 ], [ -89.756746090907399, 22.483304861354277 ], [ -89.757465961950359, 22.483149960469564 ], [ -89.75766748878965, 22.481903340572831 ], [ -89.758036981042807, 22.48082403459237 ], [ -89.758610326902158, 22.479962325926561 ], [ -89.759689567861031, 22.480227126917562 ], [ -89.759658426279074, 22.481410742199142 ], [ -89.75978444539281, 22.482577924950672 ], [ -89.759433848572968, 22.483876488407503 ], [ -89.760455039563382, 22.485464399802456 ], [ -89.76066129252979, 22.486746444711301 ], [ -89.761167442274527, 22.488293404437126 ], [ -89.761868463551593, 22.489132624720238 ], [ -89.762505108850846, 22.489966725336188 ], [ -89.763780116046874, 22.49091182590281 ], [ -89.764251823853883, 22.492155213004057 ], [ -89.765924312378743, 22.493239321954988 ], [ -89.766503822270451, 22.494384670991757 ], [ -89.768525358364357, 22.495025540225203 ], [ -89.7701719368971, 22.49545768159058 ], [ -89.771154819444035, 22.497464346662099 ], [ -89.772420600257036, 22.497805948081233 ], [ -89.774223517362046, 22.497949115112288 ], [ -89.776272996262762, 22.49823237237657 ], [ -89.77827562817221, 22.498829577852646 ], [ -89.777891072098313, 22.50030335433955 ], [ -89.77901276793007, 22.500970964114249 ], [ -89.780761658253667, 22.50226691613846 ], [ -89.783014534739678, 22.504007836385878 ], [ -89.784489964528603, 22.50545795321683 ], [ -89.782812541707827, 22.50677131230081 ], [ -89.781687883219305, 22.508307950124305 ], [ -89.778015655810705, 22.510971054946367 ], [ -89.774051732143846, 22.51209085508566 ], [ -89.772982800773491, 22.51084882304184 ], [ -89.772028544614145, 22.509037307758131 ], [ -89.771070105320987, 22.507008806431397 ], [ -89.769793057069108, 22.506675948672584 ], [ -89.769105683377489, 22.505348473189535 ], [ -89.769324440544366, 22.504324403303151 ], [ -89.769559047373065, 22.503128019625734 ], [ -89.771314341565542, 22.502534564766492 ], [ -89.771339934716622, 22.501903775405534 ], [ -89.770988261702755, 22.50079100868486 ] ] ], [ [ [ -89.735690072344028, 22.508355274420566 ], [ -89.736900671548554, 22.507186021136963 ], [ -89.738478672174168, 22.507588928586465 ], [ -89.739286739572748, 22.508955104079991 ], [ -89.739127808018637, 22.510678223601087 ], [ -89.737785645651087, 22.511656210162322 ], [ -89.7363413537974, 22.511842541427207 ], [ -89.735656933252628, 22.510823709129539 ], [ -89.735652713736059, 22.509533592620212 ], [ -89.735690072344028, 22.508355274420566 ] ] ], [ [ [ -89.715807032475084, 22.506708068193852 ], [ -89.717515501930365, 22.506332341154501 ], [ -89.718971503416668, 22.506508462680557 ], [ -89.720159027807611, 22.50699493212354 ], [ -89.721089827542144, 22.508154031108319 ], [ -89.720847334638066, 22.509587500091264 ], [ -89.720226068437853, 22.510695152534598 ], [ -89.718677510568114, 22.51172884916998 ], [ -89.717158580925954, 22.511318396075417 ], [ -89.716113705339282, 22.510270713067925 ], [ -89.715266057517695, 22.509335189827581 ], [ -89.715416449668808, 22.507707821440647 ], [ -89.715807032475084, 22.506708068193852 ] ] ], [ [ [ -89.730378803575277, 22.516518961483012 ], [ -89.729766601618081, 22.514155799124207 ], [ -89.731170883336844, 22.512435473768967 ], [ -89.732792902226095, 22.512853997183928 ], [ -89.734541499962191, 22.514150474936709 ], [ -89.734279464971863, 22.515865385096124 ], [ -89.735515890454352, 22.515963864918724 ], [ -89.735674845194382, 22.517615873229332 ], [ -89.734968293033617, 22.518523923742965 ], [ -89.732948742081874, 22.519038086959434 ], [ -89.731300139997458, 22.518906750863241 ], [ -89.730378803575277, 22.516518961483012 ] ] ], [ [ [ -89.751218992503325, 22.518599121851082 ], [ -89.7523496153824, 22.518285762211192 ], [ -89.753288585100165, 22.518667293909914 ], [ -89.753650832312147, 22.519805061082277 ], [ -89.754180875304456, 22.520811524645694 ], [ -89.754634343404462, 22.521522602833006 ], [ -89.754512268216956, 22.522284345708851 ], [ -89.753841100354407, 22.522809562659877 ], [ -89.752536839815889, 22.522320115257674 ], [ -89.751843420364111, 22.521397083025665 ], [ -89.750702563999781, 22.520824183908559 ], [ -89.750098971380595, 22.520052934537844 ], [ -89.75027699961386, 22.519247428553662 ], [ -89.751218992503325, 22.518599121851082 ] ] ], [ [ [ -89.743185281477821, 22.518018163255686 ], [ -89.742666385724121, 22.517313892959315 ], [ -89.741420750748389, 22.517455818693612 ], [ -89.740993853165321, 22.516457514523122 ], [ -89.741313955316031, 22.515096788235041 ], [ -89.74176284369311, 22.513746314267845 ], [ -89.742761892246207, 22.513464221038969 ], [ -89.743549393454174, 22.514069332236541 ], [ -89.744454664135574, 22.514804350720208 ], [ -89.745532865413537, 22.515070967295717 ], [ -89.746018529657277, 22.51402476001142 ], [ -89.745177652027053, 22.513294874782591 ], [ -89.744844513088353, 22.511279458864124 ], [ -89.745192142374577, 22.509619571872847 ], [ -89.746075183423542, 22.50848445244425 ], [ -89.747063153662268, 22.508321993303394 ], [ -89.747362898427454, 22.506477485751709 ], [ -89.748797863678519, 22.50568762015968 ], [ -89.750508903087976, 22.506125094607984 ], [ -89.751333225017348, 22.507034442719767 ], [ -89.751206427036948, 22.508410554879617 ], [ -89.751026257916109, 22.509661882845457 ], [ -89.750031001526111, 22.510607293138275 ], [ -89.748903200193453, 22.510879186771191 ], [ -89.748770859190572, 22.512315128898951 ], [ -89.748918158078254, 22.513532240762864 ], [ -89.747680033347208, 22.515000744546647 ], [ -89.746633133405012, 22.515098252746167 ], [ -89.74649524828088, 22.516594024995921 ], [ -89.745858718282079, 22.517869309775179 ], [ -89.745400619059794, 22.518616362724384 ], [ -89.74440153843733, 22.518898473380119 ], [ -89.745220381615852, 22.519867686306714 ], [ -89.745222308494704, 22.521254047425181 ], [ -89.744720062138057, 22.522479746412976 ], [ -89.743505680400489, 22.522985799874871 ], [ -89.742504663377829, 22.521881536748321 ], [ -89.741271838700428, 22.52118070365573 ], [ -89.740752939770914, 22.520476426435966 ], [ -89.741244179192719, 22.519370402360444 ], [ -89.742699580349523, 22.519064363310381 ], [ -89.743185281477821, 22.518018163255686 ] ] ], [ [ [ -89.749086424843313, 22.524131802634024 ], [ -89.750500970515986, 22.523424656237609 ], [ -89.751343428478023, 22.52413626766312 ], [ -89.751947461351918, 22.525468336693653 ], [ -89.751976321917923, 22.526844780977321 ], [ -89.751985334496695, 22.528436618495391 ], [ -89.750870266832038, 22.528709551793657 ], [ -89.74977929430851, 22.527031652168638 ], [ -89.749306611525057, 22.525402929823898 ], [ -89.749086424843313, 22.524131802634024 ] ] ], [ [ [ -89.73855905493636, 22.529209689667674 ], [ -89.739659437283052, 22.529237024818745 ], [ -89.740494866662701, 22.530026772222861 ], [ -89.740440079931702, 22.530817826882803 ], [ -89.74011031542652, 22.531382373579579 ], [ -89.739357708121517, 22.531804621716716 ], [ -89.738323541768281, 22.531059315677567 ], [ -89.738196565463426, 22.530325962847943 ], [ -89.738205420497778, 22.529723814921692 ], [ -89.73855905493636, 22.529209689667674 ] ] ], [ [ [ -89.740661667664853, 22.528218385274283 ], [ -89.740091961038289, 22.52764265649941 ], [ -89.739528170245251, 22.528128150090456 ], [ -89.738911362801531, 22.527500450408994 ], [ -89.738363321916069, 22.527003036896225 ], [ -89.738593321715157, 22.526267971623028 ], [ -89.739257575532349, 22.525748291383476 ], [ -89.739022958207883, 22.52512691042233 ], [ -89.737737683436677, 22.524994440772804 ], [ -89.737064227190359, 22.524910680213761 ], [ -89.736872862436073, 22.524172198846497 ], [ -89.736633659392737, 22.523249097849739 ], [ -89.736754181703333, 22.522294371651146 ], [ -89.73700810225445, 22.521651620434632 ], [ -89.737896821440785, 22.521511442430562 ], [ -89.738677899496992, 22.521483229306877 ], [ -89.739602509385875, 22.522008870664742 ], [ -89.740272282627018, 22.522484082686919 ], [ -89.740557505973115, 22.523260165241499 ], [ -89.740440679622395, 22.523823430964772 ], [ -89.739604399655164, 22.524449959821972 ], [ -89.739876737212697, 22.525014072504685 ], [ -89.74126513094528, 22.52561453886765 ], [ -89.74176565429805, 22.52637762066098 ], [ -89.740900115863539, 22.527321261501481 ], [ -89.741628806464718, 22.527861425691402 ], [ -89.741943870252129, 22.528947257156595 ], [ -89.742986126598126, 22.529464156626005 ], [ -89.743395425003996, 22.530653916625909 ], [ -89.743131183829917, 22.531932966385121 ], [ -89.742580077022197, 22.53228086095816 ], [ -89.741807083992626, 22.532118631148396 ], [ -89.741165211830619, 22.531199651236921 ], [ -89.741495242217724, 22.530326142087016 ], [ -89.741478711731361, 22.52948882569417 ], [ -89.741063565666906, 22.528925402855755 ], [ -89.740661667664853, 22.528218385274283 ] ] ], [ [ [ -89.741107668296252, 22.537169350732007 ], [ -89.740857374944639, 22.536365916001895 ], [ -89.740403764557215, 22.536359943970535 ], [ -89.740263000969421, 22.536830901058572 ], [ -89.73935025866308, 22.536878782241551 ], [ -89.738935284447109, 22.536453990514019 ], [ -89.738909515087229, 22.536030046873989 ], [ -89.739372316804108, 22.535584727974442 ], [ -89.740064234046216, 22.535820619421585 ], [ -89.740512323628948, 22.53588642338012 ], [ -89.740757973809394, 22.535333409878142 ], [ -89.741124156972717, 22.534880396560602 ], [ -89.742476695219068, 22.534988048710549 ], [ -89.743142882983477, 22.535854713979873 ], [ -89.743427248393246, 22.53699234212668 ], [ -89.743357374427617, 22.538101778487938 ], [ -89.743019731819274, 22.538948824990936 ], [ -89.742120771815905, 22.538847145843295 ], [ -89.741442630784078, 22.538461686831056 ], [ -89.741107668296252, 22.537169350732007 ] ] ], [ [ [ -89.737778824965716, 22.538312106757456 ], [ -89.737267608154212, 22.537945944668248 ], [ -89.736944097047584, 22.538498781461854 ], [ -89.736904348137784, 22.538929563275801 ], [ -89.736456064825433, 22.539147004858862 ], [ -89.735706353849636, 22.538834171499943 ], [ -89.735717399488806, 22.538292617980712 ], [ -89.735815673286353, 22.537649522662083 ], [ -89.736109373737619, 22.537419774212701 ], [ -89.736361115722218, 22.537222846887662 ], [ -89.736565381441352, 22.536696678219137 ], [ -89.737403410859315, 22.536474106765692 ], [ -89.738023931719269, 22.536921296281371 ], [ -89.738734993382877, 22.537231041783425 ], [ -89.739133589044485, 22.537552070750063 ], [ -89.739773990515303, 22.537783861705893 ], [ -89.740288525033236, 22.538114117460079 ], [ -89.740506056092158, 22.538710026973281 ], [ -89.740994105492419, 22.539327468340662 ], [ -89.741378378824351, 22.540225945523957 ], [ -89.741112302325561, 22.541000335042238 ], [ -89.740329454566606, 22.541046510058013 ], [ -89.739505743611957, 22.540691643716197 ], [ -89.73886139438406, 22.540335391208483 ], [ -89.738300476904257, 22.53966392481226 ], [ -89.737778824965716, 22.538312106757456 ] ] ], [ [ [ -89.762320025483618, 22.561685037007681 ], [ -89.76198953773067, 22.561618907350322 ], [ -89.761659044187866, 22.561618884985219 ], [ -89.761328551452507, 22.561618863799119 ], [ -89.760998053245061, 22.561684949982553 ], [ -89.760667561069823, 22.561684930172806 ], [ -89.760337063177857, 22.561751016828804 ], [ -89.760138776611285, 22.561618790340702 ], [ -89.760072696180686, 22.561354356590957 ], [ -89.760072719577309, 22.561023820291879 ], [ -89.760403217910621, 22.560957732555739 ], [ -89.760733712260546, 22.560957752336197 ], [ -89.761064209768747, 22.560891666804238 ], [ -89.761328605195644, 22.560891682835255 ], [ -89.761659093987888, 22.5609578114173 ], [ -89.761989587921562, 22.560957833032631 ], [ -89.762320076956172, 22.561023962914319 ], [ -89.762650570804169, 22.561023985828619 ], [ -89.762981063678509, 22.561024007958082 ], [ -89.76324544926446, 22.561156241293386 ], [ -89.763377618522298, 22.561486786831217 ], [ -89.763443695507206, 22.561751222017147 ], [ -89.763509766747532, 22.562081763304594 ], [ -89.763509745225491, 22.562346192537422 ], [ -89.763443620165972, 22.562676724822982 ], [ -89.763311401491251, 22.562941144962284 ], [ -89.762980909953697, 22.562941121290304 ], [ -89.762782625417771, 22.562808892302435 ], [ -89.762716553506706, 22.562478352316692 ], [ -89.762584382957584, 22.562147806001626 ], [ -89.762518305367493, 22.561883372084178 ], [ -89.762320025483618, 22.561685037007681 ] ] ], [ [ [ -89.764178593095679, 22.562754566438905 ], [ -89.764575225770088, 22.562424059966656 ], [ -89.764905721898259, 22.562490192704235 ], [ -89.765236224478542, 22.562490218689533 ], [ -89.765500619732506, 22.5625563475006 ], [ -89.765831116315226, 22.562622481877298 ], [ -89.766161618000197, 22.562622508518256 ], [ -89.766492113934703, 22.562688643212777 ], [ -89.766822609056959, 22.562754778932483 ], [ -89.767087010579317, 22.562754801695156 ], [ -89.767417513233639, 22.562754829343586 ], [ -89.767748008729754, 22.562820965797176 ], [ -89.768078510324671, 22.562820994667263 ], [ -89.768409019390859, 22.562754917013077 ], [ -89.768739520572183, 22.562754947182015 ], [ -89.769070022644357, 22.562754977625527 ], [ -89.769334424641897, 22.562755002044696 ], [ -89.769664934536053, 22.562688925476063 ], [ -89.769995443045261, 22.56262284902796 ], [ -89.770325953007827, 22.562556773837013 ], [ -89.770656462559245, 22.562490698843938 ], [ -89.770920872038374, 22.562424616697268 ], [ -89.77125138185751, 22.562358541414209 ], [ -89.771581885119232, 22.562358574854464 ], [ -89.771912395170773, 22.562292500948331 ], [ -89.772176805248193, 22.562226420426239 ], [ -89.772507315484233, 22.562160347134686 ], [ -89.772837826283023, 22.562094274118351 ], [ -89.773168336670707, 22.562028201299889 ], [ -89.773432747298514, 22.561962121498514 ], [ -89.773763267637506, 22.561829942970022 ], [ -89.774027677410203, 22.561763863961271 ], [ -89.774358189950661, 22.561697792527301 ], [ -89.774688701106058, 22.561631721213892 ], [ -89.774953121957836, 22.561499536342914 ], [ -89.775151457740861, 22.561235128917623 ], [ -89.775415887349766, 22.561036836120394 ], [ -89.775614216406311, 22.560838536552883 ], [ -89.775944729260189, 22.560772467470148 ], [ -89.776275242760164, 22.560706397757972 ], [ -89.776605738804207, 22.56077254448498 ], [ -89.776870124347894, 22.560904789895698 ], [ -89.777200609947286, 22.561037044148605 ], [ -89.777398884735959, 22.561235389899085 ], [ -89.777597150136657, 22.561499843376666 ], [ -89.777729315292561, 22.561764289306439 ], [ -89.777861479108637, 22.562028734076051 ], [ -89.777993633584728, 22.562359287633939 ], [ -89.778059697057174, 22.562623725040581 ], [ -89.777927458136787, 22.562888139199806 ], [ -89.77772912005851, 22.563152544375161 ], [ -89.77746469124952, 22.563350834951478 ], [ -89.777200271745428, 22.563483017988183 ], [ -89.776935861856771, 22.563549094385184 ], [ -89.776605351703182, 22.563615162698373 ], [ -89.776274842112414, 22.563681231286733 ], [ -89.775944341852181, 22.563681192899868 ], [ -89.775613831520076, 22.563747262787839 ], [ -89.775283330846463, 22.563747225699853 ], [ -89.774952821887311, 22.563813295232968 ], [ -89.774688421067694, 22.563813266115535 ], [ -89.774357920954884, 22.563813229837983 ], [ -89.774027419785241, 22.563813193680193 ], [ -89.773696919506349, 22.563813157796954 ], [ -89.773366418170411, 22.563813122033629 ], [ -89.773035925905447, 22.563746980043781 ], [ -89.772771541590643, 22.56361473735813 ], [ -89.772507164295334, 22.56341638757101 ], [ -89.772242779047303, 22.563284145642164 ], [ -89.771912285398017, 22.563218004639765 ], [ -89.771581784956595, 22.563217971388607 ], [ -89.771251290659308, 22.563151830704086 ], [ -89.77092078924187, 22.563151797770033 ], [ -89.770656387846643, 22.563151771621698 ], [ -89.770325886179819, 22.563151740128124 ], [ -89.769995385403803, 22.563151708908929 ], [ -89.769664883570712, 22.563151677809703 ], [ -89.769334381737863, 22.563151646003099 ], [ -89.769003873370025, 22.563217723005998 ], [ -89.768673372014305, 22.563217693480158 ], [ -89.768408963325371, 22.563283776619606 ], [ -89.768078462696536, 22.563283746802338 ], [ -89.767747954992714, 22.563349824891588 ], [ -89.767417446794525, 22.563415904083303 ], [ -89.767086945588261, 22.56341587485754 ], [ -89.766822538224318, 22.563481960037585 ], [ -89.766492030937158, 22.563548040118505 ], [ -89.766161530044116, 22.56354801260759 ], [ -89.765831022098581, 22.563614093083597 ], [ -89.765500527925212, 22.563547959082033 ], [ -89.76523613894139, 22.563415722548893 ], [ -89.765037856234542, 22.56321738481002 ], [ -89.764707373290449, 22.563019036779124 ], [ -89.764376882582411, 22.562886796656148 ], [ -89.764178593095679, 22.562754566438905 ] ] ], [ [ [ -89.779488628221245, 22.559914813113551 ], [ -89.779885215082516, 22.559914863661973 ], [ -89.78014959642455, 22.559981003443614 ], [ -89.780281753037812, 22.560245450714852 ], [ -89.780413909368278, 22.560509895998702 ], [ -89.780479958192018, 22.560840442193825 ], [ -89.780546015941553, 22.561104879503855 ], [ -89.780545966799693, 22.56143541611322 ], [ -89.780545928037114, 22.561699845822538 ], [ -89.780545878894813, 22.562030382465814 ], [ -89.780611936391338, 22.562294819724929 ], [ -89.78074408106724, 22.56262537324886 ], [ -89.78067794533527, 22.56288979366019 ], [ -89.780677895463057, 22.563220331198877 ], [ -89.780611760278191, 22.563484751686325 ], [ -89.780611711298491, 22.563815288431517 ], [ -89.780611671691744, 22.564079718172199 ], [ -89.780611622711717, 22.564410254951355 ], [ -89.78067767957117, 22.564674692136279 ], [ -89.780677630754724, 22.565005228949321 ], [ -89.780743688040204, 22.56526966613303 ], [ -89.780743638413341, 22.565600202902541 ], [ -89.780743599068032, 22.565864632724438 ], [ -89.780677453360013, 22.566195160407052 ], [ -89.780545222350099, 22.566459572911157 ], [ -89.780280808474245, 22.566657861594948 ], [ -89.780016434517208, 22.566591720870594 ], [ -89.779752078557863, 22.566393364535319 ], [ -89.779553828307542, 22.566128911164899 ], [ -89.779421673953308, 22.565864465352128 ], [ -89.779289519149899, 22.565600019361089 ], [ -89.77915736478802, 22.56533557417352 ], [ -89.779157412424283, 22.565005037860431 ], [ -89.77909135354939, 22.564740599623857 ], [ -89.778959207705071, 22.56441004704698 ], [ -89.778893148461634, 22.564145609579928 ], [ -89.778760992350598, 22.563881164714697 ], [ -89.778694942222629, 22.563550619110703 ], [ -89.778694979624305, 22.563286190740218 ], [ -89.778628928981206, 22.562955645064516 ], [ -89.778628966513665, 22.562691216721163 ], [ -89.778562906830459, 22.562426779036688 ], [ -89.77843075874928, 22.562096225675809 ], [ -89.778364698697459, 22.561831788761069 ], [ -89.778364744403689, 22.561501252338935 ], [ -89.778232587095786, 22.561236806755876 ], [ -89.778232633129562, 22.560906270367798 ], [ -89.778364855900577, 22.560707964599221 ], [ -89.778563185181383, 22.5604435584101 ], [ -89.778827604386564, 22.560245268611467 ], [ -89.779158129907401, 22.559980880594345 ], [ -89.779488628221245, 22.559914813113551 ] ] ], [ [ [ -89.775705088850572, 22.564916071731147 ], [ -89.776035587135681, 22.564783895230413 ], [ -89.776233866541119, 22.564850025858586 ], [ -89.776366021767657, 22.565114470448684 ], [ -89.776564273360705, 22.565378924038292 ], [ -89.776696428793954, 22.565643368292481 ], [ -89.77689467882513, 22.565907822154589 ], [ -89.777092929726635, 22.566172274869782 ], [ -89.777225082934393, 22.566436720207506 ], [ -89.777357236666873, 22.566701165444186 ], [ -89.777423295185642, 22.566965602856946 ], [ -89.777489344017695, 22.567296147389786 ], [ -89.777555401145875, 22.567560584618491 ], [ -89.777489268237815, 22.567825005720298 ], [ -89.777290945396942, 22.568089411507145 ], [ -89.777092622825833, 22.568353816223929 ], [ -89.77682820485694, 22.56861821287514 ], [ -89.776629901248228, 22.568750403618555 ], [ -89.776431653272439, 22.568485950655933 ], [ -89.77623340405286, 22.568221498200824 ], [ -89.776101249902737, 22.567957053665353 ], [ -89.775969095303509, 22.567692608951518 ], [ -89.775836940255004, 22.567428164059262 ], [ -89.775704785648017, 22.56716371997047 ], [ -89.775572629617855, 22.566899275625889 ], [ -89.775506578838147, 22.566568730659373 ], [ -89.775506614695203, 22.566304302438635 ], [ -89.775506659703737, 22.565973765144406 ], [ -89.775506694669872, 22.565709335968812 ], [ -89.775440642612708, 22.565378791791588 ], [ -89.775440686727421, 22.565048255377079 ], [ -89.775705088850572, 22.564916071731147 ] ] ], [ [ [ -89.773811707224255, 22.566844494120712 ], [ -89.77420827822931, 22.566844539952815 ], [ -89.774406544586526, 22.566976777964729 ], [ -89.774472604451489, 22.567241214479626 ], [ -89.774472568405983, 22.567505643801656 ], [ -89.774472523919215, 22.567836179605226 ], [ -89.774538573818475, 22.568166724258536 ], [ -89.77453852949526, 22.568497260099388 ], [ -89.774604588345085, 22.568761697376633 ], [ -89.774670647540518, 22.569026133732955 ], [ -89.774802791633618, 22.569356686027628 ], [ -89.774868849569671, 22.569621122171412 ], [ -89.775001001950031, 22.569885567759382 ], [ -89.775133153964347, 22.570150012264257 ], [ -89.775199202837783, 22.570480555551885 ], [ -89.775265260003692, 22.570744993231312 ], [ -89.775265215451753, 22.571075529967718 ], [ -89.775265179114172, 22.571339958403804 ], [ -89.775199039410751, 22.571670486730856 ], [ -89.775199002858386, 22.571934916098236 ], [ -89.775132864643325, 22.57226544458484 ], [ -89.775066725126024, 22.572595972984463 ], [ -89.774868435644606, 22.572662057017514 ], [ -89.774537967810545, 22.572662018139855 ], [ -89.774207509440529, 22.572595873012979 ], [ -89.773877067982099, 22.572397513154002 ], [ -89.773811000811136, 22.572199183806909 ], [ -89.773811044992996, 22.571868647603193 ], [ -89.773811088200688, 22.571538111340672 ], [ -89.773811123529214, 22.571273682586789 ], [ -89.773877260719019, 22.570943153508129 ], [ -89.773877295916094, 22.570678724780983 ], [ -89.773877339042215, 22.570348187680928 ], [ -89.773811279708895, 22.570083751752833 ], [ -89.773745229606632, 22.569753207507546 ], [ -89.773745264091488, 22.569488778756728 ], [ -89.773745307544885, 22.569158241723635 ], [ -89.773679248173138, 22.568893804810926 ], [ -89.773613196957399, 22.568563261326172 ], [ -89.773547137085771, 22.568298825211077 ], [ -89.773481077559751, 22.568034388175111 ], [ -89.773481120611081, 22.567703852051551 ], [ -89.773481154728941, 22.567439422411475 ], [ -89.773481232871461, 22.566844456785816 ], [ -89.773811707224255, 22.566844494120712 ] ] ], [ [ [ -89.763521196507654, 22.578788414374024 ], [ -89.763867838056285, 22.577984222946256 ], [ -89.763817989615944, 22.577257026594033 ], [ -89.764237617439321, 22.576928735759665 ], [ -89.764810856162754, 22.577046585927921 ], [ -89.765238373808614, 22.577478317988785 ], [ -89.765555522774761, 22.578262902755281 ], [ -89.765718047442206, 22.579035208804854 ], [ -89.765144799440336, 22.578917361060022 ], [ -89.764732793698414, 22.578739993959854 ], [ -89.764191593225149, 22.578697012184907 ], [ -89.763859192557589, 22.578923745395926 ], [ -89.76392226641984, 22.579507344968405 ], [ -89.763995259196918, 22.579983247284215 ], [ -89.764236107322375, 22.580327832488031 ], [ -89.764257219149471, 22.580944261547305 ], [ -89.763815451505593, 22.581089985632559 ], [ -89.763264322671589, 22.581154698791536 ], [ -89.762565175324568, 22.581135328315082 ], [ -89.762169698465129, 22.580778457674366 ], [ -89.761916651521886, 22.580143603966043 ], [ -89.762559339195732, 22.579507577951407 ], [ -89.7631402187384, 22.579119773860178 ], [ -89.763521196507654, 22.578788414374024 ] ] ], [ [ [ -89.756405553170595, 22.582056264220459 ], [ -89.75582672687338, 22.58157631878121 ], [ -89.75603429100174, 22.581014221601098 ], [ -89.756267278380236, 22.580598792746446 ], [ -89.756616236846327, 22.580192579909216 ], [ -89.756949691677022, 22.579532000162402 ], [ -89.757375959390458, 22.579131929665532 ], [ -89.757486352257743, 22.578779081525148 ], [ -89.757628786273372, 22.578501103402647 ], [ -89.757807604077925, 22.57782823451096 ], [ -89.757988693428658, 22.577553328825626 ], [ -89.758067041679524, 22.577125610378918 ], [ -89.758267975209719, 22.57663530889204 ], [ -89.758500947961224, 22.576219876973017 ], [ -89.758534023149011, 22.575860885013292 ], [ -89.758464359611409, 22.575349081798493 ], [ -89.759266090327642, 22.57537933481278 ], [ -89.759647409290665, 22.575303100418061 ], [ -89.759952104388447, 22.575684262648668 ], [ -89.759925647328643, 22.575971456630622 ], [ -89.759808648911672, 22.576396104618361 ], [ -89.759810926805571, 22.576794066896014 ], [ -89.759729276121163, 22.577257685717232 ], [ -89.759875229849939, 22.578209493051489 ], [ -89.759813421964083, 22.578457716222651 ], [ -89.759915135460872, 22.579044388704766 ], [ -89.75977828971908, 22.579684432655476 ], [ -89.759764031162703, 22.580261891392087 ], [ -89.760333104776649, 22.580261221836359 ], [ -89.760478681904871, 22.580535639469741 ], [ -89.760561584231141, 22.580903845506054 ], [ -89.760493162164394, 22.581223867421663 ], [ -89.76026018687385, 22.581639302694676 ], [ -89.759494037984709, 22.581786678486221 ], [ -89.75918898685461, 22.581862921737653 ], [ -89.758383727667479, 22.582141132828152 ], [ -89.757663759007656, 22.582015308189312 ], [ -89.757282456843299, 22.582015266846089 ], [ -89.756901164051726, 22.581938948678303 ], [ -89.756405553170595, 22.582056264220459 ] ] ], [ [ [ -89.755163043673264, 22.565851136309721 ], [ -89.755468118650484, 22.56577489764361 ], [ -89.755849425307801, 22.565927502276175 ], [ -89.756001910508189, 22.56623263229751 ], [ -89.756154396323851, 22.566537763088689 ], [ -89.756306881864134, 22.566842893667875 ], [ -89.756459367129224, 22.567148024035138 ], [ -89.756611851061507, 22.567453155017361 ], [ -89.756840601353332, 22.567758296075759 ], [ -89.756993085883749, 22.568063426636108 ], [ -89.757069292655387, 22.568444825191492 ], [ -89.757145512266931, 22.568749945539331 ], [ -89.757221718893874, 22.56913134398685 ], [ -89.757297937216237, 22.569436465045001 ], [ -89.757450420736262, 22.56974159583612 ], [ -89.757526626772346, 22.570122994947518 ], [ -89.757374049828641, 22.570428084868873 ], [ -89.757221473076484, 22.570733175637333 ], [ -89.757068897573404, 22.571038266425738 ], [ -89.756916321371364, 22.571343357079115 ], [ -89.756763732905185, 22.571724725002955 ], [ -89.756611158139805, 22.572029815622713 ], [ -89.756382329099637, 22.572258618527197 ], [ -89.75615348922328, 22.572563699576968 ], [ -89.75607717865455, 22.572868800974749 ], [ -89.756000856791516, 22.573250178948403 ], [ -89.756000811621291, 22.573555289794889 ], [ -89.756000754365189, 22.573936678995558 ], [ -89.756000708303873, 22.574241788895581 ], [ -89.75600065113062, 22.574623177235949 ], [ -89.756000604985402, 22.574928288075917 ], [ -89.756000546837583, 22.575309676383107 ], [ -89.755924237350598, 22.575614777174703 ], [ -89.755847916398054, 22.575996155482088 ], [ -89.755847870876622, 22.576301266470082 ], [ -89.755771550286084, 22.576682644861268 ], [ -89.755771504672751, 22.576987754980006 ], [ -89.755695183470166, 22.577369133377562 ], [ -89.755542610421941, 22.577674224988662 ], [ -89.755390037732141, 22.577979315637602 ], [ -89.75516120133814, 22.578284396750245 ], [ -89.754932377484479, 22.578513200123332 ], [ -89.754703540989581, 22.578818281644541 ], [ -89.754398465718268, 22.578970798969308 ], [ -89.754169630052957, 22.57927588085969 ], [ -89.754017059118212, 22.579580971680656 ], [ -89.753864488375115, 22.579886063348532 ], [ -89.753711917907026, 22.580191154958676 ], [ -89.753559346740047, 22.580496246433562 ], [ -89.753406775848063, 22.580801337850815 ], [ -89.753330458351314, 22.581182716330044 ], [ -89.753254151961954, 22.581487818014093 ], [ -89.753254096744442, 22.581869206687383 ], [ -89.753101526585922, 22.582174297200723 ], [ -89.752948957509815, 22.582479389542804 ], [ -89.752567653683968, 22.582403065168425 ], [ -89.752262635219608, 22.582174194041308 ], [ -89.752186414798828, 22.581869074805134 ], [ -89.752186469094141, 22.581487686727012 ], [ -89.752110249324204, 22.581182566583632 ], [ -89.752034040282027, 22.580801168585971 ], [ -89.751957820113304, 22.580496050133991 ], [ -89.75188159948658, 22.580190929773465 ], [ -89.751652852896399, 22.579885791838791 ], [ -89.751500368429689, 22.579580661881668 ], [ -89.751195357990454, 22.579275514612693 ], [ -89.750966599492102, 22.579046655016668 ], [ -89.750966640445441, 22.578741544459316 ], [ -89.751042957634652, 22.5783601650304 ], [ -89.751195526524938, 22.578055072972454 ], [ -89.751348096747748, 22.577749980029676 ], [ -89.751576929853172, 22.5774448973335 ], [ -89.751805754406618, 22.577216091427143 ], [ -89.751958324051884, 22.576910999888568 ], [ -89.752110895029432, 22.576605907465225 ], [ -89.752339729208657, 22.576300824989215 ], [ -89.752492300478238, 22.57599573327985 ], [ -89.752797400182786, 22.575690660436315 ], [ -89.752949960825475, 22.575461846146592 ], [ -89.75317879793522, 22.575156763028264 ], [ -89.75333136881089, 22.574851671685618 ], [ -89.753483941909693, 22.574546580440281 ], [ -89.753560261175238, 22.574165200966149 ], [ -89.753712833937399, 22.573860109607541 ], [ -89.753789142697997, 22.573555008707444 ], [ -89.753865462469477, 22.573173629301362 ], [ -89.753865507577785, 22.572868518992689 ], [ -89.753865562014809, 22.572487130974128 ], [ -89.753865607206109, 22.572182019796362 ], [ -89.75386566164255, 22.571800631822363 ], [ -89.753865706833295, 22.571495520680266 ], [ -89.753865762243223, 22.571114132828058 ], [ -89.753865805485546, 22.570809021566628 ], [ -89.753942126386079, 22.570427642532721 ], [ -89.753942171317746, 22.57012253236644 ], [ -89.753942225617578, 22.569741143621449 ], [ -89.754018535388852, 22.569436043131272 ], [ -89.754018590527053, 22.569054653603743 ], [ -89.754094900704118, 22.568749553189086 ], [ -89.754171221716476, 22.568368174330807 ], [ -89.754323796261716, 22.568063082539052 ], [ -89.754400107119537, 22.567757982180115 ], [ -89.754552682389559, 22.567452890348896 ], [ -89.754705269704218, 22.567071521037406 ], [ -89.754857846327425, 22.566766430077365 ], [ -89.754629104912112, 22.566385012545776 ], [ -89.754934200965621, 22.566156217985625 ], [ -89.755163043673264, 22.565851136309721 ] ] ], [ [ [ -89.66548355349569, 22.552078711077968 ], [ -89.662995999490363, 22.549167192852824 ], [ -89.660963845944465, 22.546593478800268 ], [ -89.659786980421586, 22.544721131289919 ], [ -89.657694995047237, 22.542094352154439 ], [ -89.65574432868452, 22.539623522874436 ], [ -89.65382708131942, 22.536793702977626 ], [ -89.651701985248081, 22.534525814109674 ], [ -89.649422397753909, 22.532245500533893 ], [ -89.647149561035206, 22.529893361408398 ], [ -89.645408281016529, 22.52852409741422 ], [ -89.643720433545525, 22.52658047120854 ], [ -89.641505044525942, 22.524449829888816 ], [ -89.639861198878947, 22.522871327991258 ], [ -89.638257454875728, 22.520862054133339 ], [ -89.63685219214662, 22.519230338890928 ], [ -89.634633230083139, 22.516303682509214 ], [ -89.632690048732883, 22.513760780673625 ], [ -89.630989211632098, 22.511960605378647 ], [ -89.629546950160218, 22.509891866231431 ], [ -89.628000739704504, 22.508104074726681 ], [ -89.62655856725533, 22.506035310148444 ], [ -89.625197452318559, 22.504768660588169 ], [ -89.624192206159563, 22.503024299936627 ], [ -89.622941829344725, 22.501404884228553 ], [ -89.621782115584807, 22.499648087005408 ], [ -89.620424077166831, 22.497513688702739 ], [ -89.619136654302821, 22.495457283325102 ], [ -89.617916138931719, 22.492682955569151 ], [ -89.616547849920266, 22.489824400379781 ], [ -89.616013047581745, 22.488045485098944 ], [ -89.61523980979959, 22.486319715038292 ], [ -89.61414052220735, 22.483916747033312 ], [ -89.61317571091719, 22.481741577231872 ], [ -89.612230997319585, 22.479351029441389 ], [ -89.611696294619833, 22.477572102868553 ], [ -89.611238853602799, 22.475799391919018 ], [ -89.610646999878938, 22.473798874509534 ], [ -89.609977918968895, 22.471792137290237 ], [ -89.609587420473986, 22.469301518587777 ], [ -89.609647010764093, 22.466991787250926 ], [ -89.60924680466151, 22.465440663627511 ], [ -89.60912515869461, 22.463405659587298 ], [ -89.609201785459916, 22.461748262127806 ], [ -89.609456608457947, 22.460683842133307 ], [ -89.609654257757825, 22.459397832743381 ], [ -89.609042432701699, 22.457612686506131 ], [ -89.608803423212876, 22.456002210255306 ], [ -89.608554082254997, 22.453667613127376 ], [ -89.608741391753313, 22.451657486017091 ], [ -89.60905640279708, 22.449946957421552 ], [ -89.609371406814432, 22.448236427962581 ], [ -89.609165855469826, 22.44626700342004 ], [ -89.608863013756675, 22.444506733209391 ], [ -89.608818620739001, 22.442477955650947 ], [ -89.60858633111016, 22.440795694270477 ], [ -89.608694643950074, 22.438972957988351 ], [ -89.608856290531932, 22.437238032417611 ], [ -89.609527187207249, 22.43560438419318 ], [ -89.610144861144065, 22.433845902415211 ], [ -89.610664729365865, 22.432441188225653 ], [ -89.610804051264523, 22.430945562214255 ], [ -89.611060924954529, 22.429579948928762 ], [ -89.61111360012238, 22.428318443812469 ], [ -89.611574658494874, 22.426848722425238 ], [ -89.612007847556868, 22.425678124337342 ], [ -89.612580869015915, 22.424398236442091 ], [ -89.613111817631179, 22.422873866850821 ], [ -89.614126606491311, 22.421026802521492 ], [ -89.615227995386462, 22.418945611171118 ], [ -89.616164747423426, 22.417936085271538 ], [ -89.616947438125422, 22.416492243779579 ], [ -89.61790892040942, 22.414520328845768 ], [ -89.618350062628593, 22.41256681328694 ], [ -89.619062787785467, 22.411177610118202 ], [ -89.620250630104053, 22.408862264521517 ], [ -89.620963314690016, 22.407473053621075 ], [ -89.621815798599357, 22.405974542208153 ], [ -89.622570525758761, 22.404829801414301 ], [ -89.62292496553647, 22.40311040146797 ], [ -89.623450144273562, 22.40164582839278 ], [ -89.624190585568172, 22.39995747942741 ], [ -89.625096191382369, 22.398583776868435 ], [ -89.62599552706817, 22.395883569292824 ], [ -89.627052011323386, 22.394280905828705 ], [ -89.62769708096198, 22.392223244049717 ], [ -89.628387346070156, 22.391073304463319 ], [ -89.628794880254532, 22.389478720000628 ], [ -89.62920796745324, 22.387824309902232 ], [ -89.630043546185121, 22.386505234926968 ], [ -89.630787899869205, 22.385108887491 ], [ -89.632016461607549, 22.383409158216768 ], [ -89.633109298448204, 22.382110755389505 ], [ -89.634025811749382, 22.380617356475902 ], [ -89.635453884659611, 22.379464306133389 ], [ -89.636486459026813, 22.377558321490667 ], [ -89.637823006977143, 22.376146882811273 ], [ -89.639178113270503, 22.374953906719039 ], [ -89.640217768063934, 22.373807899942655 ], [ -89.641745799986111, 22.37284577802977 ], [ -89.642611036325363, 22.371902723431628 ], [ -89.644397259028594, 22.370672016388355 ], [ -89.645542618878096, 22.369642960934332 ], [ -89.646842335056206, 22.368626295021421 ], [ -89.648450777397741, 22.367634410927781 ], [ -89.649952551553753, 22.367263834443051 ], [ -89.651960625792853, 22.366811377488311 ], [ -89.652969429074247, 22.366938984423214 ], [ -89.653117527535017, 22.367577693477582 ], [ -89.653046471973354, 22.368343461969438 ], [ -89.652854733823105, 22.36929241157279 ], [ -89.653633663415675, 22.369837104776337 ], [ -89.654511075350996, 22.370437914902205 ], [ -89.655385880406669, 22.370508122933547 ], [ -89.654986739044844, 22.369222448533041 ], [ -89.655542367470005, 22.368436887786327 ], [ -89.656142049999957, 22.367386487191339 ], [ -89.657405491539635, 22.366619968562606 ], [ -89.658762957102198, 22.365957417957052 ], [ -89.660210007108873, 22.365446694447741 ], [ -89.661040777101491, 22.366165857865312 ], [ -89.661376617348296, 22.366842133098672 ], [ -89.662072005312524, 22.367658716800936 ], [ -89.662230345995965, 22.368466994125519 ], [ -89.661848370094532, 22.369231932763267 ], [ -89.661446419639546, 22.370212243909474 ], [ -89.661276029792162, 22.37121112925092 ], [ -89.660172702172588, 22.372207502094444 ], [ -89.659036160153917, 22.373526870142737 ], [ -89.658553982843813, 22.373800003853027 ], [ -89.656674769624914, 22.373938524950969 ], [ -89.655606143986986, 22.374703152003168 ], [ -89.655489331088333, 22.375291669089112 ], [ -89.655383490889292, 22.376208942683594 ], [ -89.655139615906037, 22.376825836491136 ], [ -89.654475579393122, 22.376830406044366 ], [ -89.653656481086273, 22.376494651238449 ], [ -89.652995690346017, 22.376017304260948 ], [ -89.652561332804083, 22.375558128781041 ], [ -89.651156389748124, 22.376339778320819 ], [ -89.650886784848112, 22.377149882091064 ], [ -89.651612068461645, 22.377714385092972 ], [ -89.65166456192263, 22.378405693686357 ], [ -89.650767413575593, 22.379273910322617 ], [ -89.650170418776469, 22.379840753634738 ], [ -89.648627096656909, 22.380548593711374 ], [ -89.647644114723548, 22.3810844369108 ], [ -89.647265351715205, 22.381813445848007 ], [ -89.647175369692178, 22.382782622104745 ], [ -89.646611672504804, 22.382990497792058 ], [ -89.646934327646576, 22.383703505129084 ], [ -89.646654683657701, 22.384621288445366 ], [ -89.64662662463526, 22.385342295733174 ], [ -89.64630977395106, 22.38582313555483 ], [ -89.64670963169759, 22.386542342955785 ], [ -89.647141426563124, 22.387336439515703 ], [ -89.646814574318881, 22.387924966269434 ], [ -89.647138636861115, 22.388204129089416 ], [ -89.647582679788798, 22.387191054757988 ], [ -89.64826413111318, 22.387390421526604 ], [ -89.648273827503772, 22.388279454510286 ], [ -89.64865789180287, 22.389013209739044 ], [ -89.649389895984115, 22.389505933946506 ], [ -89.650864721111333, 22.389692885059617 ], [ -89.651171333216254, 22.390842317493409 ], [ -89.651701739863142, 22.390993379765632 ], [ -89.652668121496419, 22.390636987541914 ], [ -89.652827229728757, 22.390179639294765 ], [ -89.652414002325003, 22.389604029182273 ], [ -89.652138519046588, 22.389220288507744 ], [ -89.651960226552163, 22.388627370884983 ], [ -89.652675005306918, 22.38846776335199 ], [ -89.652661102314852, 22.387779551553329 ], [ -89.651954368991085, 22.387433523177602 ], [ -89.65149255957526, 22.386962499612743 ], [ -89.651690266731279, 22.386508251232442 ], [ -89.652799641091477, 22.386705782075225 ], [ -89.654374166329035, 22.387338426114415 ], [ -89.654171764539527, 22.388262419821601 ], [ -89.65475878777336, 22.387803246104223 ], [ -89.655374414669978, 22.38745485556035 ], [ -89.655639314919796, 22.387114482784614 ], [ -89.655165540210973, 22.386353208654448 ], [ -89.65429304945566, 22.386536333389788 ], [ -89.653042603087329, 22.386182838845588 ], [ -89.652281999757832, 22.385579347443656 ], [ -89.652403882659698, 22.384685056613911 ], [ -89.652817892091804, 22.383995028412293 ], [ -89.653940570811983, 22.384048969058711 ], [ -89.654341247240254, 22.383502518817068 ], [ -89.653731713529623, 22.382947321061771 ], [ -89.652942521809152, 22.382233048806746 ], [ -89.652632620606965, 22.381678932845311 ], [ -89.653069103256342, 22.380869018915035 ], [ -89.653953037448659, 22.380579480969079 ], [ -89.654597712024938, 22.380738560336731 ], [ -89.654689599556306, 22.380167329303557 ], [ -89.655697542579631, 22.379658702508497 ], [ -89.656226824550572, 22.380363011860961 ], [ -89.656881613694793, 22.380849505262098 ], [ -89.658276840809307, 22.380637129230831 ], [ -89.657466626665297, 22.37999237480371 ], [ -89.657505898740325, 22.378887680245544 ], [ -89.657207416135194, 22.377634198131126 ], [ -89.655920470957071, 22.376976436318049 ], [ -89.65646675527843, 22.375681103094927 ], [ -89.6577917245191, 22.37481102242635 ], [ -89.658795211303996, 22.374891533399758 ], [ -89.659767383140249, 22.375728942761238 ], [ -89.660846227423761, 22.375852794307164 ], [ -89.661447386843889, 22.374960784767804 ], [ -89.661047273734823, 22.373964354032658 ], [ -89.661043315243475, 22.373168458143258 ], [ -89.66291321084357, 22.372571078542759 ], [ -89.66461183129185, 22.373261795132134 ], [ -89.66560465800481, 22.374016441856039 ], [ -89.665174407819379, 22.375105300461946 ], [ -89.6653078459684, 22.376379370955647 ], [ -89.664316737485791, 22.377842834046657 ], [ -89.664234590238806, 22.379770544323215 ], [ -89.663998655468149, 22.380987181049466 ], [ -89.663753164156006, 22.382866034149281 ], [ -89.663766890919575, 22.384046037709304 ], [ -89.663239595658865, 22.384211085529543 ], [ -89.662736823754244, 22.383971870587622 ], [ -89.662451124009507, 22.383418572344134 ], [ -89.662365521909237, 22.382664344785365 ], [ -89.662613540230751, 22.382226175340971 ], [ -89.663128644799045, 22.381423689216238 ], [ -89.663077647949322, 22.380575804552816 ], [ -89.662553725099556, 22.379726153917424 ], [ -89.662445604889442, 22.379144906822212 ], [ -89.662117885050336, 22.378485775892411 ], [ -89.661700875739939, 22.37809070350691 ], [ -89.660770176051457, 22.37792780561503 ], [ -89.65956346938313, 22.378011820607959 ], [ -89.660724262024885, 22.379311723045092 ], [ -89.661110173282609, 22.380740968959785 ], [ -89.660828863005861, 22.381538092940367 ], [ -89.660151792757986, 22.382689207238393 ], [ -89.658482747858827, 22.384201292523354 ], [ -89.6581499505577, 22.38499428358168 ], [ -89.658589126089097, 22.385849206225728 ], [ -89.659665454791522, 22.385983765842429 ], [ -89.658931457785087, 22.387461235191132 ], [ -89.659478018375793, 22.3882765526713 ], [ -89.659469966066652, 22.389481333226854 ], [ -89.658687279061581, 22.390093587575024 ], [ -89.659475232868857, 22.390542531526002 ], [ -89.660218799182189, 22.391470081784053 ], [ -89.660941142019851, 22.390949414036207 ], [ -89.661242024039623, 22.389382383284104 ], [ -89.660708765851012, 22.388423489230849 ], [ -89.659728275324468, 22.387814456200054 ], [ -89.659868525427243, 22.386861365764048 ], [ -89.660611237130823, 22.386679854575966 ], [ -89.66145687913955, 22.386506595413273 ], [ -89.661288324728048, 22.385528736391077 ], [ -89.662265311421152, 22.384498103795131 ], [ -89.663285730111824, 22.384676370924367 ], [ -89.663360260832079, 22.385858187911694 ], [ -89.662920450041739, 22.386757120927136 ], [ -89.6625532873814, 22.387571473498433 ], [ -89.662929841012101, 22.388053705341868 ], [ -89.663548742825114, 22.389067674392532 ], [ -89.664082823454095, 22.388899551420462 ], [ -89.665316792951472, 22.389571068567527 ], [ -89.666542455792836, 22.390332314803242 ], [ -89.667410963884294, 22.390401939148528 ], [ -89.668887107831864, 22.390873324718189 ], [ -89.669846554006568, 22.391933846396654 ], [ -89.671267066928465, 22.392047687895282 ], [ -89.671712145689895, 22.391273312739319 ], [ -89.671045524992095, 22.390409850596619 ], [ -89.670799068076278, 22.389208789129235 ], [ -89.671395795360311, 22.38864425796994 ], [ -89.672201895290968, 22.389345315769177 ], [ -89.672573579994193, 22.390705880205932 ], [ -89.672070807582486, 22.392221915655128 ], [ -89.673073544323643, 22.392241991820399 ], [ -89.674010263361126, 22.39192528234862 ], [ -89.675528762776992, 22.391625039018471 ], [ -89.676534871918534, 22.392308341879495 ], [ -89.676937034170891, 22.393214480840587 ], [ -89.676951495779932, 22.393758076384291 ], [ -89.677341971545331, 22.39409070628912 ], [ -89.678769911083407, 22.39456533894964 ], [ -89.679363640916193, 22.395006002793036 ], [ -89.679565582878624, 22.395624881830742 ], [ -89.679627771222229, 22.396353110697298 ], [ -89.679176334726549, 22.396678582936929 ], [ -89.679429839410275, 22.397090643816536 ], [ -89.6799639321451, 22.396922465545941 ], [ -89.680428145846975, 22.39680896078859 ], [ -89.680665477882528, 22.396345799952389 ], [ -89.680982695426223, 22.396069846592255 ], [ -89.681831860176288, 22.396348784695178 ], [ -89.683097517182546, 22.396329572940115 ], [ -89.684337189650819, 22.396941110917098 ], [ -89.684968431556356, 22.397473803872707 ], [ -89.686138648320437, 22.397085303811131 ], [ -89.687158695950004, 22.397618969917129 ], [ -89.687502535128587, 22.397405404886353 ], [ -89.687378733961765, 22.396642117414228 ], [ -89.686968184749006, 22.395825745059373 ], [ -89.6861615598322, 22.395374099833425 ], [ -89.684697410768223, 22.394800207548098 ], [ -89.683798823630653, 22.394005028828282 ], [ -89.682766035451138, 22.393259370575972 ], [ -89.682581766429408, 22.392099477587678 ], [ -89.682800125101963, 22.390791008377047 ], [ -89.683196569895216, 22.390009095792767 ], [ -89.683083877535012, 22.389126151952901 ], [ -89.682498623923323, 22.388398087304378 ], [ -89.681796630925021, 22.387255956408371 ], [ -89.680985235235397, 22.387171698580634 ], [ -89.680718354818652, 22.387478199409742 ], [ -89.679971920633037, 22.387476285636435 ], [ -89.679768514994805, 22.387209269985043 ], [ -89.679789933254966, 22.38664203092782 ], [ -89.680260991566939, 22.385474343743311 ], [ -89.681075023124606, 22.384336563559902 ], [ -89.681333732233611, 22.382802301649637 ], [ -89.682074270081571, 22.381523595193354 ], [ -89.683034366504515, 22.379973168951047 ], [ -89.684825697436636, 22.379104043475266 ], [ -89.686119335024927, 22.378849011423878 ], [ -89.688445540621331, 22.379983872501679 ], [ -89.690070459377537, 22.380576782565765 ], [ -89.691097070514218, 22.381584677336615 ], [ -89.692914599376763, 22.381440795952006 ], [ -89.693854908504107, 22.382036751555923 ], [ -89.693708155144307, 22.382950759336438 ], [ -89.692000181670778, 22.382582683509092 ], [ -89.690806085696806, 22.383332110015644 ], [ -89.689658534761222, 22.384976066116177 ], [ -89.688366177571908, 22.38683986724725 ], [ -89.687548185242221, 22.38890670420248 ], [ -89.689003323565174, 22.390831263283548 ], [ -89.690972357721904, 22.393086219939189 ], [ -89.692608567005877, 22.394735928466762 ], [ -89.696318555289352, 22.395828230953292 ], [ -89.696280417930225, 22.397922581404831 ], [ -89.696557749030163, 22.399969835245972 ], [ -89.697613815681791, 22.402007033355332 ], [ -89.698820150481907, 22.403260671698465 ], [ -89.699982486957808, 22.404149161182193 ], [ -89.701082053575107, 22.405912106891812 ], [ -89.702152126585105, 22.408445060614444 ], [ -89.704765898652326, 22.410462043650107 ], [ -89.709899253069096, 22.412457924540515 ], [ -89.712679386385204, 22.415693441933989 ], [ -89.716737704636188, 22.417373520080698 ], [ -89.720892776222755, 22.418006488421238 ], [ -89.725139749290776, 22.419400040168551 ], [ -89.725263843896542, 22.420220667504314 ], [ -89.72674410877417, 22.420589457364617 ], [ -89.729239730823849, 22.420631073044415 ], [ -89.729861774637229, 22.420973085750603 ], [ -89.729668177360679, 22.42149766122105 ], [ -89.72843879369384, 22.421669634235631 ], [ -89.729124470668836, 22.423383790255361 ], [ -89.727491696632043, 22.424217893505432 ], [ -89.726857859785156, 22.424099037559547 ], [ -89.725724851611261, 22.422992126612403 ], [ -89.724645529576748, 22.423448458287101 ], [ -89.724482561815407, 22.424661740916747 ], [ -89.724063025965464, 22.424936853421105 ], [ -89.723344042913709, 22.424860211056533 ], [ -89.722040184699722, 22.423570017586076 ], [ -89.720547218999045, 22.423450891757028 ], [ -89.718990829729506, 22.423702837107296 ], [ -89.71796585902139, 22.422762730088198 ], [ -89.716212700874777, 22.422786791608441 ], [ -89.71493440529666, 22.422231453460984 ], [ -89.713692328549882, 22.421775555408875 ], [ -89.71285356212033, 22.421178145428492 ], [ -89.712417822926113, 22.420309217425697 ], [ -89.711429358157829, 22.420483417522853 ], [ -89.710678244487895, 22.41977251900288 ], [ -89.710845008924736, 22.418809464742534 ], [ -89.710184392883093, 22.4179611420792 ], [ -89.708333995894435, 22.417557801040441 ], [ -89.706158168130685, 22.416916285762007 ], [ -89.704006024902313, 22.416635840612312 ], [ -89.701012018425061, 22.417047483919486 ], [ -89.697096112534737, 22.416853767920443 ], [ -89.695716372372402, 22.415430768857089 ], [ -89.693918390830333, 22.415106175469987 ], [ -89.692861441090002, 22.415600238553001 ], [ -89.692051491946486, 22.416367188179574 ], [ -89.690755414468526, 22.416082702116221 ], [ -89.68967105989357, 22.416032117882704 ], [ -89.689604617944923, 22.416750049197354 ], [ -89.690348958292134, 22.417532843849663 ], [ -89.689616200705288, 22.418305958145197 ], [ -89.690361804843704, 22.418654904900968 ], [ -89.690791078910948, 22.418219133507655 ], [ -89.69168721191491, 22.418110374909006 ], [ -89.692053962192517, 22.418862586214996 ], [ -89.692743531768826, 22.418556116536273 ], [ -89.693632193684337, 22.418808372208751 ], [ -89.693798955279348, 22.420509282957198 ], [ -89.695072811212626, 22.421454937529312 ], [ -89.694914371661525, 22.422466866958946 ], [ -89.693515268876624, 22.422174170536305 ], [ -89.692928503910693, 22.422910760664653 ], [ -89.691893359233077, 22.422888240035384 ], [ -89.69087827208206, 22.423349482339844 ], [ -89.691497550247661, 22.424363347098385 ], [ -89.691864966811195, 22.425296794755674 ], [ -89.692541698993608, 22.424989296088068 ], [ -89.69349797687623, 22.424463068423936 ], [ -89.694661836978867, 22.42449587004451 ], [ -89.695976537960931, 22.424299642398733 ], [ -89.697145932016454, 22.424272597339613 ], [ -89.698256506432571, 22.424180570905204 ], [ -89.698763739951076, 22.425004633613252 ], [ -89.699287578349953, 22.425649211248992 ], [ -89.699322223967741, 22.426676576856853 ], [ -89.69823376216435, 22.426529298433636 ], [ -89.696667166056955, 22.426645138391653 ], [ -89.696495672788785, 22.427471196552119 ], [ -89.697233218159994, 22.427534180556854 ], [ -89.697906192161724, 22.427921477620355 ], [ -89.697921439668363, 22.428597725025654 ], [ -89.698337676778408, 22.429611399010547 ], [ -89.69885149870619, 22.429756940694936 ], [ -89.699394866620693, 22.430330752867963 ], [ -89.70016548962812, 22.430970942914723 ], [ -89.700708868061369, 22.43154475151248 ], [ -89.701601966679746, 22.432464733177547 ], [ -89.702781122659886, 22.432501101181987 ], [ -89.703416806230479, 22.431684002782333 ], [ -89.704205966674309, 22.431226322218528 ], [ -89.705519292197977, 22.431157671365856 ], [ -89.706948949336919, 22.431850473423133 ], [ -89.707780121631004, 22.43295833357719 ], [ -89.708807270941477, 22.433966122138408 ], [ -89.710295354328181, 22.434027104226931 ], [ -89.711732269818683, 22.433968267973185 ], [ -89.71359824109858, 22.433307221526636 ], [ -89.714307795358621, 22.433711022908064 ], [ -89.71504045253468, 22.43319091809952 ], [ -89.716166573478233, 22.433801540860919 ], [ -89.717283962910145, 22.43383286570808 ], [ -89.718537385697218, 22.433065014040981 ], [ -89.719848868996692, 22.433690400243048 ], [ -89.720041117354072, 22.434978636900748 ], [ -89.719384306644329, 22.4360255480603 ], [ -89.720397175910222, 22.435686408639441 ], [ -89.72171387140493, 22.434766876895825 ], [ -89.723468091184458, 22.43472601316045 ], [ -89.725317895515957, 22.43505437085695 ], [ -89.727458264830247, 22.435044259696063 ], [ -89.728309591542029, 22.435654571332677 ], [ -89.729116767455352, 22.436743513293873 ], [ -89.728432654221649, 22.437834085446575 ], [ -89.726880621669935, 22.438493827567704 ], [ -89.724824740003911, 22.438992831165635 ], [ -89.722776281177389, 22.4387088941603 ], [ -89.722139723886229, 22.439298088829219 ], [ -89.721632992256971, 22.440067688349767 ], [ -89.721362792724278, 22.440971875468612 ], [ -89.721127862707803, 22.442168171846895 ], [ -89.720548721388383, 22.443047710514186 ], [ -89.718919303815156, 22.443888353128479 ], [ -89.719956386381824, 22.444453262908233 ], [ -89.721501077673196, 22.44457650282575 ], [ -89.721402584144045, 22.446579649426919 ], [ -89.721590102014062, 22.447076767110687 ], [ -89.721690777165819, 22.447952684502791 ], [ -89.721669354654821, 22.44874653798421 ], [ -89.72160451008213, 22.449729791204216 ], [ -89.721405074046473, 22.450485335589562 ], [ -89.720528939001568, 22.45070473541934 ], [ -89.719441749511077, 22.450401022544682 ], [ -89.718795230691001, 22.449819061354177 ], [ -89.718611001939522, 22.448631104957641 ], [ -89.717420728860759, 22.449162931501345 ], [ -89.716071550872513, 22.449730283791883 ], [ -89.714670869449634, 22.450293514320471 ], [ -89.714095328859329, 22.452031571634681 ], [ -89.713012414277628, 22.452523721499304 ], [ -89.712609011704629, 22.454082652156245 ], [ -89.712988425613617, 22.455029048604494 ], [ -89.713805049730738, 22.454612073214442 ], [ -89.714881989279363, 22.454746249450825 ], [ -89.715458824869174, 22.454117262522921 ], [ -89.715278089051424, 22.45270457026125 ], [ -89.716110815309932, 22.452674598337381 ], [ -89.716821566755655, 22.451718783240256 ], [ -89.718233963261909, 22.451590411599131 ], [ -89.718458931211728, 22.452524467475005 ], [ -89.719109333352847, 22.451660259279553 ], [ -89.719880174324999, 22.452300353702984 ], [ -89.721218984574975, 22.452407163297622 ], [ -89.722295913771859, 22.45254128772627 ], [ -89.72313594407791, 22.452994019915423 ], [ -89.722837177012366, 22.453982724108844 ], [ -89.72294593888158, 22.45505214948734 ], [ -89.722716335917269, 22.455853506396604 ], [ -89.722101290948245, 22.45633482220482 ], [ -89.721002233648605, 22.456440013569697 ], [ -89.721108301555475, 22.455291291900863 ], [ -89.720781823022875, 22.454108063044611 ], [ -89.71932232876523, 22.454184486028964 ], [ -89.719148619501595, 22.454942083301088 ], [ -89.71901064607593, 22.456178664345789 ], [ -89.718246375126498, 22.457082005269005 ], [ -89.719281651657695, 22.45815906400912 ], [ -89.719173908102775, 22.459325734063217 ], [ -89.719767873771758, 22.459915553052799 ], [ -89.72057429196802, 22.460311372564529 ], [ -89.721601445600996, 22.460423444986684 ], [ -89.722431771407372, 22.460911566241254 ], [ -89.723129752558165, 22.460726157168175 ], [ -89.723281542454956, 22.460135563631109 ], [ -89.722569868941221, 22.459415831784 ], [ -89.721639275253764, 22.459311467732679 ], [ -89.72080716411601, 22.458491713616286 ], [ -89.721345174475573, 22.457931931716253 ], [ -89.722183884926622, 22.457275595201612 ], [ -89.72308504237202, 22.457347474213684 ], [ -89.723757193470675, 22.457792837193484 ], [ -89.724509334542745, 22.458425386831859 ], [ -89.725231200355694, 22.458332279257398 ], [ -89.725948491009234, 22.457937455155314 ], [ -89.726971056438757, 22.457747777889029 ], [ -89.728006477702593, 22.457770063297051 ], [ -89.728716353827551, 22.458158142090099 ], [ -89.7295798146734, 22.458287245971249 ], [ -89.729802290455169, 22.459389836137241 ], [ -89.729473042251783, 22.460147095693717 ], [ -89.728421038541455, 22.460304308997788 ], [ -89.727553859201393, 22.460566656066156 ], [ -89.726902822616083, 22.460243533833101 ], [ -89.726098283532977, 22.459124661113567 ], [ -89.725566761057109, 22.459263086615177 ], [ -89.725673321674535, 22.460567385860443 ], [ -89.724411630639352, 22.460888661454728 ], [ -89.72413567218598, 22.461770702325762 ], [ -89.723398065804005, 22.462736466095784 ], [ -89.722917934761114, 22.463722762254051 ], [ -89.721612492484681, 22.464341879065476 ], [ -89.721078057318181, 22.465564920272787 ], [ -89.720515152419011, 22.466393933586154 ], [ -89.719880545010938, 22.466946010523767 ], [ -89.719069502762409, 22.46674027544698 ], [ -89.718421556758258, 22.46634142382544 ], [ -89.718075491284793, 22.465777407701434 ], [ -89.717518247233215, 22.46549186435178 ], [ -89.717374731146435, 22.464869272871265 ], [ -89.717988343198869, 22.464263699344823 ], [ -89.719479541776366, 22.463648583278047 ], [ -89.719596237183609, 22.462384988021707 ], [ -89.71863933221556, 22.461961487001776 ], [ -89.71755167130236, 22.462279718339477 ], [ -89.716808253058659, 22.462914710073349 ], [ -89.716049473935811, 22.463239022216467 ], [ -89.714806365812336, 22.463891987634565 ], [ -89.714334761786048, 22.464953678477176 ], [ -89.715272327734297, 22.464912786532036 ], [ -89.716253899261133, 22.465743292577418 ], [ -89.716214884816125, 22.466839508827384 ], [ -89.716294161160562, 22.468003024171708 ], [ -89.717138115330442, 22.468301806114937 ], [ -89.717994548839741, 22.467791546581282 ], [ -89.718752043981013, 22.467678404326421 ], [ -89.719212744580659, 22.468756629074033 ], [ -89.718854146970671, 22.46994306735002 ], [ -89.71862444841895, 22.471081930932055 ], [ -89.718214649575884, 22.472148565612983 ], [ -89.71892628394788, 22.471858183530227 ], [ -89.719500256409518, 22.471036082781922 ], [ -89.720972846449556, 22.471269270698979 ], [ -89.722034054637902, 22.471238196595753 ], [ -89.722623915299138, 22.470243773935739 ], [ -89.722818295033647, 22.46881279479242 ], [ -89.722645344918533, 22.46798897100058 ], [ -89.722444258302716, 22.46612143642669 ], [ -89.723590268555995, 22.465171371341249 ], [ -89.724672636460539, 22.464910533475539 ], [ -89.725894500096246, 22.464487234460258 ], [ -89.727517862681552, 22.464983109938473 ], [ -89.728014388052003, 22.465926742710906 ], [ -89.728663637242875, 22.465918231461561 ], [ -89.729784583773238, 22.467122578566716 ], [ -89.73006134634889, 22.467988416863015 ], [ -89.730724406794408, 22.467830322491611 ], [ -89.731633877984677, 22.46886712486539 ], [ -89.731669717894903, 22.469532948025535 ], [ -89.73153358015999, 22.47030560569609 ], [ -89.730786812220416, 22.470667976420039 ], [ -89.72969243533862, 22.470580748461309 ], [ -89.728613683588065, 22.470675567966893 ], [ -89.727120199635152, 22.470345560900292 ], [ -89.727153256179747, 22.471041301067018 ], [ -89.727250687629123, 22.471742173564007 ], [ -89.727267178462824, 22.472617402197596 ], [ -89.72798817545646, 22.472885826027227 ], [ -89.72880297896279, 22.473191858917339 ], [ -89.729272877069491, 22.474073093557436 ], [ -89.728946350314132, 22.474800440221593 ], [ -89.728473624548812, 22.475003837665007 ], [ -89.728626082975524, 22.475389664410876 ], [ -89.728936148485104, 22.476246105334667 ], [ -89.72845493154999, 22.476822500160591 ], [ -89.727559889141162, 22.476823474299909 ], [ -89.726575475399827, 22.476528022473417 ], [ -89.725137590813546, 22.476508304260779 ], [ -89.725360059371624, 22.477610903898292 ], [ -89.724703324950212, 22.478402320925099 ], [ -89.724651706089162, 22.479663877512436 ], [ -89.724107143627947, 22.480645047305774 ], [ -89.723498192900578, 22.481621082405884 ], [ -89.724864843148282, 22.482272488142769 ], [ -89.725881986575558, 22.483197367854395 ], [ -89.72675759988401, 22.482845284155363 ], [ -89.727754167470323, 22.483641942324983 ], [ -89.72763732173847, 22.484205194102646 ], [ -89.728046574752582, 22.484689842821648 ], [ -89.728647157048329, 22.484858254350424 ], [ -89.728715241828709, 22.484471926576017 ], [ -89.728711603453775, 22.483808665703997 ], [ -89.728275507535287, 22.483122988589557 ], [ -89.728162263219645, 22.482101424181639 ], [ -89.728362462904343, 22.481056629934315 ], [ -89.728631832641867, 22.479824485578359 ], [ -89.728780521836157, 22.478775585846641 ], [ -89.729002797562273, 22.477491471979892 ], [ -89.729828343253786, 22.47697868267722 ], [ -89.729865181177203, 22.476017300597526 ], [ -89.730163944444072, 22.475028579209901 ], [ -89.730736379119534, 22.474447395751216 ], [ -89.731772321019776, 22.473903150848191 ], [ -89.733162859462027, 22.474013961618002 ], [ -89.734360639116034, 22.47396475437473 ], [ -89.735281773216698, 22.47466494933251 ], [ -89.735596659554233, 22.475750782704083 ], [ -89.734953598506138, 22.47709780847369 ], [ -89.734225178776384, 22.478245167904021 ], [ -89.733412890561596, 22.47861438922941 ], [ -89.732385751183685, 22.479062917300201 ], [ -89.73224884750779, 22.480546700622856 ], [ -89.732697645423272, 22.481305701952511 ], [ -89.732802091556664, 22.482422990408455 ], [ -89.732319392947716, 22.483155981659426 ], [ -89.732494134382421, 22.484204069236558 ], [ -89.7327030826807, 22.484751093448832 ], [ -89.732606669287463, 22.4855148666181 ], [ -89.73255367308856, 22.48608923486227 ], [ -89.731966485145279, 22.486548713246982 ], [ -89.731566190106491, 22.486950759054558 ], [ -89.730943696666102, 22.48694936908575 ], [ -89.730730296106529, 22.4872939829736 ], [ -89.730187977569827, 22.487829355270339 ], [ -89.729627278802539, 22.488001640613913 ], [ -89.728940020347466, 22.48813972911551 ], [ -89.72804306953185, 22.488020020621846 ], [ -89.727436731888318, 22.488405633419504 ], [ -89.726561116086273, 22.488335832467765 ], [ -89.72594448459499, 22.488551862435482 ], [ -89.725577996719963, 22.48914945461733 ], [ -89.724588315164638, 22.489191089376277 ], [ -89.723666372055831, 22.488780064376773 ], [ -89.723325131851524, 22.489431900002113 ], [ -89.723647757532646, 22.490374738695273 ], [ -89.723650647416747, 22.490905348281519 ], [ -89.723286353748264, 22.491479002898782 ], [ -89.722900722258743, 22.492002739896211 ], [ -89.72198164914353, 22.492122314411297 ], [ -89.721212007891154, 22.49174752979339 ], [ -89.720224516140703, 22.49176520505441 ], [ -89.720104482034003, 22.4925029848755 ], [ -89.720145603427113, 22.493181293066662 ], [ -89.720017498132805, 22.493725563980686 ], [ -89.71972823361628, 22.494329305328474 ], [ -89.719076966192858, 22.494638981871088 ], [ -89.718241767523921, 22.494692901561034 ], [ -89.717731877191028, 22.49431471202001 ], [ -89.71779820636776, 22.493596756258686 ], [ -89.717259577839769, 22.493529679188391 ], [ -89.716525191697514, 22.493615739455084 ], [ -89.716428679259451, 22.494379502928361 ], [ -89.716160728637874, 22.49503315624051 ], [ -89.715785333611805, 22.495726453655546 ], [ -89.715188553621942, 22.495727054948542 ], [ -89.714646279238167, 22.495418594621704 ], [ -89.71431510780495, 22.495633252048258 ], [ -89.714143527762957, 22.496366917580502 ], [ -89.713757846199343, 22.496890632228009 ], [ -89.713162486135559, 22.497156530525764 ], [ -89.712510554923981, 22.496911637551502 ], [ -89.71263205815309, 22.496439167742583 ], [ -89.712470259488896, 22.495944089699737 ], [ -89.712256952788238, 22.495444899756482 ], [ -89.711559368580211, 22.495413332968223 ], [ -89.711244306841323, 22.496015003012904 ], [ -89.710513534289731, 22.496342408045251 ], [ -89.710282367958825, 22.496878448323319 ], [ -89.709978359137565, 22.497360457115892 ], [ -89.709441136105625, 22.497558657527875 ], [ -89.709085388922716, 22.497581457680031 ], [ -89.708420585885065, 22.497335519443759 ], [ -89.708316949734296, 22.496772753176629 ], [ -89.707852042271995, 22.496048548547659 ], [ -89.70735102775555, 22.495574597354473 ], [ -89.706385378841148, 22.494971362903755 ], [ -89.705796701924172, 22.494847780984202 ], [ -89.705260589403565, 22.495034001083798 ], [ -89.705548044497277, 22.49594598476299 ], [ -89.706333726720402, 22.49687662351015 ], [ -89.707243044300895, 22.497817128627396 ], [ -89.707808524442356, 22.498202774751928 ], [ -89.708105324086148, 22.498780962669251 ], [ -89.708615206371817, 22.498915119214967 ], [ -89.708934712114754, 22.498265590515921 ], [ -89.709941530305329, 22.498263992074815 ], [ -89.711884254176638, 22.498129751462617 ], [ -89.713252850477247, 22.498817571303881 ], [ -89.71390247538919, 22.500547348365433 ], [ -89.713861546236387, 22.502337741054117 ], [ -89.71384715716637, 22.503840951904053 ], [ -89.713809647300138, 22.506268079285604 ], [ -89.713002259068716, 22.507592294979883 ], [ -89.7137543244081, 22.50956168637536 ], [ -89.714458456936029, 22.513021668869669 ], [ -89.71496689663698, 22.514634396202272 ], [ -89.716591703364955, 22.515921213735822 ], [ -89.717619557873547, 22.516928960220032 ], [ -89.717481566235875, 22.518422314597323 ], [ -89.716292590603132, 22.519831837404276 ], [ -89.715635332247501, 22.520878749333061 ], [ -89.714730769821756, 22.521905931445787 ], [ -89.713631991788702, 22.522339011899746 ], [ -89.713686618550668, 22.523095553030302 ], [ -89.715080143893672, 22.52419034880397 ], [ -89.715413604057247, 22.526647076100481 ], [ -89.715745521287289, 22.527772895493904 ], [ -89.715330217160087, 22.528896971718769 ], [ -89.716121470478072, 22.529770129780736 ], [ -89.715910300120498, 22.531414185631526 ], [ -89.71622822178216, 22.531765007315173 ], [ -89.716845599667749, 22.530695789477416 ], [ -89.718030937904473, 22.530674604119842 ], [ -89.719195045960006, 22.530883158445828 ], [ -89.720466894085305, 22.531273873190681 ], [ -89.720735413386492, 22.532136494434795 ], [ -89.721494714349348, 22.53164254099325 ], [ -89.722190279828666, 22.531697994820547 ], [ -89.722597617159224, 22.532345230680527 ], [ -89.722735563171014, 22.532958936078963 ], [ -89.722775944349962, 22.533926487953437 ], [ -89.723425525246014, 22.533917998633108 ], [ -89.724070383147662, 22.533258206107476 ], [ -89.725103875126891, 22.532605278412358 ], [ -89.726094225251202, 22.532840912396651 ], [ -89.726539253811751, 22.531815615018331 ], [ -89.726099472708327, 22.531660025000068 ], [ -89.726327734234843, 22.530593344885069 ], [ -89.726452913725154, 22.529940343600018 ], [ -89.725628619818622, 22.529030859655002 ], [ -89.725061947042377, 22.528141903784967 ], [ -89.725279159985632, 22.527194886470742 ], [ -89.724975630128682, 22.526266632800649 ], [ -89.723739034456017, 22.527011852221825 ], [ -89.722872259027284, 22.527967357053512 ], [ -89.721582287280484, 22.528587764793819 ], [ -89.720274052799155, 22.528001288744179 ], [ -89.719471924251266, 22.5268524517343 ], [ -89.719887906975117, 22.52586101793808 ], [ -89.720942364776462, 22.524980765345127 ], [ -89.722037182748409, 22.525068056269962 ], [ -89.721809134616194, 22.524025271873747 ], [ -89.722333703939867, 22.522560325645451 ], [ -89.723597895915333, 22.52151596815186 ], [ -89.72420397469169, 22.521696878408914 ], [ -89.724427655981245, 22.522365632457372 ], [ -89.72519855072116, 22.523150328010413 ], [ -89.72580577873984, 22.522897374507263 ], [ -89.726107578571941, 22.522439264869082 ], [ -89.726941905188767, 22.521553485069624 ], [ -89.727637420267129, 22.52160891425239 ], [ -89.727636606125216, 22.52274193598598 ], [ -89.729104881700835, 22.523702725324277 ], [ -89.729822458061008, 22.524362606575909 ], [ -89.730367053351131, 22.525490865185034 ], [ -89.731498670515506, 22.525882372355273 ], [ -89.732775663643068, 22.526104639712187 ], [ -89.733647826679402, 22.527198706550873 ], [ -89.733327617077549, 22.528559420893043 ], [ -89.73460463891395, 22.528781673230043 ], [ -89.735809894924444, 22.529781713115767 ], [ -89.736396886126911, 22.531154403275359 ], [ -89.736994930133605, 22.532407430916429 ], [ -89.737096297135949, 22.533853389780408 ], [ -89.737981049571545, 22.533827402792109 ], [ -89.738541940869069, 22.534498869641585 ], [ -89.738003143608168, 22.535275648600091 ], [ -89.737246459158698, 22.53560113147994 ], [ -89.736376418745991, 22.534905042999362 ], [ -89.735623992064859, 22.53531178104847 ], [ -89.733931002081476, 22.536081010394724 ], [ -89.732727500352539, 22.536467318922814 ], [ -89.732059473061796, 22.537378436434079 ], [ -89.733969609557008, 22.537771658005518 ], [ -89.734324738783982, 22.539547784291596 ], [ -89.735136291619725, 22.539190520790438 ], [ -89.735713054039906, 22.539685031761195 ], [ -89.737906189025168, 22.541190113292657 ], [ -89.73895735824108, 22.541611312287738 ], [ -89.739630175198485, 22.542195250228001 ], [ -89.739588972633399, 22.543204512440568 ], [ -89.73984074008402, 22.543851364765626 ], [ -89.739985036123812, 22.544537877540741 ], [ -89.740610758332636, 22.545069845754984 ], [ -89.74092289357327, 22.54562506877938 ], [ -89.741591324281742, 22.546256863617145 ], [ -89.742439391885668, 22.547192248603782 ], [ -89.742978288547533, 22.548103025458595 ], [ -89.743917638037246, 22.548611719125368 ], [ -89.744378439218835, 22.548118006515793 ], [ -89.744424021083034, 22.547060877914426 ], [ -89.745048232070275, 22.546483734482592 ], [ -89.74547073293418, 22.545842324299528 ], [ -89.745185060947406, 22.544999921429284 ], [ -89.745031910020714, 22.544409142808206 ], [ -89.745239461786682, 22.543847063744579 ], [ -89.745700241589176, 22.543353347608353 ], [ -89.74635891257202, 22.543013970347822 ], [ -89.747319696261613, 22.543241106269566 ], [ -89.747966081588302, 22.544112198282274 ], [ -89.747908715401536, 22.544734444214185 ], [ -89.747907291317844, 22.545312923103996 ], [ -89.747798394485002, 22.545931069192061 ], [ -89.747917932320746, 22.546513117443851 ], [ -89.74853020601941, 22.547001817363594 ], [ -89.748845218958294, 22.546400065464432 ], [ -89.748658171498803, 22.545613731570974 ], [ -89.748898700137318, 22.54502411013608 ], [ -89.749737298006451, 22.545169187019329 ], [ -89.750457298196139, 22.545805041825361 ], [ -89.750713534141397, 22.54640401224567 ], [ -89.751167070849036, 22.547115103919637 ], [ -89.752202087927117, 22.547149193450267 ], [ -89.753293048061863, 22.547139507969501 ], [ -89.752489016538576, 22.545725531788648 ], [ -89.751976531565958, 22.544527597373882 ], [ -89.751421350675756, 22.543229834052397 ], [ -89.750093424794827, 22.543558168510344 ], [ -89.748688908991241, 22.543591103610495 ], [ -89.747771641631942, 22.54284311444086 ], [ -89.74732696338728, 22.54203628389271 ], [ -89.74617127722702, 22.54218542221917 ], [ -89.745287906314317, 22.541632977637562 ], [ -89.744632722802891, 22.540857604970338 ], [ -89.744754871580739, 22.54009586642556 ], [ -89.74529806254462, 22.539271198138248 ], [ -89.745312738458423, 22.53854912554506 ], [ -89.744773864482639, 22.537638358393124 ], [ -89.744458757077396, 22.536552530988011 ], [ -89.744580901929183, 22.535790793094026 ], [ -89.745175601948972, 22.534970226898533 ], [ -89.74580416723802, 22.534345216694099 ], [ -89.745836492640422, 22.533431684468482 ], [ -89.745963040760742, 22.532622081844451 ], [ -89.746033649859115, 22.531856244656247 ], [ -89.747044927395862, 22.531020602280133 ], [ -89.746806387344066, 22.530230168936377 ], [ -89.74615709561165, 22.528828461165009 ], [ -89.745291466080431, 22.528084558765105 ], [ -89.744873332976994, 22.526990534373098 ], [ -89.74497925123876, 22.525841780549317 ], [ -89.744035644742738, 22.525380959461888 ], [ -89.743501052189387, 22.524839036158937 ], [ -89.743644011325898, 22.523999744473461 ], [ -89.744225424376324, 22.523322776609543 ], [ -89.745123344817927, 22.523153153978015 ], [ -89.745877072947749, 22.523984587267183 ], [ -89.746892831801162, 22.524788648038868 ], [ -89.74758182132949, 22.525759568046865 ], [ -89.747686427124265, 22.526876855886737 ], [ -89.748256163291742, 22.527452556554142 ], [ -89.749422118634385, 22.528316763632876 ], [ -89.750165665791968, 22.529822383397594 ], [ -89.750017088962551, 22.530871313989145 ], [ -89.750177654415907, 22.531944834243632 ], [ -89.750797535483713, 22.533103101874644 ], [ -89.751543942241284, 22.533451760844862 ], [ -89.751576228071031, 22.532538227566469 ], [ -89.751604102319561, 22.531672560543051 ], [ -89.752609529336581, 22.531463224423735 ], [ -89.754041991780568, 22.532252153673461 ], [ -89.755015963011246, 22.533638403136731 ], [ -89.755488744725611, 22.535267111351619 ], [ -89.755508943273483, 22.537583072725447 ], [ -89.755222064469436, 22.539006737925483 ], [ -89.756432262859178, 22.539392241972756 ], [ -89.757487492473246, 22.53723409319997 ], [ -89.757425114516806, 22.533685282286292 ], [ -89.757212705160072, 22.530920105015216 ], [ -89.75636010488958, 22.529188885003126 ], [ -89.756092239091473, 22.528008318236168 ], [ -89.757154190198591, 22.527044054395834 ], [ -89.757591736206024, 22.525959919546882 ], [ -89.757191408611448, 22.524949634116002 ], [ -89.756574185892873, 22.524466624333343 ], [ -89.75723543168273, 22.524049091131921 ], [ -89.757843026828425, 22.523231608166917 ], [ -89.758894520369395, 22.522517541678397 ], [ -89.759937821637479, 22.522600468427328 ], [ -89.760307478534031, 22.521545000070166 ], [ -89.760587653304469, 22.52019312747716 ], [ -89.761374701593653, 22.519677094117831 ], [ -89.762338988880188, 22.519455394398719 ], [ -89.763351952197553, 22.519761898073849 ], [ -89.764137541370772, 22.520772999978195 ], [ -89.767639481399513, 22.520827852473985 ], [ -89.769788619549175, 22.520523624265614 ], [ -89.770662631272984, 22.519146578870721 ], [ -89.770441247827421, 22.516814670784363 ], [ -89.770651035100698, 22.515211303470455 ], [ -89.770737174648019, 22.51359811624928 ], [ -89.771835694919147, 22.513164630080908 ], [ -89.773238031187844, 22.51281311804064 ], [ -89.776249190651981, 22.512098442978964 ], [ -89.781123367595086, 22.509881684448523 ], [ -89.782248291933016, 22.50895751161239 ], [ -89.782606429179978, 22.507770916118872 ], [ -89.784522076137108, 22.506683425808728 ], [ -89.785825568778449, 22.505943425208713 ], [ -89.787398069751802, 22.504783233706796 ], [ -89.788381401709387, 22.504246486057351 ], [ -89.789689368325298, 22.503988602067935 ], [ -89.790248196357098, 22.504683810778076 ], [ -89.791471371901295, 22.504925439502237 ], [ -89.792143750105311, 22.505231873803488 ], [ -89.792915559949762, 22.505726991610182 ], [ -89.792782244594008, 22.506331156554392 ], [ -89.79345463387871, 22.506637585304301 ], [ -89.793788262911221, 22.507242604707208 ], [ -89.79371006943029, 22.507670335839549 ], [ -89.79253539216171, 22.507324089203948 ], [ -89.791560499870769, 22.506921351578352 ], [ -89.790682669806358, 22.50630933791567 ], [ -89.789132969209916, 22.506656545580515 ], [ -89.78939260131844, 22.507219546807384 ], [ -89.789745997791783, 22.507609179051361 ], [ -89.790550783551495, 22.507745314562261 ], [ -89.79121328375453, 22.508159451672576 ], [ -89.791703307077967, 22.507909015761967 ], [ -89.792449678739686, 22.508257475246243 ], [ -89.79204589688959, 22.508840198103535 ], [ -89.792188708777346, 22.509827862119476 ], [ -89.792837811455072, 22.510006445195135 ], [ -89.7936781607185, 22.510237638554269 ], [ -89.794665902172724, 22.512196293375379 ], [ -89.795490696994975, 22.515082206874247 ], [ -89.794705848730061, 22.518113833611768 ], [ -89.794423216410578, 22.519778939073689 ], [ -89.793592392141832, 22.521762204013569 ], [ -89.792997176348123, 22.524005215786808 ], [ -89.793399442343812, 22.526688900996742 ], [ -89.795642420206093, 22.528690709480379 ], [ -89.794515348027872, 22.531638908414184 ], [ -89.7941238965129, 22.534738711708648 ], [ -89.792861448901448, 22.536931974972088 ], [ -89.791541786575735, 22.538539871738521 ], [ -89.789359682404694, 22.537715989223614 ], [ -89.788501004551364, 22.538588098869763 ], [ -89.788605667925566, 22.5408383863282 ], [ -89.787727172205265, 22.541925890276669 ], [ -89.786488582913776, 22.542695547089796 ], [ -89.786756287707036, 22.54401857747013 ], [ -89.786237842236375, 22.545423914672952 ], [ -89.78513119500272, 22.544757577892653 ], [ -89.784078253759304, 22.546048198947229 ], [ -89.783202474468709, 22.54879931772652 ], [ -89.782173973066804, 22.55067045004915 ], [ -89.782883739269906, 22.5531133937771 ], [ -89.78154791278196, 22.554092279304882 ], [ -89.78002221934554, 22.555172632593411 ], [ -89.777948578007823, 22.555976415334026 ], [ -89.77733093254399, 22.558458710490292 ], [ -89.77452427905213, 22.560188707593802 ], [ -89.772552039257491, 22.560466108164547 ], [ -89.771003971449986, 22.561211098182017 ], [ -89.768753533429887, 22.561972630005005 ], [ -89.766884999277238, 22.561968902408527 ], [ -89.764128478509349, 22.561460678513466 ], [ -89.764890326223039, 22.560797955738877 ], [ -89.764706717833107, 22.559409225327343 ], [ -89.761638999528842, 22.559744118488823 ], [ -89.759312638679035, 22.560629665344369 ], [ -89.757897186896244, 22.562469925222608 ], [ -89.755275727753201, 22.564377501370085 ], [ -89.752551608613445, 22.565382931597576 ], [ -89.748721989863981, 22.567675140951639 ], [ -89.746795611448604, 22.570729659751372 ], [ -89.745601631883275, 22.574758919089845 ], [ -89.743866339702109, 22.577523117833781 ], [ -89.74485598154925, 22.580623064971856 ], [ -89.7465526717194, 22.582469701625918 ], [ -89.749249977865688, 22.5836244231783 ], [ -89.751079097748459, 22.584059153832719 ], [ -89.751037265036501, 22.585357667502027 ], [ -89.748565843573473, 22.585951489135077 ], [ -89.745730860614543, 22.585726028339824 ], [ -89.742984206565325, 22.584543212068493 ], [ -89.740259684559177, 22.583121020549889 ], [ -89.736246641993347, 22.581596214638456 ], [ -89.733006826792817, 22.580132866685531 ], [ -89.729207459035976, 22.579107046395773 ], [ -89.725653851702504, 22.57858287856466 ], [ -89.720863306386633, 22.577749093762755 ], [ -89.716408778633593, 22.576791268256756 ], [ -89.711848587582367, 22.575222165178026 ], [ -89.707569108363984, 22.574127356313475 ], [ -89.70189554974462, 22.572318420007537 ], [ -89.697588548114979, 22.571522484787714 ], [ -89.693700682284501, 22.569705144668262 ], [ -89.689665728967483, 22.567725263502918 ], [ -89.685469847217234, 22.565732403107049 ], [ -89.681596182195563, 22.563765186914573 ], [ -89.676972904288363, 22.56113516982106 ], [ -89.674696017699162, 22.55944618008926 ], [ -89.670661658613938, 22.557465805961915 ], [ -89.667985096153075, 22.554840618403635 ], [ -89.66548355349569, 22.552078711077968 ] ] ] ] } }
]
}